review_id,employee_id,review_date,rating,kpi_score,performance_level,reviewer,comments
REV00001,EMP0001,2024-02-15,4,87,Exceeds Expectations,HR Department,Score section would still live even.
REV00002,EMP0001,2025-02-15,4,82,Exceeds Expectations,HR Department,Why east your push street group.
REV00003,EMP0002,2022-07-05,5,91,Outstanding,Department Manager,Spring seem college nor with.
REV00004,EMP0002,2023-07-05,1,50,Poor,HR Department,Rather and shoulder suffer action staff idea.
REV00005,EMP0002,2024-07-05,3,72,Meets Expectations,Department Manager,Magazine nation impact their writer.
REV00006,EMP0002,2025-07-05,2,69,Needs Improvement,Department Manager,Study we term cold until.
REV00007,EMP0003,2013-01-27,5,94,Outstanding,Department Manager,Military likely make contain.
REV00008,EMP0003,2014-01-27,5,97,Outstanding,Department Manager,Help make floor lead special reveal.
REV00009,EMP0004,2022-11-21,2,61,Needs Improvement,HR Department,Ready lay policy beyond consumer dark.
REV00010,EMP0004,2023-11-21,1,42,Poor,HR Department,Experience state type reality operation chair drop.
REV00011,EMP0004,2024-11-21,1,57,Poor,HR Department,Speak we too dinner media.
REV00012,EMP0005,2018-02-11,4,81,Exceeds Expectations,Team Lead,Shoulder social well card local determine.
REV00013,EMP0005,2019-02-11,3,71,Meets Expectations,HR Department,Camera perhaps meeting special.
REV00014,EMP0005,2020-02-11,4,83,Exceeds Expectations,HR Department,Behind to leg car his forward almost.
REV00015,EMP0005,2021-02-11,4,85,Exceeds Expectations,Team Lead,Politics draw oil rise election choice write save.
REV00016,EMP0006,2019-11-03,4,80,Exceeds Expectations,HR Department,Beyond himself middle western six idea.
REV00017,EMP0006,2020-11-03,3,75,Meets Expectations,Department Manager,Own nothing site call seek power white.
REV00018,EMP0006,2021-11-03,5,99,Outstanding,HR Department,Republican couple that.
REV00019,EMP0006,2022-11-03,4,81,Exceeds Expectations,HR Department,Political special source decade.
REV00020,EMP0007,2014-11-26,3,73,Meets Expectations,Department Manager,Ahead well enjoy help create standard.
REV00021,EMP0007,2015-11-26,5,99,Outstanding,Team Lead,Relationship people possible fear.
REV00022,EMP0008,2018-04-25,3,73,Meets Expectations,HR Department,Move character campaign focus draw week according power.
REV00023,EMP0008,2019-04-25,4,82,Exceeds Expectations,Team Lead,Cold suggest business everybody care.
REV00024,EMP0008,2020-04-25,4,84,Exceeds Expectations,HR Department,Claim court responsibility.
REV00025,EMP0008,2021-04-25,4,83,Exceeds Expectations,Team Lead,Recognize writer pressure bar long.
REV00026,EMP0009,2019-06-13,4,85,Exceeds Expectations,HR Department,Although actually design soldier south.
REV00027,EMP0009,2020-06-13,2,61,Needs Improvement,HR Department,Well as state visit western let clearly game.
REV00028,EMP0010,2026-11-09,5,99,Outstanding,HR Department,Address decide forward technology growth.
REV00029,EMP0010,2027-11-09,3,71,Meets Expectations,Department Manager,Born support probably machine.
REV00030,EMP0011,2024-06-23,4,84,Exceeds Expectations,Team Lead,Interview art second.
REV00031,EMP0011,2025-06-23,5,91,Outstanding,HR Department,Difference event performance wife wide apply.
REV00032,EMP0011,2026-06-23,5,96,Outstanding,Department Manager,Down book show wonder address recent.
REV00033,EMP0012,2020-05-19,3,75,Meets Expectations,Team Lead,Strategy modern grow finish.
REV00034,EMP0012,2021-05-19,3,75,Meets Expectations,Department Manager,Of close interview policy deal sense grow.
REV00035,EMP0012,2022-05-19,2,67,Needs Improvement,Department Manager,Trial front out so again budget.
REV00036,EMP0013,2016-08-05,1,47,Poor,Department Manager,Movie day especially each house industry media.
REV00037,EMP0013,2017-08-05,5,96,Outstanding,Department Manager,Site subject end.
REV00038,EMP0013,2018-08-05,2,66,Needs Improvement,Department Manager,Section kitchen vote end relationship leader five.
REV00039,EMP0014,2016-12-20,3,74,Meets Expectations,Team Lead,Letter enjoy make six.
REV00040,EMP0014,2017-12-20,2,62,Needs Improvement,Department Manager,Only hair today particularly present him experience far.
REV00041,EMP0015,2014-11-26,3,70,Meets Expectations,Team Lead,Sometimes black purpose meeting early however friend research.
REV00042,EMP0015,2015-11-26,2,60,Needs Improvement,Department Manager,Respond go do quality also take teacher.
REV00043,EMP0015,2016-11-26,3,70,Meets Expectations,Department Manager,Everything per child second read morning believe.
REV00044,EMP0015,2017-11-26,3,71,Meets Expectations,Department Manager,Majority blood eat several employee again board.
REV00045,EMP0016,2013-09-26,4,81,Exceeds Expectations,HR Department,None hit position past mind international dark fact.
REV00046,EMP0016,2014-09-26,5,90,Outstanding,HR Department,Early agency skin before.
REV00047,EMP0017,2025-04-26,3,72,Meets Expectations,Department Manager,Together country take sister.
REV00048,EMP0017,2026-04-26,4,87,Exceeds Expectations,Department Manager,Decade huge former method collection.
REV00049,EMP0017,2027-04-26,3,73,Meets Expectations,HR Department,Account base trouble fire future business.
REV00050,EMP0017,2028-04-26,5,93,Outstanding,HR Department,Notice receive success heart drop tough.
REV00051,EMP0018,2022-02-03,5,94,Outstanding,Department Manager,Along according long weight rise.
REV00052,EMP0018,2023-02-03,3,77,Meets Expectations,HR Department,Catch rule level over wonder method.
REV00053,EMP0018,2024-02-03,4,89,Exceeds Expectations,HR Department,Maintain mean join study.
REV00054,EMP0018,2025-02-03,4,81,Exceeds Expectations,HR Department,Painting hand budget popular.
REV00055,EMP0019,2026-02-06,3,71,Meets Expectations,Department Manager,Wrong over similar provide.
REV00056,EMP0019,2027-02-06,5,98,Outstanding,HR Department,Subject movement political your.
REV00057,EMP0019,2028-02-06,4,89,Exceeds Expectations,Team Lead,Training such seek also sure now finish daughter.
REV00058,EMP0019,2029-02-06,4,87,Exceeds Expectations,Department Manager,Develop could relationship account day.
REV00059,EMP0020,2014-02-09,3,76,Meets Expectations,Department Manager,Short sell remain but prove likely some.
REV00060,EMP0020,2015-02-09,4,83,Exceeds Expectations,Team Lead,Campaign allow minute simply style.
REV00061,EMP0020,2016-02-09,5,90,Outstanding,Team Lead,Reality have speech too.
REV00062,EMP0021,2023-08-27,4,88,Exceeds Expectations,Department Manager,Peace challenge season go.
REV00063,EMP0021,2024-08-27,5,96,Outstanding,HR Department,Television hotel late strategy door what continue listen.
REV00064,EMP0021,2025-08-27,3,71,Meets Expectations,HR Department,Program one choose.
REV00065,EMP0021,2026-08-27,4,87,Exceeds Expectations,HR Department,Responsibility sea of require answer help join.
REV00066,EMP0022,2018-04-23,4,83,Exceeds Expectations,Department Manager,Old expert push try catch mention difficult.
REV00067,EMP0022,2019-04-23,2,64,Needs Improvement,HR Department,Human establish mouth pay again market.
REV00068,EMP0022,2020-04-23,2,69,Needs Improvement,HR Department,Sort remember run man book.
REV00069,EMP0022,2021-04-23,1,59,Poor,Team Lead,Close stand upon after fund.
REV00070,EMP0023,2021-06-18,3,71,Meets Expectations,Team Lead,My either everybody open finally.
REV00071,EMP0023,2022-06-18,4,89,Exceeds Expectations,HR Department,Yourself standard need our star take all.
REV00072,EMP0024,2025-04-22,3,79,Meets Expectations,HR Department,Interview easy read physical.
REV00073,EMP0024,2026-04-22,3,76,Meets Expectations,Department Manager,New behavior number thing out form beat production.
REV00074,EMP0024,2027-04-22,5,96,Outstanding,HR Department,Job read environment beat discuss size because.
REV00075,EMP0024,2028-04-22,4,85,Exceeds Expectations,Team Lead,Election create change control rise.
REV00076,EMP0025,2017-12-18,3,73,Meets Expectations,Department Manager,Card high school cover agree house government somebody.
REV00077,EMP0025,2018-12-18,4,80,Exceeds Expectations,HR Department,Car behavior site firm.
REV00078,EMP0026,2018-03-07,3,72,Meets Expectations,Team Lead,Manage might recently clear matter.
REV00079,EMP0026,2019-03-07,5,99,Outstanding,Team Lead,Least even discuss agency born.
REV00080,EMP0026,2020-03-07,3,75,Meets Expectations,HR Department,Standard discover vote best may.
REV00081,EMP0026,2021-03-07,4,85,Exceeds Expectations,Team Lead,Individual ago just television.
REV00082,EMP0027,2024-11-29,4,80,Exceeds Expectations,Department Manager,Go each health list.
REV00083,EMP0027,2025-11-29,3,74,Meets Expectations,Team Lead,Girl glass cell then very.
REV00084,EMP0027,2026-11-29,5,93,Outstanding,Department Manager,General top although dream.
REV00085,EMP0027,2027-11-29,4,82,Exceeds Expectations,Department Manager,Low sign usually.
REV00086,EMP0028,2024-06-15,3,78,Meets Expectations,HR Department,Data city take certainly resource.
REV00087,EMP0028,2025-06-15,4,85,Exceeds Expectations,Team Lead,Over great nothing as guess carry rich.
REV00088,EMP0028,2026-06-15,3,77,Meets Expectations,Team Lead,Black energy will appear.
REV00089,EMP0029,2019-04-11,5,90,Outstanding,Department Manager,Social serious receive.
REV00090,EMP0029,2020-04-11,5,95,Outstanding,Department Manager,Shoulder win or toward end area skin trip.
REV00091,EMP0030,2016-12-19,1,49,Poor,HR Department,Work with receive anyone leg.
REV00092,EMP0030,2017-12-19,5,95,Outstanding,Team Lead,Free bag whom director middle certainly account.
REV00093,EMP0030,2018-12-19,3,79,Meets Expectations,Department Manager,Positive old board life different cost court week.
REV00094,EMP0030,2019-12-19,4,86,Exceeds Expectations,Department Manager,Method how identify understand few represent.
REV00095,EMP0031,2023-09-30,3,71,Meets Expectations,Department Manager,Back resource even marriage likely work.
REV00096,EMP0031,2024-09-30,4,88,Exceeds Expectations,Team Lead,Least article crime new foot.
REV00097,EMP0031,2025-09-30,4,82,Exceeds Expectations,Department Manager,Social central treat beyond draw blood idea.
REV00098,EMP0032,2013-04-23,4,81,Exceeds Expectations,Team Lead,Guess car long blue cold.
REV00099,EMP0032,2014-04-23,4,81,Exceeds Expectations,Team Lead,Thus improve human couple newspaper.
REV00100,EMP0032,2015-04-23,2,63,Needs Improvement,Department Manager,Chair really cell.
REV00101,EMP0032,2016-04-23,3,70,Meets Expectations,HR Department,Relationship piece seem story opportunity hour according class.
REV00102,EMP0033,2021-05-05,3,75,Meets Expectations,HR Department,Right just site again.
REV00103,EMP0033,2022-05-05,4,84,Exceeds Expectations,HR Department,Policy up memory might.
REV00104,EMP0033,2023-05-05,3,72,Meets Expectations,Team Lead,Protect hundred sort professor early care onto.
REV00105,EMP0033,2024-05-05,5,95,Outstanding,HR Department,Opportunity citizen issue institution suddenly.
REV00106,EMP0034,2025-10-28,4,86,Exceeds Expectations,Department Manager,Both along run understand near oil similar.
REV00107,EMP0034,2026-10-28,4,89,Exceeds Expectations,Team Lead,Coach we view might middle investment people.
REV00108,EMP0034,2027-10-28,5,95,Outstanding,Team Lead,Question total world campaign.
REV00109,EMP0034,2028-10-28,5,98,Outstanding,Team Lead,Choice system strong tonight pass.
REV00110,EMP0035,2023-08-02,4,87,Exceeds Expectations,Department Manager,Sport meeting evidence.
REV00111,EMP0035,2024-08-02,4,83,Exceeds Expectations,Team Lead,Worker number later term meeting million unit.
REV00112,EMP0036,2023-09-13,2,60,Needs Improvement,Team Lead,Interesting when trouble under try wish short near.
REV00113,EMP0036,2024-09-13,5,95,Outstanding,Department Manager,Article read list same wish development.
REV00114,EMP0037,2016-09-13,5,90,Outstanding,HR Department,Sign present public know air.
REV00115,EMP0037,2017-09-13,3,70,Meets Expectations,HR Department,Skin certainly which smile.
REV00116,EMP0038,2021-07-09,4,87,Exceeds Expectations,Department Manager,Official small friend wife.
REV00117,EMP0038,2022-07-09,3,76,Meets Expectations,Department Manager,Speech pretty spring open while.
REV00118,EMP0038,2023-07-09,4,86,Exceeds Expectations,Department Manager,Perform official role fire walk man.
REV00119,EMP0038,2024-07-09,4,83,Exceeds Expectations,HR Department,Ready likely expect minute put program.
REV00120,EMP0039,2019-02-07,5,98,Outstanding,Department Manager,Could the analysis officer peace.
REV00121,EMP0039,2020-02-07,5,90,Outstanding,Department Manager,Production cup often student foreign for rest two.
REV00122,EMP0040,2013-09-27,3,75,Meets Expectations,Team Lead,Issue develop include manager accept.
REV00123,EMP0040,2014-09-27,3,76,Meets Expectations,HR Department,Within both almost you somebody.
REV00124,EMP0041,2026-02-21,3,71,Meets Expectations,Team Lead,Public year letter smile.
REV00125,EMP0041,2027-02-21,1,46,Poor,Department Manager,Program window decide often.
REV00126,EMP0041,2028-02-21,4,82,Exceeds Expectations,HR Department,Draw many upon happen maintain election oil different.
REV00127,EMP0042,2026-10-29,1,44,Poor,HR Department,Success research evening.
REV00128,EMP0042,2027-10-29,4,89,Exceeds Expectations,Team Lead,Space claim hand old relationship send social.
REV00129,EMP0042,2028-10-29,2,66,Needs Improvement,Team Lead,Street part outside.
REV00130,EMP0043,2017-12-27,4,85,Exceeds Expectations,Department Manager,May of fund name factor goal.
REV00131,EMP0043,2018-12-27,4,86,Exceeds Expectations,HR Department,Management agent nice writer born commercial short.
REV00132,EMP0043,2019-12-27,3,78,Meets Expectations,Team Lead,Ago system now fact.
REV00133,EMP0043,2020-12-27,3,78,Meets Expectations,Department Manager,Community determine network onto.
REV00134,EMP0044,2021-07-01,4,86,Exceeds Expectations,Department Manager,Easy however home number traditional modern.
REV00135,EMP0044,2022-07-01,5,99,Outstanding,HR Department,Bad anything fine while seem hand.
REV00136,EMP0045,2024-06-11,3,73,Meets Expectations,Team Lead,Song little prove heavy study push rise share.
REV00137,EMP0045,2025-06-11,3,78,Meets Expectations,Team Lead,Edge later as where speech coach simple.
REV00138,EMP0046,2023-01-29,4,87,Exceeds Expectations,HR Department,Collection later fly rich of art range.
REV00139,EMP0046,2024-01-29,3,70,Meets Expectations,HR Department,Television town measure role civil move TV.
REV00140,EMP0046,2025-01-29,5,97,Outstanding,Department Manager,Administration range describe every several wish enter cell.
REV00141,EMP0046,2026-01-29,4,80,Exceeds Expectations,HR Department,Know matter defense type meeting base.
REV00142,EMP0047,2023-09-11,4,83,Exceeds Expectations,Department Manager,Soon not beyond general others trip space nearly.
REV00143,EMP0047,2024-09-11,4,85,Exceeds Expectations,HR Department,Win enter forward perhaps.
REV00144,EMP0047,2025-09-11,4,88,Exceeds Expectations,HR Department,Add foot board hit better.
REV00145,EMP0048,2023-09-01,4,80,Exceeds Expectations,Team Lead,Conference grow remain culture agreement choice.
REV00146,EMP0048,2024-09-01,3,79,Meets Expectations,HR Department,Owner mention stay prevent.
REV00147,EMP0048,2025-09-01,4,85,Exceeds Expectations,Team Lead,Box around specific along.
REV00148,EMP0048,2026-09-01,3,75,Meets Expectations,HR Department,Floor thousand city through.
REV00149,EMP0049,2016-04-18,4,82,Exceeds Expectations,Department Manager,Specific consumer tax.
REV00150,EMP0049,2017-04-18,4,83,Exceeds Expectations,Team Lead,Too nor point phone fire.
REV00151,EMP0050,2018-05-17,4,82,Exceeds Expectations,HR Department,Say adult sister his account.
REV00152,EMP0050,2019-05-17,3,76,Meets Expectations,Department Manager,Bill reduce cut size policy start radio.
REV00153,EMP0050,2020-05-17,1,40,Poor,HR Department,Scientist sister child work could some.
REV00154,EMP0051,2019-08-29,5,93,Outstanding,HR Department,Side argue report call collection impact.
REV00155,EMP0051,2020-08-29,4,87,Exceeds Expectations,Department Manager,Remain they receive determine myself.
REV00156,EMP0052,2013-12-04,5,96,Outstanding,HR Department,American identify million line large simple time.
REV00157,EMP0052,2014-12-04,5,94,Outstanding,Team Lead,Control pay when toward PM bank increase.
REV00158,EMP0052,2015-12-04,3,73,Meets Expectations,Team Lead,Necessary weight citizen tonight.
REV00159,EMP0053,2025-05-01,4,81,Exceeds Expectations,Team Lead,Might expert visit owner fight military American.
REV00160,EMP0053,2026-05-01,3,76,Meets Expectations,Department Manager,Election see last participant sport wrong strong.
REV00161,EMP0053,2027-05-01,3,71,Meets Expectations,Team Lead,Bill commercial effect pressure person remember.
REV00162,EMP0053,2028-05-01,1,45,Poor,Department Manager,Seem especially position church.
REV00163,EMP0054,2024-04-18,1,49,Poor,Department Manager,Structure treatment none likely.
REV00164,EMP0054,2025-04-18,4,82,Exceeds Expectations,Department Manager,Throughout stop reason charge big.
REV00165,EMP0054,2026-04-18,3,79,Meets Expectations,Department Manager,Character sing alone true.
REV00166,EMP0054,2027-04-18,5,91,Outstanding,Department Manager,Impact weight whole give appear.
REV00167,EMP0055,2026-03-16,4,82,Exceeds Expectations,HR Department,Wide model focus blue today theory.
REV00168,EMP0055,2027-03-16,3,72,Meets Expectations,Department Manager,Artist current under camera.
REV00169,EMP0055,2028-03-16,2,65,Needs Improvement,HR Department,Technology sense painting decision probably hear challenge gun.
REV00170,EMP0056,2018-05-02,1,54,Poor,Team Lead,Especially address whom pass trade Mrs source.
REV00171,EMP0056,2019-05-02,4,84,Exceeds Expectations,HR Department,Maybe morning program key want.
REV00172,EMP0056,2020-05-02,2,67,Needs Improvement,HR Department,Case traditional wonder quickly support everybody young sea.
REV00173,EMP0057,2018-12-06,4,81,Exceeds Expectations,Team Lead,Base look culture board.
REV00174,EMP0057,2019-12-06,5,94,Outstanding,HR Department,Home return across myself financial view paper.
REV00175,EMP0057,2020-12-06,4,89,Exceeds Expectations,Department Manager,Threat field mother rule million wrong.
REV00176,EMP0057,2021-12-06,5,96,Outstanding,Department Manager,Million whatever glass foreign range win design.
REV00177,EMP0058,2025-06-22,3,78,Meets Expectations,Department Manager,Difference change where better.
REV00178,EMP0058,2026-06-22,2,67,Needs Improvement,Department Manager,Specific company daughter seek.
REV00179,EMP0058,2027-06-22,4,87,Exceeds Expectations,HR Department,Affect military image rise school particularly.
REV00180,EMP0059,2022-10-03,3,70,Meets Expectations,Department Manager,Her apply magazine film.
REV00181,EMP0059,2023-10-03,3,77,Meets Expectations,Team Lead,Difference bring dark may.
REV00182,EMP0059,2024-10-03,5,95,Outstanding,HR Department,If college catch least.
REV00183,EMP0060,2014-12-28,4,81,Exceeds Expectations,HR Department,Night difference notice mind manager push house.
REV00184,EMP0060,2015-12-28,4,81,Exceeds Expectations,Team Lead,Always stuff ask course relate power entire.
REV00185,EMP0060,2016-12-28,4,88,Exceeds Expectations,Team Lead,Usually conference year moment case rate.
REV00186,EMP0061,2022-03-19,3,75,Meets Expectations,Department Manager,Produce sense newspaper usually.
REV00187,EMP0061,2023-03-19,3,71,Meets Expectations,Department Manager,Become city strategy will kid rock remain.
REV00188,EMP0061,2024-03-19,3,79,Meets Expectations,Department Manager,Already walk fall economic enough.
REV00189,EMP0061,2025-03-19,3,77,Meets Expectations,Department Manager,American character together lawyer game.
REV00190,EMP0062,2013-04-08,1,44,Poor,Team Lead,Carry establish government develop.
REV00191,EMP0062,2014-04-08,3,73,Meets Expectations,HR Department,Man level work number however instead will.
REV00192,EMP0062,2015-04-08,3,70,Meets Expectations,HR Department,Reduce allow city.
REV00193,EMP0062,2016-04-08,4,85,Exceeds Expectations,HR Department,Stage specific defense institution particularly include cultural.
REV00194,EMP0063,2013-10-07,2,64,Needs Improvement,Team Lead,Remain cover establish site act exactly.
REV00195,EMP0063,2014-10-07,4,86,Exceeds Expectations,Department Manager,Like long her old west sister.
REV00196,EMP0063,2015-10-07,5,94,Outstanding,HR Department,Today eat near public well early.
REV00197,EMP0063,2016-10-07,4,85,Exceeds Expectations,Team Lead,Record rule from work air.
REV00198,EMP0064,2026-08-01,4,89,Exceeds Expectations,Team Lead,Deal while according there.
REV00199,EMP0064,2027-08-01,3,78,Meets Expectations,Department Manager,Child career include speech large business.
REV00200,EMP0064,2028-08-01,3,79,Meets Expectations,HR Department,Right everything yard movement discover author officer thought.
REV00201,EMP0065,2023-09-01,4,80,Exceeds Expectations,HR Department,Bar store far point.
REV00202,EMP0065,2024-09-01,4,86,Exceeds Expectations,Team Lead,Hope yeah rock section.
REV00203,EMP0065,2025-09-01,4,83,Exceeds Expectations,Department Manager,Of improve stand tree.
REV00204,EMP0066,2017-02-22,4,88,Exceeds Expectations,Department Manager,Ground watch great scientist determine.
REV00205,EMP0066,2018-02-22,5,100,Outstanding,Team Lead,Perhaps owner fight thing recently.
REV00206,EMP0067,2013-06-13,2,69,Needs Improvement,Department Manager,These other describe idea popular above.
REV00207,EMP0067,2014-06-13,4,88,Exceeds Expectations,HR Department,Which there build present perform debate.
REV00208,EMP0068,2020-07-16,3,74,Meets Expectations,Department Manager,Determine side mouth amount lose.
REV00209,EMP0068,2021-07-16,5,97,Outstanding,HR Department,Material including gun white nor.
REV00210,EMP0068,2022-07-16,3,77,Meets Expectations,Team Lead,Order indeed exist goal hand child concern if.
REV00211,EMP0069,2023-11-25,5,100,Outstanding,Team Lead,Imagine clear body deep.
REV00212,EMP0069,2024-11-25,4,86,Exceeds Expectations,Department Manager,Station argue bar ever answer reveal.
REV00213,EMP0069,2025-11-25,4,81,Exceeds Expectations,HR Department,Tree surface ground next occur none.
REV00214,EMP0070,2015-07-15,4,88,Exceeds Expectations,HR Department,Today nice important point many.
REV00215,EMP0070,2016-07-15,3,71,Meets Expectations,Team Lead,Because enter blood role since reach.
REV00216,EMP0071,2019-11-18,2,61,Needs Improvement,Team Lead,Number issue record activity pick.
REV00217,EMP0071,2020-11-18,3,78,Meets Expectations,Department Manager,Every poor of interesting worker western right.
REV00218,EMP0071,2021-11-18,3,73,Meets Expectations,Department Manager,Yes whatever cell drop.
REV00219,EMP0071,2022-11-18,5,97,Outstanding,Department Manager,Activity star admit quickly compare describe.
REV00220,EMP0072,2019-01-04,2,65,Needs Improvement,Department Manager,Benefit whatever table may voice.
REV00221,EMP0072,2020-01-04,4,80,Exceeds Expectations,Department Manager,Memory report father moment campaign.
REV00222,EMP0072,2021-01-04,3,74,Meets Expectations,HR Department,Feel generation American treatment.
REV00223,EMP0072,2022-01-04,3,71,Meets Expectations,HR Department,Wind couple identify find Democrat.
REV00224,EMP0073,2019-10-23,3,71,Meets Expectations,HR Department,Avoid story court what recently star.
REV00225,EMP0073,2020-10-23,5,90,Outstanding,Team Lead,Really crime tend among.
REV00226,EMP0073,2021-10-23,4,87,Exceeds Expectations,Team Lead,Personal north no amount stock themselves meeting.
REV00227,EMP0073,2022-10-23,3,74,Meets Expectations,Team Lead,Organization current vote us life air.
REV00228,EMP0074,2016-06-03,3,72,Meets Expectations,HR Department,Body change positive speak traditional.
REV00229,EMP0074,2017-06-03,4,88,Exceeds Expectations,Team Lead,Seem certain rather.
REV00230,EMP0074,2018-06-03,2,67,Needs Improvement,Department Manager,Church trouble foreign might teach whether.
REV00231,EMP0074,2019-06-03,5,94,Outstanding,Team Lead,Head six sure rock.
REV00232,EMP0075,2014-08-19,5,99,Outstanding,HR Department,Modern something wonder gun happy democratic.
REV00233,EMP0075,2015-08-19,3,71,Meets Expectations,HR Department,Quite thought citizen perform.
REV00234,EMP0075,2016-08-19,5,91,Outstanding,Department Manager,Many chair great clear recognize occur.
REV00235,EMP0075,2017-08-19,3,76,Meets Expectations,Team Lead,None administration their middle should happen outside technology.
REV00236,EMP0076,2019-03-25,3,73,Meets Expectations,HR Department,Nice professional bit.
REV00237,EMP0076,2020-03-25,4,84,Exceeds Expectations,Team Lead,Degree degree history.
REV00238,EMP0076,2021-03-25,3,76,Meets Expectations,HR Department,Their affect draw perform.
REV00239,EMP0076,2022-03-25,5,91,Outstanding,HR Department,Recognize reason girl.
REV00240,EMP0077,2027-01-11,3,79,Meets Expectations,HR Department,About board fly maybe.
REV00241,EMP0077,2028-01-11,3,74,Meets Expectations,Team Lead,Style section product particularly front daughter good.
REV00242,EMP0077,2029-01-11,4,85,Exceeds Expectations,Department Manager,Again war must tough explain right.
REV00243,EMP0078,2012-11-18,1,54,Poor,Department Manager,Media task production fire respond science its source.
REV00244,EMP0078,2013-11-18,4,84,Exceeds Expectations,Department Manager,Project possible call mind free any.
REV00245,EMP0078,2014-11-18,4,80,Exceeds Expectations,HR Department,Fish win color new daughter road.
REV00246,EMP0079,2014-10-31,4,85,Exceeds Expectations,Team Lead,Boy almost clearly student certain.
REV00247,EMP0079,2015-10-31,5,94,Outstanding,Team Lead,Make before through short.
REV00248,EMP0079,2016-10-31,4,84,Exceeds Expectations,Department Manager,By tough our father fill talk.
REV00249,EMP0080,2017-08-01,5,99,Outstanding,Department Manager,Series address either he social.
REV00250,EMP0080,2018-08-01,3,73,Meets Expectations,Department Manager,Cause smile drive break language participant security.
REV00251,EMP0080,2019-08-01,4,87,Exceeds Expectations,Team Lead,Just scene age.
REV00252,EMP0080,2020-08-01,3,79,Meets Expectations,Team Lead,Themselves fact prepare interview consumer.
REV00253,EMP0081,2025-10-20,4,83,Exceeds Expectations,HR Department,Space serve scientist reason bed part.
REV00254,EMP0081,2026-10-20,5,92,Outstanding,HR Department,Event every data cultural which which shoulder.
REV00255,EMP0082,2019-08-18,4,85,Exceeds Expectations,Department Manager,Occur executive himself commercial.
REV00256,EMP0082,2020-08-18,4,86,Exceeds Expectations,Department Manager,Cut Democrat drug send prepare.
REV00257,EMP0082,2021-08-18,3,77,Meets Expectations,HR Department,President possible rock political discover.
REV00258,EMP0082,2022-08-18,3,72,Meets Expectations,Department Manager,Best laugh focus board.
REV00259,EMP0083,2027-03-12,3,74,Meets Expectations,Department Manager,Relate enjoy wear society.
REV00260,EMP0083,2028-03-12,2,62,Needs Improvement,Team Lead,Special follow loss and relationship.
REV00261,EMP0084,2026-05-24,4,84,Exceeds Expectations,HR Department,Thing various agent heart.
REV00262,EMP0084,2027-05-24,4,81,Exceeds Expectations,Department Manager,Necessary type interesting we.
REV00263,EMP0084,2028-05-24,2,67,Needs Improvement,Team Lead,Involve approach drive wide simply season the.
REV00264,EMP0084,2029-05-24,4,84,Exceeds Expectations,Department Manager,Claim hard wonder size life must civil.
REV00265,EMP0085,2015-12-04,4,83,Exceeds Expectations,Department Manager,Start success live into western spend.
REV00266,EMP0085,2016-12-04,3,74,Meets Expectations,Team Lead,Audience may nearly movement everyone.
REV00267,EMP0086,2024-09-29,3,77,Meets Expectations,Team Lead,Will position floor hour add.
REV00268,EMP0086,2025-09-29,3,72,Meets Expectations,Team Lead,Before the heart whom.
REV00269,EMP0087,2018-05-22,3,79,Meets Expectations,Team Lead,Our people office try amount central within.
REV00270,EMP0087,2019-05-22,4,87,Exceeds Expectations,Team Lead,Page account later.
REV00271,EMP0087,2020-05-22,3,71,Meets Expectations,Team Lead,Above site production blue know.
REV00272,EMP0088,2018-04-27,5,98,Outstanding,Team Lead,Lot without success my.
REV00273,EMP0088,2019-04-27,3,77,Meets Expectations,Department Manager,Order action pretty produce.
REV00274,EMP0089,2015-06-19,1,42,Poor,Department Manager,Direction man light.
REV00275,EMP0089,2016-06-19,4,87,Exceeds Expectations,HR Department,Rate worry religious idea school oil article.
REV00276,EMP0089,2017-06-19,2,62,Needs Improvement,Team Lead,Step language black mean key Mr rather focus.
REV00277,EMP0090,2016-03-20,1,51,Poor,HR Department,Since wind middle huge wife.
REV00278,EMP0090,2017-03-20,4,81,Exceeds Expectations,HR Department,Else accept catch individual.
REV00279,EMP0090,2018-03-20,3,79,Meets Expectations,Department Manager,Surface son reach agreement economy against event.
REV00280,EMP0091,2023-07-03,4,88,Exceeds Expectations,Department Manager,Live yard company each entire evening too.
REV00281,EMP0091,2024-07-03,3,77,Meets Expectations,Team Lead,Send he prevent.
REV00282,EMP0091,2025-07-03,4,86,Exceeds Expectations,HR Department,Security growth reflect might interesting.
REV00283,EMP0091,2026-07-03,3,77,Meets Expectations,Team Lead,Hotel modern hot represent.
REV00284,EMP0092,2026-02-02,3,73,Meets Expectations,Department Manager,Amount with here test culture.
REV00285,EMP0092,2027-02-02,2,62,Needs Improvement,HR Department,Yard them week important response despite beautiful food.
REV00286,EMP0093,2026-10-05,3,79,Meets Expectations,Department Manager,Prevent rich condition and city.
REV00287,EMP0093,2027-10-05,5,93,Outstanding,Department Manager,A leave property keep newspaper turn design.
REV00288,EMP0094,2021-10-24,4,87,Exceeds Expectations,HR Department,Song professor real prepare magazine future.
REV00289,EMP0094,2022-10-24,4,84,Exceeds Expectations,HR Department,Attention ever rise exist not generation fill.
REV00290,EMP0095,2019-06-01,4,83,Exceeds Expectations,Department Manager,Move field mother draw listen rest decide during.
REV00291,EMP0095,2020-06-01,4,88,Exceeds Expectations,Team Lead,Magazine become like memory table message.
REV00292,EMP0096,2016-07-06,4,84,Exceeds Expectations,Team Lead,Point behind much expect.
REV00293,EMP0096,2017-07-06,3,73,Meets Expectations,Department Manager,Surface article deep glass his once.
REV00294,EMP0096,2018-07-06,4,86,Exceeds Expectations,Department Manager,They play according but.
REV00295,EMP0097,2019-11-17,5,95,Outstanding,Team Lead,Choose whether four.
REV00296,EMP0097,2020-11-17,4,81,Exceeds Expectations,Department Manager,Buy week weight main necessary participant indeed sit.
REV00297,EMP0097,2021-11-17,4,81,Exceeds Expectations,Department Manager,Throw affect energy sense finally box.
REV00298,EMP0098,2019-04-19,5,94,Outstanding,Team Lead,Ready remember from off dog she exactly.
REV00299,EMP0098,2020-04-19,3,74,Meets Expectations,Team Lead,Will than hour opportunity information tough man beyond.
REV00300,EMP0098,2021-04-19,4,83,Exceeds Expectations,Department Manager,Place voice modern realize beyond.
REV00301,EMP0099,2023-03-23,3,72,Meets Expectations,Department Manager,Senior type treat population music responsibility cover.
REV00302,EMP0099,2024-03-23,3,73,Meets Expectations,HR Department,Phone wall movement beyond.
REV00303,EMP0099,2025-03-23,3,77,Meets Expectations,Team Lead,Short out others result modern spring later.
REV00304,EMP0100,2024-10-18,3,76,Meets Expectations,Department Manager,Professional red law program performance.
REV00305,EMP0100,2025-10-18,4,86,Exceeds Expectations,Team Lead,Door under in room then.
REV00306,EMP0100,2026-10-18,3,72,Meets Expectations,Team Lead,Record area situation care teacher.
REV00307,EMP0101,2016-02-09,3,77,Meets Expectations,Department Manager,Degree meet record while rich.
REV00308,EMP0101,2017-02-09,5,97,Outstanding,HR Department,Health science guy force leave several.
REV00309,EMP0101,2018-02-09,1,41,Poor,HR Department,Usually along service bag remain parent bad.
REV00310,EMP0101,2019-02-09,4,85,Exceeds Expectations,Team Lead,Have anyone during east.
REV00311,EMP0102,2022-12-22,3,72,Meets Expectations,HR Department,Society rule nation on.
REV00312,EMP0102,2023-12-22,4,85,Exceeds Expectations,Team Lead,Help her scene debate last citizen quickly.
REV00313,EMP0102,2024-12-22,4,89,Exceeds Expectations,Team Lead,Kind city conference simply garden recognize impact whatever.
REV00314,EMP0102,2025-12-22,3,73,Meets Expectations,Team Lead,Discover race central sister.
REV00315,EMP0103,2019-01-06,2,61,Needs Improvement,HR Department,Try thousand mind type.
REV00316,EMP0103,2020-01-06,2,64,Needs Improvement,Department Manager,Myself include say one middle no these.
REV00317,EMP0104,2020-02-26,3,74,Meets Expectations,Department Manager,Sense nation another former current.
REV00318,EMP0104,2021-02-26,3,76,Meets Expectations,Department Manager,Purpose recently first leader guy.
REV00319,EMP0104,2022-02-26,4,82,Exceeds Expectations,Team Lead,Might huge morning hundred people community.
REV00320,EMP0104,2023-02-26,4,81,Exceeds Expectations,Department Manager,Someone hair perhaps could benefit major reveal.
REV00321,EMP0105,2016-12-04,3,74,Meets Expectations,Team Lead,Worry ahead doctor threat provide respond any.
REV00322,EMP0105,2017-12-04,4,82,Exceeds Expectations,Team Lead,Right a condition water wife management bag west.
REV00323,EMP0105,2018-12-04,5,94,Outstanding,Team Lead,Increase together assume build compare career.
REV00324,EMP0105,2019-12-04,3,71,Meets Expectations,HR Department,Continue per magazine cause.
REV00325,EMP0106,2018-04-23,4,82,Exceeds Expectations,HR Department,Rather these up radio travel kid heavy special.
REV00326,EMP0106,2019-04-23,2,63,Needs Improvement,Department Manager,Remember establish result story happen scientist.
REV00327,EMP0106,2020-04-23,3,73,Meets Expectations,Department Manager,Executive night buy now.
REV00328,EMP0106,2021-04-23,2,69,Needs Improvement,Department Manager,May mission create wonder wind term.
REV00329,EMP0107,2013-10-03,3,75,Meets Expectations,Team Lead,Production yeah audience think southern return.
REV00330,EMP0107,2014-10-03,3,70,Meets Expectations,HR Department,Whole participant beat.
REV00331,EMP0107,2015-10-03,3,72,Meets Expectations,HR Department,Yeah work here begin add base different claim.
REV00332,EMP0108,2013-09-02,2,60,Needs Improvement,HR Department,These million wonder ground.
REV00333,EMP0108,2014-09-02,1,56,Poor,Team Lead,Month during possible since current before material.
REV00334,EMP0108,2015-09-02,3,73,Meets Expectations,Team Lead,Camera success agree require.
REV00335,EMP0109,2020-08-15,2,69,Needs Improvement,Team Lead,Agency kitchen seat painting especially politics government.
REV00336,EMP0109,2021-08-15,3,72,Meets Expectations,Department Manager,Deep back responsibility.
REV00337,EMP0109,2022-08-15,5,96,Outstanding,Team Lead,Level professor responsibility.
REV00338,EMP0109,2023-08-15,4,86,Exceeds Expectations,Department Manager,Family might loss no focus stop open.
REV00339,EMP0110,2018-03-29,4,81,Exceeds Expectations,Team Lead,Method success here soon determine ball.
REV00340,EMP0110,2019-03-29,2,64,Needs Improvement,Team Lead,Establish wish possible across prepare feel.
REV00341,EMP0111,2016-07-22,3,77,Meets Expectations,Team Lead,Manage upon become plan should arrive new early.
REV00342,EMP0111,2017-07-22,4,86,Exceeds Expectations,Team Lead,Never strategy such toward choose edge bill.
REV00343,EMP0111,2018-07-22,4,85,Exceeds Expectations,Department Manager,Sound trade defense research town across despite.
REV00344,EMP0112,2012-08-17,3,74,Meets Expectations,HR Department,Next way south best of hotel.
REV00345,EMP0112,2013-08-17,5,96,Outstanding,Team Lead,Office statement morning over home world.
REV00346,EMP0112,2014-08-17,5,95,Outstanding,Department Manager,Direction our worker nature success.
REV00347,EMP0112,2015-08-17,3,71,Meets Expectations,Department Manager,Table price point enter continue.
REV00348,EMP0113,2027-04-05,3,78,Meets Expectations,HR Department,Us cost oil fight.
REV00349,EMP0113,2028-04-05,3,76,Meets Expectations,HR Department,Ten character pass fine.
REV00350,EMP0113,2029-04-05,3,72,Meets Expectations,Department Manager,Anything court why television particularly soldier operation beat.
REV00351,EMP0114,2020-05-08,4,86,Exceeds Expectations,HR Department,Really media dog with indeed Mrs such.
REV00352,EMP0114,2021-05-08,4,85,Exceeds Expectations,Department Manager,Reality sister moment.
REV00353,EMP0115,2024-04-07,5,98,Outstanding,HR Department,Business whole dog inside sell.
REV00354,EMP0115,2025-04-07,4,82,Exceeds Expectations,HR Department,Commercial because pay laugh community fund.
REV00355,EMP0115,2026-04-07,4,84,Exceeds Expectations,Team Lead,Employee wait task debate do two money.
REV00356,EMP0116,2018-11-04,3,79,Meets Expectations,Department Manager,Fall no account sometimes many organization job.
REV00357,EMP0116,2019-11-04,4,86,Exceeds Expectations,Department Manager,Official describe new worry window.
REV00358,EMP0117,2027-06-25,3,76,Meets Expectations,Department Manager,Notice without ground.
REV00359,EMP0117,2028-06-25,4,87,Exceeds Expectations,Team Lead,Time speech dog attorney far positive.
REV00360,EMP0117,2029-06-25,3,71,Meets Expectations,HR Department,Southern leg voice pretty.
REV00361,EMP0117,2030-06-25,4,84,Exceeds Expectations,Team Lead,Drive think around artist soldier thank than.
REV00362,EMP0118,2015-08-28,4,89,Exceeds Expectations,HR Department,Democrat collection field coach save.
REV00363,EMP0118,2016-08-28,3,79,Meets Expectations,HR Department,Nation thousand wonder toward international us.
REV00364,EMP0118,2017-08-28,3,72,Meets Expectations,Team Lead,Trouble book board do.
REV00365,EMP0118,2018-08-28,5,99,Outstanding,Department Manager,Story edge guy daughter.
REV00366,EMP0119,2024-02-01,4,82,Exceeds Expectations,HR Department,From agree son rest list put religious.
REV00367,EMP0119,2025-02-01,2,61,Needs Improvement,Team Lead,Month appear space left make test soldier.
REV00368,EMP0119,2026-02-01,4,89,Exceeds Expectations,Team Lead,Candidate fast doctor under to.
REV00369,EMP0119,2027-02-01,3,78,Meets Expectations,Team Lead,Chair painting whose air.
REV00370,EMP0120,2013-03-21,2,69,Needs Improvement,Team Lead,Send school technology must.
REV00371,EMP0120,2014-03-21,3,79,Meets Expectations,HR Department,Ground activity hour Mrs section.
REV00372,EMP0120,2015-03-21,5,97,Outstanding,Department Manager,Board cold owner wide make daughter.
REV00373,EMP0121,2014-03-17,3,71,Meets Expectations,Team Lead,Want will meet author word power.
REV00374,EMP0121,2015-03-17,3,72,Meets Expectations,Team Lead,Entire general language perform threat teacher head.
REV00375,EMP0122,2015-12-20,4,80,Exceeds Expectations,Team Lead,Win wrong dog catch available.
REV00376,EMP0122,2016-12-20,4,86,Exceeds Expectations,Team Lead,Such summer activity win likely him unit million.
REV00377,EMP0122,2017-12-20,4,88,Exceeds Expectations,Department Manager,Phone soldier policy back one under nature.
REV00378,EMP0122,2018-12-20,4,88,Exceeds Expectations,Team Lead,Suggest relationship doctor sport.
REV00379,EMP0123,2020-06-09,4,88,Exceeds Expectations,HR Department,Face hospital choose focus.
REV00380,EMP0123,2021-06-09,3,74,Meets Expectations,HR Department,Treatment fight environment civil.
REV00381,EMP0123,2022-06-09,2,60,Needs Improvement,Department Manager,Interview share similar friend share lay.
REV00382,EMP0123,2023-06-09,4,83,Exceeds Expectations,Team Lead,Growth think more decision drug director successful charge.
REV00383,EMP0124,2022-08-28,3,75,Meets Expectations,Team Lead,Kitchen big entire effort.
REV00384,EMP0124,2023-08-28,3,79,Meets Expectations,HR Department,She middle wear significant music position.
REV00385,EMP0124,2024-08-28,3,72,Meets Expectations,Department Manager,Middle individual past.
REV00386,EMP0124,2025-08-28,2,63,Needs Improvement,HR Department,It carry story hear.
REV00387,EMP0125,2026-06-12,3,74,Meets Expectations,Department Manager,Play walk buy.
REV00388,EMP0125,2027-06-12,2,64,Needs Improvement,HR Department,Team main hold economy any conference.
REV00389,EMP0125,2028-06-12,4,85,Exceeds Expectations,Team Lead,General financial lot take particular.
REV00390,EMP0126,2023-09-21,4,89,Exceeds Expectations,HR Department,Pay list kid question management.
REV00391,EMP0126,2024-09-21,3,77,Meets Expectations,HR Department,Range less religious different something laugh to.
REV00392,EMP0126,2025-09-21,3,77,Meets Expectations,Team Lead,Boy bit purpose.
REV00393,EMP0127,2024-10-18,4,81,Exceeds Expectations,Team Lead,Great leader base last chair learn indeed.
REV00394,EMP0127,2025-10-18,5,92,Outstanding,HR Department,Computer material as.
REV00395,EMP0127,2026-10-18,4,84,Exceeds Expectations,Department Manager,Anyone organization take enough figure.
REV00396,EMP0127,2027-10-18,2,60,Needs Improvement,Department Manager,Campaign would light turn catch.
REV00397,EMP0128,2019-11-17,5,97,Outstanding,HR Department,Create challenge during ahead.
REV00398,EMP0128,2020-11-17,4,89,Exceeds Expectations,Team Lead,Beyond thought west less recognize.
REV00399,EMP0129,2014-06-11,3,79,Meets Expectations,HR Department,White thank community.
REV00400,EMP0129,2015-06-11,5,92,Outstanding,HR Department,Body skin teacher local go knowledge.
REV00401,EMP0129,2016-06-11,4,81,Exceeds Expectations,Department Manager,Social body act summer development more.
REV00402,EMP0130,2021-10-08,5,90,Outstanding,Department Manager,Increase phone southern any too change.
REV00403,EMP0130,2022-10-08,3,79,Meets Expectations,Department Manager,Past success think reality oil.
REV00404,EMP0130,2023-10-08,4,83,Exceeds Expectations,Department Manager,Bad front practice.
REV00405,EMP0131,2022-11-17,3,74,Meets Expectations,HR Department,Offer whatever role create that manage black stuff.
REV00406,EMP0131,2023-11-17,3,74,Meets Expectations,Department Manager,And challenge determine fire model run.
REV00407,EMP0131,2024-11-17,4,88,Exceeds Expectations,Department Manager,Campaign agreement skin apply table floor meet.
REV00408,EMP0132,2013-11-29,3,75,Meets Expectations,Team Lead,White base low little boy ever.
REV00409,EMP0132,2014-11-29,4,80,Exceeds Expectations,Team Lead,Agency produce employee wait hard we to.
REV00410,EMP0132,2015-11-29,2,65,Needs Improvement,HR Department,Entire not color floor side.
REV00411,EMP0132,2016-11-29,3,74,Meets Expectations,Department Manager,Example other some mean far.
REV00412,EMP0133,2026-05-05,5,92,Outstanding,HR Department,Your begin ever mean.
REV00413,EMP0133,2027-05-05,3,74,Meets Expectations,HR Department,Trip idea despite.
REV00414,EMP0134,2022-10-25,2,61,Needs Improvement,Department Manager,Either require camera pretty star eat group according.
REV00415,EMP0134,2023-10-25,4,89,Exceeds Expectations,Team Lead,Event member president pick among.
REV00416,EMP0134,2024-10-25,3,73,Meets Expectations,Department Manager,Hold by staff security church everyone for state.
REV00417,EMP0135,2020-05-25,5,92,Outstanding,HR Department,Case yeah kid education often country always.
REV00418,EMP0135,2021-05-25,4,82,Exceeds Expectations,HR Department,By over reason painting board her site.
REV00419,EMP0135,2022-05-25,4,84,Exceeds Expectations,HR Department,Yeah generation part trial for administration town.
REV00420,EMP0136,2017-09-21,5,96,Outstanding,Team Lead,First soon start senior office.
REV00421,EMP0136,2018-09-21,5,92,Outstanding,Team Lead,Energy make son situation.
REV00422,EMP0136,2019-09-21,5,94,Outstanding,Department Manager,Travel even seat effort main even civil born.
REV00423,EMP0137,2023-07-30,4,81,Exceeds Expectations,Team Lead,Strong name wait charge because.
REV00424,EMP0137,2024-07-30,3,75,Meets Expectations,HR Department,Personal soldier two each right positive tonight.
REV00425,EMP0137,2025-07-30,5,97,Outstanding,HR Department,Establish month there phone share wonder me thousand.
REV00426,EMP0138,2015-02-09,4,83,Exceeds Expectations,Department Manager,Day structure policy yard now.
REV00427,EMP0138,2016-02-09,3,73,Meets Expectations,Team Lead,Family economic forget worker.
REV00428,EMP0138,2017-02-09,4,87,Exceeds Expectations,HR Department,Country bit save especially woman include the.
REV00429,EMP0138,2018-02-09,5,98,Outstanding,Team Lead,Can music article collection air church.
REV00430,EMP0139,2019-06-29,1,42,Poor,Department Manager,Ahead house interest commercial.
REV00431,EMP0139,2020-06-29,3,79,Meets Expectations,HR Department,Focus which into myself commercial.
REV00432,EMP0140,2024-08-01,3,72,Meets Expectations,HR Department,Room produce to leader we.
REV00433,EMP0140,2025-08-01,2,61,Needs Improvement,HR Department,Answer glass democratic hear floor report main.
REV00434,EMP0141,2019-10-17,2,67,Needs Improvement,HR Department,Within soldier more outside hear thing hour win.
REV00435,EMP0141,2020-10-17,4,86,Exceeds Expectations,Department Manager,Safe those he rest.
REV00436,EMP0142,2023-02-17,2,63,Needs Improvement,Team Lead,Understand push newspaper cause eat tree bar.
REV00437,EMP0142,2024-02-17,3,77,Meets Expectations,Department Manager,Current television letter.
REV00438,EMP0142,2025-02-17,3,71,Meets Expectations,HR Department,She buy old four itself size keep.
REV00439,EMP0142,2026-02-17,5,95,Outstanding,Team Lead,Serve again environment benefit artist employee.
REV00440,EMP0143,2023-12-30,2,68,Needs Improvement,Team Lead,Radio want education should second.
REV00441,EMP0143,2024-12-30,2,60,Needs Improvement,Department Manager,Remember try field film audience information no.
REV00442,EMP0143,2025-12-30,3,70,Meets Expectations,HR Department,Suggest show five item drug.
REV00443,EMP0144,2021-09-06,2,62,Needs Improvement,HR Department,Learn able degree here before.
REV00444,EMP0144,2022-09-06,2,66,Needs Improvement,Department Manager,Talk enjoy billion notice these tough college you.
REV00445,EMP0144,2023-09-06,4,82,Exceeds Expectations,HR Department,Everything letter bag six.
REV00446,EMP0145,2023-10-07,4,80,Exceeds Expectations,HR Department,Must himself factor them stop will wall.
REV00447,EMP0145,2024-10-07,4,86,Exceeds Expectations,Department Manager,Tv yourself however medical specific.
REV00448,EMP0145,2025-10-07,4,89,Exceeds Expectations,Team Lead,Story attention also company production.
REV00449,EMP0145,2026-10-07,4,81,Exceeds Expectations,Department Manager,Security floor pull safe degree case.
REV00450,EMP0146,2021-10-09,3,79,Meets Expectations,Team Lead,Follow four play.
REV00451,EMP0146,2022-10-09,3,79,Meets Expectations,Department Manager,Brother per accept job shake name spring animal.
REV00452,EMP0147,2027-04-23,4,80,Exceeds Expectations,Team Lead,Organization since add law population herself.
REV00453,EMP0147,2028-04-23,4,80,Exceeds Expectations,HR Department,Main east officer buy compare early while next.
REV00454,EMP0147,2029-04-23,3,70,Meets Expectations,Team Lead,They put company week example movie admit.
REV00455,EMP0148,2015-06-26,4,81,Exceeds Expectations,Team Lead,Couple different power catch effect perform.
REV00456,EMP0148,2016-06-26,2,65,Needs Improvement,Team Lead,Card into tend could expert away.
REV00457,EMP0149,2022-12-29,5,96,Outstanding,Department Manager,Yet body often ready arm deep.
REV00458,EMP0149,2023-12-29,4,83,Exceeds Expectations,Team Lead,Son nothing produce according where space issue of.
REV00459,EMP0149,2024-12-29,4,89,Exceeds Expectations,HR Department,Rest fund question unit small.
REV00460,EMP0150,2025-04-15,5,99,Outstanding,HR Department,Nation cover color stay.
REV00461,EMP0150,2026-04-15,4,86,Exceeds Expectations,Team Lead,Attorney who institution bar save seem end.
REV00462,EMP0151,2018-05-31,3,75,Meets Expectations,Team Lead,Left dinner part west.
REV00463,EMP0151,2019-05-31,4,82,Exceeds Expectations,Team Lead,Produce although financial soldier matter cell.
REV00464,EMP0151,2020-05-31,4,81,Exceeds Expectations,HR Department,Record attack whether myself stuff prepare show law.
REV00465,EMP0152,2018-10-06,4,89,Exceeds Expectations,Team Lead,Create letter trade suggest particular movement Republican.
REV00466,EMP0152,2019-10-06,5,94,Outstanding,HR Department,Pull involve member grow available garden star available.
REV00467,EMP0152,2020-10-06,3,73,Meets Expectations,Team Lead,This work question.
REV00468,EMP0153,2018-08-08,3,75,Meets Expectations,Department Manager,Call strong only law wind.
REV00469,EMP0153,2019-08-08,1,53,Poor,Department Manager,Under pass type bill factor local.
REV00470,EMP0154,2019-03-04,3,77,Meets Expectations,HR Department,Key city feeling.
REV00471,EMP0154,2020-03-04,4,85,Exceeds Expectations,Team Lead,Father trip billion feel must which.
REV00472,EMP0154,2021-03-04,3,78,Meets Expectations,HR Department,Wind door technology service individual certain stop.
REV00473,EMP0154,2022-03-04,2,68,Needs Improvement,Department Manager,Would tonight stage young admit.
REV00474,EMP0155,2021-01-21,3,77,Meets Expectations,HR Department,Discussion enough already parent bring.
REV00475,EMP0155,2022-01-21,3,77,Meets Expectations,Department Manager,Door view beat television drop.
REV00476,EMP0155,2023-01-21,4,84,Exceeds Expectations,HR Department,Player feel sit turn.
REV00477,EMP0155,2024-01-21,5,95,Outstanding,HR Department,Tough conference understand.
REV00478,EMP0156,2016-05-25,4,85,Exceeds Expectations,Department Manager,Four her bit.
REV00479,EMP0156,2017-05-25,3,76,Meets Expectations,Team Lead,Item history represent hear house mother western.
REV00480,EMP0157,2024-04-27,4,82,Exceeds Expectations,Department Manager,Order among medical Congress ten world product.
REV00481,EMP0157,2025-04-27,2,64,Needs Improvement,Department Manager,Seek available tonight build indeed mention when.
REV00482,EMP0157,2026-04-27,5,99,Outstanding,Team Lead,Trouble similar whole than own life simple.
REV00483,EMP0158,2016-08-24,3,70,Meets Expectations,HR Department,Much open send road commercial fund.
REV00484,EMP0158,2017-08-24,3,74,Meets Expectations,HR Department,Himself human catch.
REV00485,EMP0158,2018-08-24,4,84,Exceeds Expectations,HR Department,Beyond suddenly figure specific suddenly win their.
REV00486,EMP0158,2019-08-24,4,84,Exceeds Expectations,Team Lead,All walk contain I thus.
REV00487,EMP0159,2027-04-12,3,78,Meets Expectations,HR Department,Drive those although international.
REV00488,EMP0159,2028-04-12,4,86,Exceeds Expectations,Department Manager,Onto more board chair skin.
REV00489,EMP0160,2025-04-07,3,78,Meets Expectations,HR Department,Before tough word top local final lay group.
REV00490,EMP0160,2026-04-07,1,59,Poor,HR Department,Woman door network listen item.
REV00491,EMP0160,2027-04-07,4,86,Exceeds Expectations,Team Lead,Already church why even because four positive.
REV00492,EMP0161,2019-08-08,1,52,Poor,HR Department,Center crime possible land training population.
REV00493,EMP0161,2020-08-08,3,75,Meets Expectations,Department Manager,Left quite east high.
REV00494,EMP0161,2021-08-08,5,100,Outstanding,Department Manager,Town about person professor.
REV00495,EMP0161,2022-08-08,2,62,Needs Improvement,HR Department,Star office defense production person cell than.
REV00496,EMP0162,2016-01-15,1,45,Poor,HR Department,Television one compare above market agreement reduce door.
REV00497,EMP0162,2017-01-15,5,97,Outstanding,HR Department,Shoulder life government challenge Congress.
REV00498,EMP0162,2018-01-15,3,79,Meets Expectations,Department Manager,Send well action assume.
REV00499,EMP0162,2019-01-15,4,82,Exceeds Expectations,Team Lead,White along action phone whose instead base.
REV00500,EMP0163,2025-04-18,4,83,Exceeds Expectations,Department Manager,Reason fund think success adult suffer address against.
REV00501,EMP0163,2026-04-18,5,90,Outstanding,Team Lead,Wait response prevent reflect lead new.
REV00502,EMP0164,2027-06-30,2,65,Needs Improvement,Team Lead,School job break might check serve.
REV00503,EMP0164,2028-06-30,3,79,Meets Expectations,Department Manager,Opportunity operation wide matter today.
REV00504,EMP0165,2021-12-06,3,78,Meets Expectations,Team Lead,Put fine company data beat easy.
REV00505,EMP0165,2022-12-06,5,99,Outstanding,HR Department,Hotel hold fall girl base build.
REV00506,EMP0165,2023-12-06,4,87,Exceeds Expectations,Department Manager,News control present sure.
REV00507,EMP0165,2024-12-06,4,88,Exceeds Expectations,Team Lead,Much activity consumer lawyer compare interview kitchen much.
REV00508,EMP0166,2012-10-07,4,80,Exceeds Expectations,Team Lead,Today themselves ground treat good.
REV00509,EMP0166,2013-10-07,3,75,Meets Expectations,HR Department,Positive allow when enough.
REV00510,EMP0166,2014-10-07,4,84,Exceeds Expectations,Team Lead,Pick pressure face Mrs level.
REV00511,EMP0167,2013-04-09,3,73,Meets Expectations,Department Manager,Late lawyer sound institution.
REV00512,EMP0167,2014-04-09,1,48,Poor,HR Department,Range bit manage choose water all heavy.
REV00513,EMP0167,2015-04-09,3,72,Meets Expectations,Department Manager,Much put decade themselves throughout.
REV00514,EMP0167,2016-04-09,4,87,Exceeds Expectations,HR Department,Benefit total election factor ago.
REV00515,EMP0168,2026-02-14,2,65,Needs Improvement,Department Manager,Garden network cell.
REV00516,EMP0168,2027-02-14,3,74,Meets Expectations,Department Manager,Bag fall down message amount I.
REV00517,EMP0168,2028-02-14,5,98,Outstanding,Team Lead,Part rest author story hour need.
REV00518,EMP0168,2029-02-14,5,99,Outstanding,Team Lead,Woman life society society can voice painting.
REV00519,EMP0169,2014-07-31,3,75,Meets Expectations,Department Manager,Agree follow north shake.
REV00520,EMP0169,2015-07-31,4,89,Exceeds Expectations,Team Lead,Task crime different one.
REV00521,EMP0169,2016-07-31,2,62,Needs Improvement,Team Lead,Middle life particularly role green fish.
REV00522,EMP0170,2020-07-27,3,78,Meets Expectations,Department Manager,Degree best important present including successful share.
REV00523,EMP0170,2021-07-27,4,80,Exceeds Expectations,Department Manager,Senior price claim.
REV00524,EMP0170,2022-07-27,2,69,Needs Improvement,Department Manager,Medical reduce rise environmental high.
REV00525,EMP0170,2023-07-27,3,74,Meets Expectations,Team Lead,Suffer recent treatment environment.
REV00526,EMP0171,2024-12-16,4,82,Exceeds Expectations,HR Department,Human however sure reason somebody edge carry.
REV00527,EMP0171,2025-12-16,4,82,Exceeds Expectations,Department Manager,Drive standard concern run maybe American.
REV00528,EMP0172,2027-06-24,2,62,Needs Improvement,Team Lead,Take though wait write.
REV00529,EMP0172,2028-06-24,4,83,Exceeds Expectations,HR Department,Job back fund certain debate bring hit.
REV00530,EMP0172,2029-06-24,4,81,Exceeds Expectations,Department Manager,Lead approach across get note.
REV00531,EMP0172,2030-06-24,3,78,Meets Expectations,Department Manager,Where sense page.
REV00532,EMP0173,2024-10-18,3,78,Meets Expectations,HR Department,Audience ever around special ago then court try.
REV00533,EMP0173,2025-10-18,5,96,Outstanding,Department Manager,Add car accept politics space.
REV00534,EMP0174,2012-10-02,1,48,Poor,Department Manager,Establish fire method fear.
REV00535,EMP0174,2013-10-02,4,81,Exceeds Expectations,HR Department,Present everyone break describe stuff organization.
REV00536,EMP0174,2014-10-02,4,82,Exceeds Expectations,Department Manager,Out economy such many while.
REV00537,EMP0175,2022-09-28,4,80,Exceeds Expectations,HR Department,Hand base last Democrat.
REV00538,EMP0175,2023-09-28,3,72,Meets Expectations,Team Lead,Might heart pass evening cover.
REV00539,EMP0175,2024-09-28,4,85,Exceeds Expectations,Team Lead,Job force blood he left data.
REV00540,EMP0175,2025-09-28,3,73,Meets Expectations,Team Lead,Try save cause short sell local.
REV00541,EMP0176,2018-06-30,3,71,Meets Expectations,HR Department,Budget say floor score.
REV00542,EMP0176,2019-06-30,4,88,Exceeds Expectations,Department Manager,Vote international watch choice production.
REV00543,EMP0176,2020-06-30,4,83,Exceeds Expectations,HR Department,Bar understand raise property.
REV00544,EMP0176,2021-06-30,3,79,Meets Expectations,HR Department,Feeling deal population increase.
REV00545,EMP0177,2016-08-26,3,77,Meets Expectations,HR Department,Food billion benefit long center.
REV00546,EMP0177,2017-08-26,4,83,Exceeds Expectations,HR Department,Region black table couple next we subject.
REV00547,EMP0178,2014-02-16,3,72,Meets Expectations,HR Department,Myself wrong race official.
REV00548,EMP0178,2015-02-16,4,87,Exceeds Expectations,Department Manager,Small on off type series grow.
REV00549,EMP0179,2027-06-26,3,73,Meets Expectations,Department Manager,Continue effect everything deal main.
REV00550,EMP0179,2028-06-26,3,72,Meets Expectations,Team Lead,Agreement natural six leg loss.
REV00551,EMP0179,2029-06-26,1,47,Poor,HR Department,Enter red anyone family.
REV00552,EMP0180,2018-08-30,2,68,Needs Improvement,Team Lead,Inside cold central position south deal.
REV00553,EMP0180,2019-08-30,4,85,Exceeds Expectations,Department Manager,Research finish end American authority practice what.
REV00554,EMP0181,2023-10-25,3,74,Meets Expectations,HR Department,Red baby memory region lay others.
REV00555,EMP0181,2024-10-25,4,81,Exceeds Expectations,HR Department,Yes person I space hand right middle.
REV00556,EMP0181,2025-10-25,5,93,Outstanding,Team Lead,Talk such require without along.
REV00557,EMP0181,2026-10-25,5,100,Outstanding,HR Department,Because everybody until far.
REV00558,EMP0182,2015-10-18,3,79,Meets Expectations,Department Manager,Education discussion together good sea several prepare.
REV00559,EMP0182,2016-10-18,3,78,Meets Expectations,Department Manager,Various simply practice education ever expert success.
REV00560,EMP0182,2017-10-18,5,92,Outstanding,Department Manager,Should candidate war arrive different audience on.
REV00561,EMP0183,2022-03-24,4,89,Exceeds Expectations,Department Manager,Interesting write month like explain whatever call.
REV00562,EMP0183,2023-03-24,4,81,Exceeds Expectations,HR Department,Feeling building child though hold.
REV00563,EMP0183,2024-03-24,4,80,Exceeds Expectations,HR Department,Short when piece account church plan actually.
REV00564,EMP0184,2023-04-10,2,66,Needs Improvement,HR Department,Site alone start main.
REV00565,EMP0184,2024-04-10,1,42,Poor,Team Lead,Law challenge majority point fall.
REV00566,EMP0184,2025-04-10,1,44,Poor,HR Department,Performance develop red news contain treat particularly possible.
REV00567,EMP0185,2014-01-12,3,77,Meets Expectations,Department Manager,Might interesting same former some positive true.
REV00568,EMP0185,2015-01-12,3,79,Meets Expectations,Department Manager,Perhaps language prevent against before.
REV00569,EMP0185,2016-01-12,2,65,Needs Improvement,Team Lead,Trade join best education simple.
REV00570,EMP0186,2013-02-02,4,85,Exceeds Expectations,HR Department,Save suffer can herself trouble.
REV00571,EMP0186,2014-02-02,2,63,Needs Improvement,HR Department,But air race business training president.
REV00572,EMP0187,2016-05-04,5,94,Outstanding,HR Department,Road guess eat artist break.
REV00573,EMP0187,2017-05-04,4,82,Exceeds Expectations,Team Lead,Information themselves want.
REV00574,EMP0187,2018-05-04,4,80,Exceeds Expectations,Team Lead,End should director involve wide sound baby.
REV00575,EMP0188,2027-07-12,2,68,Needs Improvement,HR Department,Continue save have war.
REV00576,EMP0188,2028-07-12,4,83,Exceeds Expectations,Team Lead,Lead their when sea friend.
REV00577,EMP0189,2019-10-27,3,74,Meets Expectations,HR Department,Next either industry throughout defense hit occur.
REV00578,EMP0189,2020-10-27,4,89,Exceeds Expectations,HR Department,A check current worker whatever.
REV00579,EMP0189,2021-10-27,3,79,Meets Expectations,HR Department,Reflect per red sister.
REV00580,EMP0190,2013-12-14,5,92,Outstanding,Department Manager,Writer success impact figure.
REV00581,EMP0190,2014-12-14,4,83,Exceeds Expectations,Team Lead,Pick wear month billion word.
REV00582,EMP0190,2015-12-14,4,84,Exceeds Expectations,Department Manager,Close anyone level.
REV00583,EMP0191,2020-12-05,5,93,Outstanding,HR Department,Manage notice type put indicate indicate travel.
REV00584,EMP0191,2021-12-05,3,76,Meets Expectations,Team Lead,Under nature building everyone adult possible.
REV00585,EMP0191,2022-12-05,4,85,Exceeds Expectations,Department Manager,Bar try just blood simple citizen main.
REV00586,EMP0191,2023-12-05,4,83,Exceeds Expectations,Team Lead,Heart participant new live send record defense.
REV00587,EMP0192,2021-09-02,3,73,Meets Expectations,HR Department,Sell want start before security.
REV00588,EMP0192,2022-09-02,3,74,Meets Expectations,HR Department,Professor soldier market exist.
REV00589,EMP0193,2018-11-05,5,99,Outstanding,Department Manager,Seek generation high according term.
REV00590,EMP0193,2019-11-05,2,60,Needs Improvement,Team Lead,Hundred put matter air read.
REV00591,EMP0193,2020-11-05,3,70,Meets Expectations,HR Department,Message major school.
REV00592,EMP0194,2023-03-06,3,76,Meets Expectations,HR Department,Recognize environment development population we maybe property.
REV00593,EMP0194,2024-03-06,1,40,Poor,Department Manager,Maybe not half cost spring.
REV00594,EMP0195,2014-09-23,3,73,Meets Expectations,HR Department,Into media allow hot lot trial worker.
REV00595,EMP0195,2015-09-23,2,64,Needs Improvement,Team Lead,Notice firm here good business deal again.
REV00596,EMP0196,2015-12-15,4,82,Exceeds Expectations,Department Manager,Whom act ball.
REV00597,EMP0196,2016-12-15,1,47,Poor,Team Lead,Let rest occur happy factor.
REV00598,EMP0196,2017-12-15,3,76,Meets Expectations,HR Department,These skin suffer Democrat.
REV00599,EMP0197,2013-01-29,4,83,Exceeds Expectations,Department Manager,Sometimes budget season talk top thing.
REV00600,EMP0197,2014-01-29,3,78,Meets Expectations,Team Lead,Eye it message very talk.
REV00601,EMP0198,2026-10-31,4,87,Exceeds Expectations,Department Manager,East marriage heart family building management seven.
REV00602,EMP0198,2027-10-31,3,75,Meets Expectations,Team Lead,Lay choice worker price federal.
REV00603,EMP0199,2017-10-09,3,75,Meets Expectations,Team Lead,Range born appear available.
REV00604,EMP0199,2018-10-09,3,78,Meets Expectations,Team Lead,Health feeling professor personal occur ability final treatment.
REV00605,EMP0199,2019-10-09,4,81,Exceeds Expectations,HR Department,Chair possible not physical many major.
REV00606,EMP0200,2015-02-13,2,63,Needs Improvement,Department Manager,Water chair month especially them.
REV00607,EMP0200,2016-02-13,3,70,Meets Expectations,Department Manager,Play win various story.
REV00608,EMP0201,2027-07-09,3,70,Meets Expectations,Department Manager,Their food western notice consider although entire.
REV00609,EMP0201,2028-07-09,1,42,Poor,Department Manager,Technology should hair environment process claim nice.
REV00610,EMP0201,2029-07-09,3,72,Meets Expectations,HR Department,Realize add provide expect kind.
REV00611,EMP0202,2013-06-20,4,83,Exceeds Expectations,Department Manager,Nothing little unit also moment.
REV00612,EMP0202,2014-06-20,3,70,Meets Expectations,Department Manager,Experience share go understand.
REV00613,EMP0202,2015-06-20,2,65,Needs Improvement,HR Department,Part about pick computer happy opportunity full into.
REV00614,EMP0202,2016-06-20,3,79,Meets Expectations,Team Lead,Ahead book only exist commercial.
REV00615,EMP0203,2022-11-08,3,73,Meets Expectations,Team Lead,Tonight how finally reality.
REV00616,EMP0203,2023-11-08,5,97,Outstanding,HR Department,Example newspaper our mention.
REV00617,EMP0203,2024-11-08,3,70,Meets Expectations,HR Department,Fact still ever notice news who no population.
REV00618,EMP0204,2027-05-26,3,70,Meets Expectations,Department Manager,So hold protect paper.
REV00619,EMP0204,2028-05-26,3,77,Meets Expectations,HR Department,Exactly but first thousand stand person.
REV00620,EMP0205,2023-06-04,3,73,Meets Expectations,HR Department,Improve myself do may.
REV00621,EMP0205,2024-06-04,4,83,Exceeds Expectations,Team Lead,Indicate because candidate change course.
REV00622,EMP0205,2025-06-04,3,74,Meets Expectations,Department Manager,Model yet difficult.
REV00623,EMP0205,2026-06-04,1,47,Poor,HR Department,Door buy down resource.
REV00624,EMP0206,2023-12-15,3,73,Meets Expectations,HR Department,Enough summer wrong add.
REV00625,EMP0206,2024-12-15,2,66,Needs Improvement,Team Lead,Prepare owner probably determine natural hair.
REV00626,EMP0206,2025-12-15,2,62,Needs Improvement,Team Lead,Free community world oil provide be travel every.
REV00627,EMP0206,2026-12-15,5,94,Outstanding,Team Lead,Fine today work between agree laugh sure.
REV00628,EMP0207,2017-02-13,3,75,Meets Expectations,Team Lead,Fall artist few expert level these area production.
REV00629,EMP0207,2018-02-13,3,70,Meets Expectations,HR Department,Food sister everyone likely.
REV00630,EMP0207,2019-02-13,4,85,Exceeds Expectations,Team Lead,New attack least fact worker believe.
REV00631,EMP0207,2020-02-13,3,78,Meets Expectations,Department Manager,For piece different plan state threat food.
REV00632,EMP0208,2024-09-17,4,88,Exceeds Expectations,Department Manager,List movie soldier writer minute charge window.
REV00633,EMP0208,2025-09-17,3,76,Meets Expectations,HR Department,Leader number population they.
REV00634,EMP0209,2017-01-12,2,67,Needs Improvement,Department Manager,Personal college American along successful simply stock quality.
REV00635,EMP0209,2018-01-12,5,94,Outstanding,Department Manager,Raise necessary determine body.
REV00636,EMP0209,2019-01-12,1,42,Poor,Team Lead,Environmental then full fight sister two.
REV00637,EMP0209,2020-01-12,3,70,Meets Expectations,HR Department,Part another interesting person control.
REV00638,EMP0210,2025-05-17,3,77,Meets Expectations,Team Lead,Age force decision be security how war.
REV00639,EMP0210,2026-05-17,4,80,Exceeds Expectations,HR Department,Himself bit yeah better watch enjoy.
REV00640,EMP0210,2027-05-17,5,91,Outstanding,HR Department,Rich deep return international study business meeting.
REV00641,EMP0210,2028-05-17,3,71,Meets Expectations,Team Lead,Beat so move down its financial.
REV00642,EMP0211,2019-10-08,3,74,Meets Expectations,Department Manager,Door good beautiful marriage.
REV00643,EMP0211,2020-10-08,4,84,Exceeds Expectations,Team Lead,Turn quite first political smile.
REV00644,EMP0211,2021-10-08,4,85,Exceeds Expectations,HR Department,Your road expect executive.
REV00645,EMP0212,2022-04-02,5,97,Outstanding,HR Department,Show sport social last.
REV00646,EMP0212,2023-04-02,5,100,Outstanding,HR Department,Like another summer hard within able.
REV00647,EMP0212,2024-04-02,2,67,Needs Improvement,HR Department,Audience leader page control.
REV00648,EMP0212,2025-04-02,5,91,Outstanding,HR Department,Economy involve value beat test kid actually else.
REV00649,EMP0213,2027-01-03,3,73,Meets Expectations,HR Department,Edge hundred approach contain today.
REV00650,EMP0213,2028-01-03,3,78,Meets Expectations,Department Manager,Present picture poor commercial.
REV00651,EMP0213,2029-01-03,3,71,Meets Expectations,HR Department,Present significant dinner plant win.
REV00652,EMP0213,2030-01-03,1,44,Poor,Department Manager,Letter road action each these rather.
REV00653,EMP0214,2012-12-10,2,62,Needs Improvement,Team Lead,Report develop himself future interesting think close recognize.
REV00654,EMP0214,2013-12-10,2,62,Needs Improvement,Team Lead,Their experience become you scene.
REV00655,EMP0214,2014-12-10,4,87,Exceeds Expectations,Team Lead,Senior keep manage health response cold along.
REV00656,EMP0215,2016-04-12,4,82,Exceeds Expectations,HR Department,Wife seat marriage blue education town occur.
REV00657,EMP0215,2017-04-12,2,68,Needs Improvement,HR Department,Think party development better stand.
REV00658,EMP0215,2018-04-12,4,80,Exceeds Expectations,HR Department,Six or though memory.
REV00659,EMP0215,2019-04-12,4,86,Exceeds Expectations,HR Department,Station they fear respond news down rule fund.
REV00660,EMP0216,2013-10-05,3,73,Meets Expectations,HR Department,Message left serve walk break computer behavior unit.
REV00661,EMP0216,2014-10-05,3,72,Meets Expectations,HR Department,In see trade from a cultural environmental.
REV00662,EMP0216,2015-10-05,2,62,Needs Improvement,Department Manager,Affect cold station either smile rule.
REV00663,EMP0216,2016-10-05,3,73,Meets Expectations,HR Department,Majority seem value crime early garden.
REV00664,EMP0217,2025-08-27,2,60,Needs Improvement,Team Lead,Hit member why admit majority with happen.
REV00665,EMP0217,2026-08-27,1,43,Poor,HR Department,Detail can parent dream because generation for.
REV00666,EMP0217,2027-08-27,3,78,Meets Expectations,HR Department,Large commercial paper campaign surface.
REV00667,EMP0217,2028-08-27,4,81,Exceeds Expectations,HR Department,Front activity could human see since.
REV00668,EMP0218,2014-02-01,5,95,Outstanding,HR Department,Single sing camera happen alone per whose.
REV00669,EMP0218,2015-02-01,2,67,Needs Improvement,Department Manager,Claim unit charge focus.
REV00670,EMP0219,2024-04-03,3,75,Meets Expectations,Department Manager,Government provide person over although six.
REV00671,EMP0219,2025-04-03,4,82,Exceeds Expectations,HR Department,Poor leg sort worry senior trial buy which.
REV00672,EMP0220,2020-01-31,3,78,Meets Expectations,Department Manager,Sing outside store.
REV00673,EMP0220,2021-01-31,2,65,Needs Improvement,Team Lead,Pressure bag tree occur put space.
REV00674,EMP0220,2022-01-31,5,99,Outstanding,HR Department,Them later want choice.
REV00675,EMP0221,2014-08-20,5,96,Outstanding,HR Department,Film agent state wonder.
REV00676,EMP0221,2015-08-20,3,78,Meets Expectations,Department Manager,World win case nature apply.
REV00677,EMP0221,2016-08-20,4,89,Exceeds Expectations,Department Manager,Ready message usually none community federal laugh.
REV00678,EMP0221,2017-08-20,3,74,Meets Expectations,Department Manager,Thus shoulder piece thing.
REV00679,EMP0222,2023-05-04,1,46,Poor,Team Lead,Enough sport court drive avoid young course close.
REV00680,EMP0222,2024-05-04,3,70,Meets Expectations,Team Lead,Still Mr dream yet.
REV00681,EMP0222,2025-05-04,3,73,Meets Expectations,HR Department,The idea let war sort yourself.
REV00682,EMP0222,2026-05-04,4,82,Exceeds Expectations,Team Lead,Can friend likely agent arm expert base.
REV00683,EMP0223,2016-01-20,1,47,Poor,HR Department,That much get list hit protect price science.
REV00684,EMP0223,2017-01-20,3,76,Meets Expectations,Team Lead,What challenge bad center move nothing significant here.
REV00685,EMP0224,2015-01-30,4,84,Exceeds Expectations,Department Manager,Raise nor view commercial whose need.
REV00686,EMP0224,2016-01-30,3,71,Meets Expectations,HR Department,Address difficult best floor push common every.
REV00687,EMP0224,2017-01-30,3,70,Meets Expectations,Team Lead,Less herself project ever sense walk.
REV00688,EMP0224,2018-01-30,2,69,Needs Improvement,Team Lead,Poor indicate system yet country blue pull and.
REV00689,EMP0225,2025-08-25,2,69,Needs Improvement,Department Manager,Leg remain something art.
REV00690,EMP0225,2026-08-25,2,63,Needs Improvement,Team Lead,Keep song indicate agent theory.
REV00691,EMP0226,2012-09-25,3,75,Meets Expectations,Department Manager,Over create respond begin understand simple address.
REV00692,EMP0226,2013-09-25,5,93,Outstanding,Team Lead,Father on throw chair.
REV00693,EMP0227,2021-03-11,3,73,Meets Expectations,HR Department,Rise behind operation amount.
REV00694,EMP0227,2022-03-11,3,78,Meets Expectations,Department Manager,Book red pressure performance store clearly perform.
REV00695,EMP0227,2023-03-11,3,76,Meets Expectations,HR Department,None let television perform gas be next.
REV00696,EMP0228,2025-03-19,4,80,Exceeds Expectations,Team Lead,Market hit fast.
REV00697,EMP0228,2026-03-19,5,100,Outstanding,Department Manager,Budget just better garden east.
REV00698,EMP0228,2027-03-19,4,81,Exceeds Expectations,Team Lead,Experience seek lose drop who both.
REV00699,EMP0229,2021-11-09,2,65,Needs Improvement,Team Lead,Think small day finish lawyer democratic.
REV00700,EMP0229,2022-11-09,3,78,Meets Expectations,Department Manager,Our finish doctor stage power.
REV00701,EMP0229,2023-11-09,4,86,Exceeds Expectations,Team Lead,Leader information spring.
REV00702,EMP0230,2016-02-26,2,62,Needs Improvement,HR Department,Team include as.
REV00703,EMP0230,2017-02-26,3,71,Meets Expectations,HR Department,Really face trade start fill up.
REV00704,EMP0230,2018-02-26,3,77,Meets Expectations,Team Lead,Tax education brother TV every guess develop expert.
REV00705,EMP0230,2019-02-26,4,85,Exceeds Expectations,HR Department,Star up thus story.
REV00706,EMP0231,2025-04-13,1,46,Poor,HR Department,Like like suffer.
REV00707,EMP0231,2026-04-13,4,85,Exceeds Expectations,HR Department,Involve film weight.
REV00708,EMP0232,2017-06-09,2,67,Needs Improvement,Department Manager,Future teacher democratic whether nearly international very.
REV00709,EMP0232,2018-06-09,2,68,Needs Improvement,HR Department,However must help.
REV00710,EMP0232,2019-06-09,4,82,Exceeds Expectations,Team Lead,Fill lot control determine weight.
REV00711,EMP0232,2020-06-09,3,78,Meets Expectations,HR Department,Computer ability position human save.
REV00712,EMP0233,2026-07-23,5,97,Outstanding,Team Lead,Huge standard bank skin season.
REV00713,EMP0233,2027-07-23,4,86,Exceeds Expectations,Team Lead,Young meeting those program.
REV00714,EMP0233,2028-07-23,4,86,Exceeds Expectations,Department Manager,Manager pick region threat.
REV00715,EMP0233,2029-07-23,4,87,Exceeds Expectations,HR Department,However gun office trouble short father.
REV00716,EMP0234,2018-08-09,2,67,Needs Improvement,Department Manager,Feel economy agency behavior star strong production late.
REV00717,EMP0234,2019-08-09,4,87,Exceeds Expectations,Department Manager,Will join environment us own tough talk.
REV00718,EMP0235,2023-11-10,3,79,Meets Expectations,Team Lead,Quite key Democrat attack new from.
REV00719,EMP0235,2024-11-10,4,87,Exceeds Expectations,Team Lead,Four old whom continue.
REV00720,EMP0236,2015-01-09,5,99,Outstanding,Team Lead,Against mouth social magazine fear professional.
REV00721,EMP0236,2016-01-09,1,54,Poor,HR Department,Speak final form during authority.
REV00722,EMP0237,2015-09-29,3,71,Meets Expectations,Team Lead,System quite box on standard.
REV00723,EMP0237,2016-09-29,2,62,Needs Improvement,Team Lead,Understand unit institution.
REV00724,EMP0237,2017-09-29,3,70,Meets Expectations,HR Department,Most design he couple event some.
REV00725,EMP0237,2018-09-29,4,81,Exceeds Expectations,Department Manager,Group expert scientist election.
REV00726,EMP0238,2025-04-26,4,89,Exceeds Expectations,HR Department,Protect tax instead teach crime religious.
REV00727,EMP0238,2026-04-26,2,65,Needs Improvement,Team Lead,Even remain old need to huge.
REV00728,EMP0238,2027-04-26,4,86,Exceeds Expectations,Department Manager,Smile within of official good respond what.
REV00729,EMP0238,2028-04-26,4,88,Exceeds Expectations,Department Manager,Become voice maintain take physical.
REV00730,EMP0239,2020-09-18,4,86,Exceeds Expectations,HR Department,Benefit significant night play increase health.
REV00731,EMP0239,2021-09-18,3,71,Meets Expectations,Team Lead,Change himself wind adult purpose collection.
REV00732,EMP0239,2022-09-18,4,83,Exceeds Expectations,Department Manager,Impact free probably finish.
REV00733,EMP0239,2023-09-18,4,81,Exceeds Expectations,HR Department,Organization nice must support yet race value.
REV00734,EMP0240,2027-03-24,4,86,Exceeds Expectations,Department Manager,Resource American to air.
REV00735,EMP0240,2028-03-24,3,72,Meets Expectations,HR Department,It likely others serve could drop.
REV00736,EMP0241,2020-12-06,1,54,Poor,Department Manager,Change defense yourself.
REV00737,EMP0241,2021-12-06,4,81,Exceeds Expectations,Department Manager,Upon significant learn those someone.
REV00738,EMP0242,2026-11-04,4,86,Exceeds Expectations,Department Manager,If community dinner source social next whose.
REV00739,EMP0242,2027-11-04,4,89,Exceeds Expectations,HR Department,Half this party run ground three.
REV00740,EMP0242,2028-11-04,5,91,Outstanding,Team Lead,Peace treat keep way.
REV00741,EMP0242,2029-11-04,3,75,Meets Expectations,HR Department,Compare man tend several.
REV00742,EMP0243,2016-06-07,3,77,Meets Expectations,Team Lead,Student spring society others official board.
REV00743,EMP0243,2017-06-07,5,100,Outstanding,Department Manager,Now simply player radio dream husband show.
REV00744,EMP0243,2018-06-07,4,82,Exceeds Expectations,Department Manager,Water behavior student instead vote political sing.
REV00745,EMP0244,2017-02-28,5,94,Outstanding,Team Lead,Modern final represent mission recent.
REV00746,EMP0244,2018-02-28,3,79,Meets Expectations,Department Manager,Center structure oil notice think support degree.
REV00747,EMP0244,2019-02-28,3,77,Meets Expectations,Team Lead,Sure run yeah another choose energy through.
REV00748,EMP0245,2016-08-09,3,74,Meets Expectations,HR Department,Various receive walk measure beat city benefit hear.
REV00749,EMP0245,2017-08-09,4,87,Exceeds Expectations,HR Department,List perform director.
REV00750,EMP0245,2018-08-09,3,76,Meets Expectations,Team Lead,Subject heavy respond other financial large.
REV00751,EMP0245,2019-08-09,3,79,Meets Expectations,Team Lead,Food buy continue air.
REV00752,EMP0246,2018-11-03,3,75,Meets Expectations,HR Department,School me room executive body guy person.
REV00753,EMP0246,2019-11-03,4,89,Exceeds Expectations,Team Lead,Lose government make.
REV00754,EMP0246,2020-11-03,2,63,Needs Improvement,HR Department,Choose less car break bank indicate billion.
REV00755,EMP0246,2021-11-03,4,85,Exceeds Expectations,Department Manager,Outside response speak course mission assume natural.
REV00756,EMP0247,2025-02-13,2,61,Needs Improvement,HR Department,Wide collection computer season low yes into.
REV00757,EMP0247,2026-02-13,3,76,Meets Expectations,HR Department,Where all language ok.
REV00758,EMP0247,2027-02-13,5,95,Outstanding,Department Manager,Young stuff near sort meet.
REV00759,EMP0248,2013-10-31,3,75,Meets Expectations,Department Manager,Generation affect half.
REV00760,EMP0248,2014-10-31,4,82,Exceeds Expectations,Department Manager,There result set section student.
REV00761,EMP0249,2020-01-27,5,95,Outstanding,HR Department,Somebody type through student.
REV00762,EMP0249,2021-01-27,3,70,Meets Expectations,Department Manager,Perhaps financial interview senior really somebody.
REV00763,EMP0250,2014-11-19,4,85,Exceeds Expectations,Department Manager,Field base sense plant improve.
REV00764,EMP0250,2015-11-19,3,75,Meets Expectations,HR Department,Election how least player evening.
REV00765,EMP0250,2016-11-19,4,80,Exceeds Expectations,Department Manager,Meet choose evidence community movement almost.
REV00766,EMP0251,2014-12-03,3,78,Meets Expectations,Team Lead,Together even involve he what student each.
REV00767,EMP0251,2015-12-03,5,92,Outstanding,HR Department,Turn whom event right.
REV00768,EMP0251,2016-12-03,2,64,Needs Improvement,Team Lead,Edge gas huge specific among clear fast modern.
REV00769,EMP0252,2027-02-24,4,80,Exceeds Expectations,HR Department,Any reveal building hope affect.
REV00770,EMP0252,2028-02-24,5,100,Outstanding,Team Lead,Bank arm yes small across son democratic.
REV00771,EMP0252,2029-02-24,3,70,Meets Expectations,HR Department,Ball firm concern.
REV00772,EMP0253,2025-11-22,4,89,Exceeds Expectations,Team Lead,Dark edge dog.
REV00773,EMP0253,2026-11-22,4,84,Exceeds Expectations,HR Department,Public able bag word sort.
REV00774,EMP0254,2016-01-09,3,78,Meets Expectations,HR Department,Pm around summer actually line find third.
REV00775,EMP0254,2017-01-09,3,72,Meets Expectations,Department Manager,Eat sport plan western never stock.
REV00776,EMP0254,2018-01-09,3,73,Meets Expectations,Team Lead,Idea fish indicate amount money understand like.
REV00777,EMP0254,2019-01-09,3,70,Meets Expectations,Department Manager,Best through newspaper this teach.
REV00778,EMP0255,2014-09-03,5,95,Outstanding,HR Department,Network ask lead our.
REV00779,EMP0255,2015-09-03,4,89,Exceeds Expectations,HR Department,View enter develop likely letter.
REV00780,EMP0255,2016-09-03,5,96,Outstanding,Team Lead,Book watch and the party.
REV00781,EMP0256,2014-09-22,4,81,Exceeds Expectations,HR Department,Child manager everything major.
REV00782,EMP0256,2015-09-22,3,73,Meets Expectations,Team Lead,History no increase drop large around.
REV00783,EMP0257,2023-06-05,4,81,Exceeds Expectations,Team Lead,Win list throw brother area three.
REV00784,EMP0257,2024-06-05,5,91,Outstanding,HR Department,Nice friend will stand red building individual.
REV00785,EMP0258,2016-04-27,4,82,Exceeds Expectations,Team Lead,Listen identify happy should worker.
REV00786,EMP0258,2017-04-27,3,78,Meets Expectations,Team Lead,Cut about machine study any could.
REV00787,EMP0258,2018-04-27,1,50,Poor,Team Lead,Speak sport wait our second.
REV00788,EMP0259,2013-05-12,3,73,Meets Expectations,HR Department,Record huge defense range opportunity safe.
REV00789,EMP0259,2014-05-12,4,86,Exceeds Expectations,HR Department,Police through difference difference strong here stage maybe.
REV00790,EMP0260,2017-06-04,4,83,Exceeds Expectations,HR Department,Success but water Mrs situation.
REV00791,EMP0260,2018-06-04,5,90,Outstanding,HR Department,Guess media your game ask win course.
REV00792,EMP0261,2018-04-14,4,86,Exceeds Expectations,HR Department,Need relate seat this Republican material consumer.
REV00793,EMP0261,2019-04-14,3,75,Meets Expectations,Team Lead,Artist one fly yes draw hope.
REV00794,EMP0262,2015-12-16,5,91,Outstanding,Department Manager,Direction industry the claim.
REV00795,EMP0262,2016-12-16,3,72,Meets Expectations,Department Manager,Forward throw feeling couple cut executive home travel.
REV00796,EMP0262,2017-12-16,3,75,Meets Expectations,Team Lead,Hold teacher sit one travel ago close.
REV00797,EMP0262,2018-12-16,3,70,Meets Expectations,Department Manager,Voice Democrat see south popular.
REV00798,EMP0263,2014-07-03,2,66,Needs Improvement,Department Manager,Thus economy something rock if door record.
REV00799,EMP0263,2015-07-03,4,86,Exceeds Expectations,Department Manager,Ahead fall order.
REV00800,EMP0263,2016-07-03,3,79,Meets Expectations,HR Department,Clearly trial along others per current protect.
REV00801,EMP0264,2020-10-22,4,80,Exceeds Expectations,HR Department,Staff where teach eye.
REV00802,EMP0264,2021-10-22,1,42,Poor,Department Manager,Out whole police bring tend.
REV00803,EMP0264,2022-10-22,4,84,Exceeds Expectations,Department Manager,Member close west yard affect address represent.
REV00804,EMP0265,2024-02-24,3,70,Meets Expectations,Department Manager,Trade stage deep reveal left commercial.
REV00805,EMP0265,2025-02-24,4,89,Exceeds Expectations,Team Lead,Imagine hospital time rather speak both enough.
REV00806,EMP0265,2026-02-24,3,76,Meets Expectations,HR Department,Material leader with once back how.
REV00807,EMP0266,2021-07-05,3,75,Meets Expectations,Department Manager,Great form difficult.
REV00808,EMP0266,2022-07-05,5,93,Outstanding,Team Lead,Whole picture new more.
REV00809,EMP0266,2023-07-05,1,57,Poor,HR Department,For among than share because tend.
REV00810,EMP0266,2024-07-05,3,75,Meets Expectations,HR Department,Determine surface measure available whatever way.
REV00811,EMP0267,2014-02-22,4,85,Exceeds Expectations,Team Lead,Degree protect set hundred high.
REV00812,EMP0267,2015-02-22,5,94,Outstanding,HR Department,Box cost seem situation product top must enter.
REV00813,EMP0268,2015-01-26,2,68,Needs Improvement,Team Lead,Plant suddenly organization opportunity computer.
REV00814,EMP0268,2016-01-26,5,97,Outstanding,Team Lead,Indicate against notice along.
REV00815,EMP0268,2017-01-26,3,70,Meets Expectations,Department Manager,Health south anything all after difficult room.
REV00816,EMP0268,2018-01-26,5,91,Outstanding,HR Department,Individual group water anyone eye heavy describe.
REV00817,EMP0269,2020-11-18,4,82,Exceeds Expectations,Team Lead,Drive can mean PM goal how.
REV00818,EMP0269,2021-11-18,3,73,Meets Expectations,HR Department,Hear image simple list book prove somebody.
REV00819,EMP0270,2018-10-23,5,99,Outstanding,HR Department,Fall to these recent people institution bring white.
REV00820,EMP0270,2019-10-23,4,83,Exceeds Expectations,Department Manager,Maintain practice population particular.
REV00821,EMP0270,2020-10-23,4,83,Exceeds Expectations,Team Lead,Parent page discuss society reflect born others.
REV00822,EMP0270,2021-10-23,4,88,Exceeds Expectations,Department Manager,Still term situation activity.
REV00823,EMP0271,2014-02-06,3,76,Meets Expectations,HR Department,Eight recently policy actually reflect another.
REV00824,EMP0271,2015-02-06,5,96,Outstanding,Department Manager,Case fund smile nature represent ever girl he.
REV00825,EMP0271,2016-02-06,5,93,Outstanding,HR Department,Top one boy world term success step.
REV00826,EMP0271,2017-02-06,4,88,Exceeds Expectations,Department Manager,Class remain part deal safe he.
REV00827,EMP0272,2025-03-06,4,89,Exceeds Expectations,HR Department,Door win nor detail realize picture clearly economy.
REV00828,EMP0272,2026-03-06,2,61,Needs Improvement,Team Lead,Defense resource economic father.
REV00829,EMP0272,2027-03-06,3,78,Meets Expectations,HR Department,Seek glass least just evening war.
REV00830,EMP0273,2026-07-14,4,84,Exceeds Expectations,HR Department,Near difference before pattern him site fish.
REV00831,EMP0273,2027-07-14,2,63,Needs Improvement,Team Lead,Everything picture music tend suffer record somebody.
REV00832,EMP0274,2027-02-09,4,86,Exceeds Expectations,Team Lead,Campaign each race wife.
REV00833,EMP0274,2028-02-09,4,82,Exceeds Expectations,HR Department,Describe near occur sit decide.
REV00834,EMP0275,2012-12-21,3,73,Meets Expectations,HR Department,Indeed how significant election dark raise day under.
REV00835,EMP0275,2013-12-21,3,74,Meets Expectations,HR Department,Present reach news morning success.
REV00836,EMP0275,2014-12-21,5,90,Outstanding,Department Manager,Down many rule include trial by.
REV00837,EMP0275,2015-12-21,4,84,Exceeds Expectations,HR Department,Dark likely them trade beautiful institution design detail.
REV00838,EMP0276,2013-05-29,3,76,Meets Expectations,HR Department,Tv Mr send likely nearly.
REV00839,EMP0276,2014-05-29,3,70,Meets Expectations,Department Manager,Interview across indeed.
REV00840,EMP0276,2015-05-29,4,85,Exceeds Expectations,Department Manager,Building create dark something particular.
REV00841,EMP0276,2016-05-29,1,44,Poor,HR Department,Score old trouble course say back.
REV00842,EMP0277,2021-05-10,1,43,Poor,HR Department,Partner ready bag reveal film responsibility each seek.
REV00843,EMP0277,2022-05-10,4,87,Exceeds Expectations,Team Lead,Great apply hold director speech practice concern president.
REV00844,EMP0278,2014-02-26,4,86,Exceeds Expectations,Team Lead,Experience sell maybe stand kitchen.
REV00845,EMP0278,2015-02-26,2,62,Needs Improvement,Team Lead,Determine audience industry collection wrong go.
REV00846,EMP0278,2016-02-26,1,47,Poor,HR Department,Sell run war something dark Mrs hair.
REV00847,EMP0278,2017-02-26,3,75,Meets Expectations,HR Department,Learn second feel wrong.
REV00848,EMP0279,2017-08-17,5,99,Outstanding,Department Manager,Street throughout plant resource better.
REV00849,EMP0279,2018-08-17,3,75,Meets Expectations,HR Department,Work camera director.
REV00850,EMP0279,2019-08-17,4,85,Exceeds Expectations,Department Manager,Whatever capital huge policy range bag set even.
REV00851,EMP0280,2021-07-26,5,97,Outstanding,Team Lead,Only fight authority cell but trade wide.
REV00852,EMP0280,2022-07-26,3,70,Meets Expectations,Team Lead,Federal former current scene writer sure interest by.
REV00853,EMP0280,2023-07-26,4,89,Exceeds Expectations,Department Manager,Space leave fish.
REV00854,EMP0281,2015-02-13,5,93,Outstanding,Department Manager,Though him watch.
REV00855,EMP0281,2016-02-13,3,72,Meets Expectations,Team Lead,Democrat nothing they fact hundred accept.
REV00856,EMP0282,2020-08-26,4,88,Exceeds Expectations,HR Department,Able boy meet bill those city.
REV00857,EMP0282,2021-08-26,2,62,Needs Improvement,Team Lead,Life main manage my national travel according.
REV00858,EMP0282,2022-08-26,3,70,Meets Expectations,Department Manager,Consider cell wind activity large.
REV00859,EMP0282,2023-08-26,3,75,Meets Expectations,Department Manager,Finally put than us foot.
REV00860,EMP0283,2026-12-10,1,47,Poor,Department Manager,State its opportunity president mean.
REV00861,EMP0283,2027-12-10,3,79,Meets Expectations,Department Manager,Growth campaign air add budget.
REV00862,EMP0283,2028-12-10,1,58,Poor,Team Lead,Him simple manager.
REV00863,EMP0283,2029-12-10,4,88,Exceeds Expectations,Team Lead,His own box ever recently represent.
REV00864,EMP0284,2021-04-24,4,80,Exceeds Expectations,Department Manager,Hour mission get when ahead those.
REV00865,EMP0284,2022-04-24,3,78,Meets Expectations,Department Manager,When amount good early.
REV00866,EMP0285,2020-05-20,4,89,Exceeds Expectations,Department Manager,Instead rather author recognize foreign exactly seem.
REV00867,EMP0285,2021-05-20,4,81,Exceeds Expectations,Team Lead,Likely follow understand even.
REV00868,EMP0286,2019-08-25,3,70,Meets Expectations,Team Lead,Business rise offer more behavior yes sport.
REV00869,EMP0286,2020-08-25,4,80,Exceeds Expectations,HR Department,Effort method what design feeling economy.
REV00870,EMP0286,2021-08-25,4,89,Exceeds Expectations,HR Department,Work letter value ground fall arm.
REV00871,EMP0287,2019-08-07,4,85,Exceeds Expectations,HR Department,Reality fall choice first station be heart.
REV00872,EMP0287,2020-08-07,4,89,Exceeds Expectations,Team Lead,Ask hear carry everything.
REV00873,EMP0288,2026-02-08,3,79,Meets Expectations,Department Manager,She network way itself.
REV00874,EMP0288,2027-02-08,2,63,Needs Improvement,Department Manager,Treat pick rather choose some history natural.
REV00875,EMP0289,2018-12-21,4,88,Exceeds Expectations,Department Manager,Necessary hope office right finish modern.
REV00876,EMP0289,2019-12-21,4,87,Exceeds Expectations,Department Manager,Series since miss.
REV00877,EMP0289,2020-12-21,4,87,Exceeds Expectations,HR Department,Fire land site official question.
REV00878,EMP0290,2013-10-25,4,88,Exceeds Expectations,HR Department,Sometimes nor wrong particular fight.
REV00879,EMP0290,2014-10-25,3,71,Meets Expectations,HR Department,Cup popular at main open week listen.
REV00880,EMP0290,2015-10-25,3,78,Meets Expectations,Team Lead,Discuss star I position stock statement yet candidate.
REV00881,EMP0290,2016-10-25,3,72,Meets Expectations,HR Department,Lot together red side.
REV00882,EMP0291,2016-02-17,3,72,Meets Expectations,Team Lead,Purpose face mind example anyone.
REV00883,EMP0291,2017-02-17,3,77,Meets Expectations,Department Manager,Technology country popular before man foot drug whose.
REV00884,EMP0291,2018-02-17,4,83,Exceeds Expectations,Team Lead,Face evidence television mention vote threat sense.
REV00885,EMP0291,2019-02-17,4,82,Exceeds Expectations,Team Lead,Bag like center pay final.
REV00886,EMP0292,2013-03-14,5,93,Outstanding,Department Manager,Man first single dog.
REV00887,EMP0292,2014-03-14,4,86,Exceeds Expectations,Department Manager,Out short size charge structure hit style.
REV00888,EMP0292,2015-03-14,3,71,Meets Expectations,Team Lead,College occur condition really line team individual.
REV00889,EMP0293,2014-05-19,3,77,Meets Expectations,Team Lead,Imagine particular parent you couple.
REV00890,EMP0293,2015-05-19,3,72,Meets Expectations,Team Lead,Whom decide clearly will.
REV00891,EMP0293,2016-05-19,1,49,Poor,Team Lead,Step stage sit science view receive.
REV00892,EMP0294,2017-06-03,2,62,Needs Improvement,HR Department,Less way check than usually performance.
REV00893,EMP0294,2018-06-03,3,77,Meets Expectations,Team Lead,Study majority social create.
REV00894,EMP0294,2019-06-03,3,79,Meets Expectations,Department Manager,Week human alone.
REV00895,EMP0295,2017-08-31,4,81,Exceeds Expectations,HR Department,Remain indicate can pretty perhaps history.
REV00896,EMP0295,2018-08-31,2,64,Needs Improvement,Team Lead,Suddenly account last west young score.
REV00897,EMP0295,2019-08-31,3,75,Meets Expectations,Team Lead,Clear soon particular choice official spend.
REV00898,EMP0296,2023-03-19,3,79,Meets Expectations,Team Lead,Mention detail meet throw fear big.
REV00899,EMP0296,2024-03-19,2,68,Needs Improvement,Team Lead,Become audience most several every.
REV00900,EMP0296,2025-03-19,3,77,Meets Expectations,Team Lead,Wait determine candidate.
REV00901,EMP0297,2020-03-16,3,70,Meets Expectations,Department Manager,Perhaps thus subject.
REV00902,EMP0297,2021-03-16,2,60,Needs Improvement,Department Manager,Authority manager stuff hear like.
REV00903,EMP0298,2025-03-24,4,88,Exceeds Expectations,Department Manager,Push experience authority director.
REV00904,EMP0298,2026-03-24,5,96,Outstanding,Department Manager,Special avoid can analysis.
REV00905,EMP0298,2027-03-24,3,73,Meets Expectations,Team Lead,Look maybe change mission ahead year Mr.
REV00906,EMP0298,2028-03-24,3,77,Meets Expectations,Team Lead,Another can purpose address.
REV00907,EMP0299,2018-07-05,4,87,Exceeds Expectations,HR Department,Of rock rate agreement.
REV00908,EMP0299,2019-07-05,2,61,Needs Improvement,Department Manager,Short think reveal perform get.
REV00909,EMP0299,2020-07-05,4,82,Exceeds Expectations,HR Department,City health wrong attorney style suggest country.
REV00910,EMP0300,2023-09-15,1,51,Poor,Department Manager,Above under class east take message these price.
REV00911,EMP0300,2024-09-15,3,75,Meets Expectations,HR Department,Available effect how value dinner attorney.
REV00912,EMP0300,2025-09-15,5,98,Outstanding,HR Department,Research coach write movement southern practice treat story.
REV00913,EMP0300,2026-09-15,1,42,Poor,HR Department,Throw person result gun threat.
REV00914,EMP0301,2017-03-14,4,82,Exceeds Expectations,Team Lead,Other tough pass identify education do early he.
REV00915,EMP0301,2018-03-14,3,70,Meets Expectations,Department Manager,Section along mother your happen east change.
REV00916,EMP0302,2027-01-18,4,88,Exceeds Expectations,HR Department,Strategy will six change side from.
REV00917,EMP0302,2028-01-18,4,87,Exceeds Expectations,HR Department,Tree voice contain occur election.
REV00918,EMP0302,2029-01-18,2,66,Needs Improvement,HR Department,Tax lose key scientist.
REV00919,EMP0303,2017-08-04,4,88,Exceeds Expectations,Team Lead,Fire old think cost because.
REV00920,EMP0303,2018-08-04,4,83,Exceeds Expectations,Department Manager,Right give great media.
REV00921,EMP0303,2019-08-04,5,98,Outstanding,Team Lead,Walk traditional under edge any paper writer per.
REV00922,EMP0304,2018-03-29,5,95,Outstanding,HR Department,Truth single front energy audience trouble.
REV00923,EMP0304,2019-03-29,3,74,Meets Expectations,Department Manager,Ten source best.
REV00924,EMP0305,2021-12-01,5,93,Outstanding,Team Lead,Under peace standard describe.
REV00925,EMP0305,2022-12-01,3,77,Meets Expectations,Department Manager,When rich public ok let method look.
REV00926,EMP0306,2025-12-02,4,85,Exceeds Expectations,HR Department,Agency must finally total.
REV00927,EMP0306,2026-12-02,4,85,Exceeds Expectations,Department Manager,Care character out something way peace serious film.
REV00928,EMP0306,2027-12-02,4,89,Exceeds Expectations,Team Lead,Past prepare morning.
REV00929,EMP0307,2015-05-03,2,68,Needs Improvement,Team Lead,Occur then expect ground company.
REV00930,EMP0307,2016-05-03,4,86,Exceeds Expectations,Department Manager,Perform guess car language over.
REV00931,EMP0308,2021-07-17,4,89,Exceeds Expectations,Team Lead,Agency provide stop.
REV00932,EMP0308,2022-07-17,2,63,Needs Improvement,Department Manager,Tree between station its cell.
REV00933,EMP0308,2023-07-17,3,76,Meets Expectations,Team Lead,Ball couple level one.
REV00934,EMP0308,2024-07-17,3,74,Meets Expectations,Department Manager,Tree professor bit case million something plan.
REV00935,EMP0309,2026-09-16,3,75,Meets Expectations,Department Manager,Tree politics nation citizen money per.
REV00936,EMP0309,2027-09-16,3,76,Meets Expectations,Team Lead,Citizen type walk space.
REV00937,EMP0310,2021-08-01,2,62,Needs Improvement,Department Manager,Parent president course stuff month month entire.
REV00938,EMP0310,2022-08-01,3,73,Meets Expectations,Department Manager,Commercial performance rise remain live ability.
REV00939,EMP0311,2023-09-09,3,71,Meets Expectations,Team Lead,Stock report consider baby.
REV00940,EMP0311,2024-09-09,3,75,Meets Expectations,Department Manager,This hotel cut property general add teach.
REV00941,EMP0312,2013-12-09,3,71,Meets Expectations,HR Department,Since consider majority building prove.
REV00942,EMP0312,2014-12-09,3,77,Meets Expectations,Team Lead,And parent staff available manage finish.
REV00943,EMP0312,2015-12-09,1,58,Poor,HR Department,Worker indicate fund quite.
REV00944,EMP0312,2016-12-09,2,69,Needs Improvement,HR Department,Little free so Mr natural camera nor.
REV00945,EMP0313,2013-10-10,4,86,Exceeds Expectations,HR Department,Allow strong current.
REV00946,EMP0313,2014-10-10,3,73,Meets Expectations,Team Lead,Collection seek idea recently PM.
REV00947,EMP0313,2015-10-10,4,88,Exceeds Expectations,Team Lead,Compare month weight serve.
REV00948,EMP0314,2020-09-15,1,53,Poor,HR Department,Everyone hit low between those.
REV00949,EMP0314,2021-09-15,4,84,Exceeds Expectations,Team Lead,Which camera thousand.
REV00950,EMP0315,2014-09-19,4,87,Exceeds Expectations,Team Lead,New kid public reduce feel son hit.
REV00951,EMP0315,2015-09-19,3,73,Meets Expectations,HR Department,Actually between art this property require her.
REV00952,EMP0315,2016-09-19,1,44,Poor,HR Department,Draw hard thought.
REV00953,EMP0315,2017-09-19,4,86,Exceeds Expectations,HR Department,Under professor so teach.
REV00954,EMP0316,2024-12-07,3,78,Meets Expectations,HR Department,Lay represent ten call same affect rise.
REV00955,EMP0316,2025-12-07,3,78,Meets Expectations,HR Department,Protect film reflect find.
REV00956,EMP0316,2026-12-07,4,87,Exceeds Expectations,Team Lead,Deal I different hundred deal fund stock treat.
REV00957,EMP0316,2027-12-07,3,70,Meets Expectations,Department Manager,Nor not on sign medical.
REV00958,EMP0317,2013-12-31,3,74,Meets Expectations,Team Lead,Professor easy series one sign keep.
REV00959,EMP0317,2014-12-31,4,83,Exceeds Expectations,Department Manager,Little me suddenly why expert door.
REV00960,EMP0317,2015-12-31,2,64,Needs Improvement,HR Department,Energy yet plant those road someone.
REV00961,EMP0317,2016-12-31,5,94,Outstanding,Department Manager,And kitchen allow.
REV00962,EMP0318,2020-08-22,4,84,Exceeds Expectations,Department Manager,Hand wonder detail live travel.
REV00963,EMP0318,2021-08-22,3,72,Meets Expectations,HR Department,Study doctor series news agent.
REV00964,EMP0318,2022-08-22,3,76,Meets Expectations,Team Lead,Science three window woman room from amount.
REV00965,EMP0319,2022-06-02,4,81,Exceeds Expectations,Department Manager,Detail training sound computer notice activity get.
REV00966,EMP0319,2023-06-02,5,100,Outstanding,HR Department,Her stuff doctor traditional bar.
REV00967,EMP0320,2018-11-03,3,75,Meets Expectations,Team Lead,Under size exactly cover media.
REV00968,EMP0320,2019-11-03,4,85,Exceeds Expectations,Department Manager,Your major lose place loss heart begin.
REV00969,EMP0321,2021-06-26,3,75,Meets Expectations,Team Lead,Next recent budget up nor education together.
REV00970,EMP0321,2022-06-26,4,82,Exceeds Expectations,Team Lead,Whatever class cover eight attention bad.
REV00971,EMP0321,2023-06-26,2,63,Needs Improvement,Team Lead,Day blue cost meet daughter.
REV00972,EMP0322,2013-03-18,3,78,Meets Expectations,HR Department,Human reduce west key west tend.
REV00973,EMP0322,2014-03-18,3,73,Meets Expectations,HR Department,Two community she dark early.
REV00974,EMP0322,2015-03-18,3,73,Meets Expectations,HR Department,Only bill where book soldier front group popular.
REV00975,EMP0323,2026-05-21,4,84,Exceeds Expectations,Department Manager,Data fact property form argue current.
REV00976,EMP0323,2027-05-21,5,97,Outstanding,Team Lead,Understand computer hope seem might.
REV00977,EMP0323,2028-05-21,3,78,Meets Expectations,Team Lead,Total sure role benefit space month firm.
REV00978,EMP0324,2014-03-15,4,82,Exceeds Expectations,Team Lead,Road add benefit song girl.
REV00979,EMP0324,2015-03-15,3,74,Meets Expectations,Department Manager,Culture mother try service.
REV00980,EMP0324,2016-03-15,4,88,Exceeds Expectations,HR Department,Among tax or oil prevent.
REV00981,EMP0324,2017-03-15,3,72,Meets Expectations,Department Manager,Always cut perhaps instead.
REV00982,EMP0325,2015-07-24,5,95,Outstanding,Department Manager,Level could light today tax strategy collection.
REV00983,EMP0325,2016-07-24,3,72,Meets Expectations,HR Department,Baby walk across contain other during both.
REV00984,EMP0325,2017-07-24,3,77,Meets Expectations,HR Department,Shoulder perhaps information space investment.
REV00985,EMP0325,2018-07-24,3,73,Meets Expectations,Team Lead,Attack network word whole base car federal.
REV00986,EMP0326,2026-04-27,3,72,Meets Expectations,Team Lead,Long large short computer recent charge near.
REV00987,EMP0326,2027-04-27,3,77,Meets Expectations,Team Lead,Act fear explain type space purpose.
REV00988,EMP0326,2028-04-27,5,93,Outstanding,Team Lead,Common traditional four person daughter wide.
REV00989,EMP0326,2029-04-27,2,68,Needs Improvement,HR Department,High they like impact.
REV00990,EMP0327,2025-12-16,4,89,Exceeds Expectations,Department Manager,Structure probably personal tell.
REV00991,EMP0327,2026-12-16,4,88,Exceeds Expectations,HR Department,Bar produce life city nice hold address play.
REV00992,EMP0328,2025-10-05,4,81,Exceeds Expectations,HR Department,Tend quickly should miss.
REV00993,EMP0328,2026-10-05,3,70,Meets Expectations,Team Lead,Recognize wall movie usually without score able price.
REV00994,EMP0329,2021-01-09,4,81,Exceeds Expectations,Team Lead,What smile heavy person agree.
REV00995,EMP0329,2022-01-09,4,83,Exceeds Expectations,Department Manager,Board professor whom wonder certain perform.
REV00996,EMP0330,2014-01-23,3,79,Meets Expectations,Team Lead,Reflect black be interesting name.
REV00997,EMP0330,2015-01-23,4,84,Exceeds Expectations,Team Lead,Himself little morning feeling show involve.
REV00998,EMP0330,2016-01-23,5,99,Outstanding,Department Manager,Model source player phone pattern scene list.
REV00999,EMP0330,2017-01-23,2,60,Needs Improvement,Team Lead,Administration sing break leader box try will power.
REV01000,EMP0331,2025-04-02,2,61,Needs Improvement,Team Lead,They level woman box.
REV01001,EMP0331,2026-04-02,4,88,Exceeds Expectations,Department Manager,Draw fear build town eight easy care.
REV01002,EMP0331,2027-04-02,2,60,Needs Improvement,HR Department,Large hotel customer century break particular thank.
REV01003,EMP0331,2028-04-02,4,80,Exceeds Expectations,HR Department,Fast get environment.
REV01004,EMP0332,2022-03-13,4,85,Exceeds Expectations,Team Lead,Get represent through company through program pretty.
REV01005,EMP0332,2023-03-13,4,85,Exceeds Expectations,Team Lead,It a method soon or indeed four.
REV01006,EMP0332,2024-03-13,4,89,Exceeds Expectations,HR Department,Computer from left research really hundred.
REV01007,EMP0332,2025-03-13,4,87,Exceeds Expectations,HR Department,Onto option newspaper fish another baby.
REV01008,EMP0333,2023-06-09,4,88,Exceeds Expectations,Team Lead,Race chance beautiful six how.
REV01009,EMP0333,2024-06-09,5,92,Outstanding,Department Manager,Leg skill conference natural bank management.
REV01010,EMP0333,2025-06-09,3,77,Meets Expectations,Department Manager,Put toward employee cause road effect ago.
REV01011,EMP0333,2026-06-09,4,89,Exceeds Expectations,Team Lead,Popular second key evidence record.
REV01012,EMP0334,2022-05-18,4,89,Exceeds Expectations,Department Manager,Source business attention majority entire buy entire.
REV01013,EMP0334,2023-05-18,2,69,Needs Improvement,Team Lead,Decade health give stage trade candidate.
REV01014,EMP0334,2024-05-18,3,76,Meets Expectations,HR Department,Few husband machine debate.
REV01015,EMP0334,2025-05-18,4,82,Exceeds Expectations,Team Lead,Report where develop arrive test subject report.
REV01016,EMP0335,2022-07-31,2,60,Needs Improvement,Team Lead,Feeling through thought.
REV01017,EMP0335,2023-07-31,5,90,Outstanding,Department Manager,Usually party determine consumer window.
REV01018,EMP0336,2026-07-20,4,87,Exceeds Expectations,Team Lead,Bag ago skin institution lay three protect.
REV01019,EMP0336,2027-07-20,2,63,Needs Improvement,HR Department,Believe place news buy old buy.
REV01020,EMP0337,2026-10-22,3,79,Meets Expectations,Team Lead,Research sell since third hand interest.
REV01021,EMP0337,2027-10-22,5,91,Outstanding,Department Manager,Model leader trouble toward per.
REV01022,EMP0337,2028-10-22,4,89,Exceeds Expectations,Team Lead,President better board none coach wall.
REV01023,EMP0338,2023-11-19,5,95,Outstanding,Team Lead,At election window minute decision instead shake.
REV01024,EMP0338,2024-11-19,2,61,Needs Improvement,Department Manager,Employee never tough leave bed relationship.
REV01025,EMP0338,2025-11-19,4,81,Exceeds Expectations,HR Department,Sport feeling free head.
REV01026,EMP0339,2012-11-12,5,90,Outstanding,Team Lead,Either artist again arrive travel forget standard.
REV01027,EMP0339,2013-11-12,4,88,Exceeds Expectations,HR Department,Approach listen street station consider consider them.
REV01028,EMP0340,2018-04-17,2,62,Needs Improvement,Department Manager,Whom miss day anyone trial about determine member.
REV01029,EMP0340,2019-04-17,4,81,Exceeds Expectations,HR Department,Help shake cup beautiful.
REV01030,EMP0340,2020-04-17,4,89,Exceeds Expectations,Department Manager,Her enough grow stay book ground nothing.
REV01031,EMP0341,2026-09-03,5,98,Outstanding,HR Department,First history likely dark interest place.
REV01032,EMP0341,2027-09-03,4,83,Exceeds Expectations,HR Department,Shake factor property collection.
REV01033,EMP0341,2028-09-03,1,45,Poor,Team Lead,Without modern billion including.
REV01034,EMP0342,2021-10-16,4,88,Exceeds Expectations,HR Department,Note evening manager officer responsibility participant.
REV01035,EMP0342,2022-10-16,3,77,Meets Expectations,HR Department,Turn special mind.
REV01036,EMP0343,2015-04-22,4,80,Exceeds Expectations,Team Lead,Minute up have personal relationship almost south laugh.
REV01037,EMP0343,2016-04-22,5,100,Outstanding,Department Manager,Measure word reach be pressure example already drive.
REV01038,EMP0344,2024-05-28,3,74,Meets Expectations,HR Department,Seem data once trip space American.
REV01039,EMP0344,2025-05-28,3,70,Meets Expectations,Department Manager,Indeed friend meet occur stop.
REV01040,EMP0344,2026-05-28,4,80,Exceeds Expectations,HR Department,Couple art fly building there.
REV01041,EMP0345,2025-09-03,1,52,Poor,Department Manager,Culture ago party remember spend reflect PM.
REV01042,EMP0345,2026-09-03,4,82,Exceeds Expectations,HR Department,Send situation garden hope.
REV01043,EMP0346,2022-10-22,3,73,Meets Expectations,HR Department,Finally section fact nearly do.
REV01044,EMP0346,2023-10-22,5,94,Outstanding,HR Department,Wide today why.
REV01045,EMP0347,2018-09-16,2,61,Needs Improvement,Department Manager,Ask set two society nation.
REV01046,EMP0347,2019-09-16,5,95,Outstanding,HR Department,Memory standard scientist soldier why man crime.
REV01047,EMP0348,2012-08-03,4,80,Exceeds Expectations,HR Department,Medical similar animal position growth.
REV01048,EMP0348,2013-08-03,4,80,Exceeds Expectations,HR Department,Language large history away region.
REV01049,EMP0348,2014-08-03,4,81,Exceeds Expectations,HR Department,Poor wonder necessary international really pay yeah.
REV01050,EMP0348,2015-08-03,3,75,Meets Expectations,Team Lead,Walk determine beyond house note.
REV01051,EMP0349,2026-01-15,2,69,Needs Improvement,Department Manager,Those democratic draw under.
REV01052,EMP0349,2027-01-15,3,77,Meets Expectations,Team Lead,Line strong office act their director.
REV01053,EMP0349,2028-01-15,2,68,Needs Improvement,HR Department,Mention little rise billion newspaper middle community.
REV01054,EMP0350,2024-08-04,4,87,Exceeds Expectations,Team Lead,Each much difficult trade provide.
REV01055,EMP0350,2025-08-04,4,80,Exceeds Expectations,Department Manager,Suddenly chair voice blue.
REV01056,EMP0350,2026-08-04,2,69,Needs Improvement,Department Manager,Treat amount station tough.
REV01057,EMP0350,2027-08-04,5,97,Outstanding,HR Department,Me dream sing stop party expert coach.
REV01058,EMP0351,2018-03-31,4,89,Exceeds Expectations,Team Lead,Imagine usually lose current.
REV01059,EMP0351,2019-03-31,3,70,Meets Expectations,Department Manager,Others behind become significant miss.
REV01060,EMP0351,2020-03-31,4,84,Exceeds Expectations,Team Lead,Interesting star student city network part modern.
REV01061,EMP0352,2025-05-02,3,73,Meets Expectations,HR Department,Mention we unit not like.
REV01062,EMP0352,2026-05-02,4,82,Exceeds Expectations,HR Department,Who me research production another simply.
REV01063,EMP0352,2027-05-02,3,72,Meets Expectations,HR Department,Chair on us.
REV01064,EMP0352,2028-05-02,3,78,Meets Expectations,Team Lead,Reflect billion million unit and lawyer.
REV01065,EMP0353,2013-01-04,2,68,Needs Improvement,Team Lead,Because us seek possible rest.
REV01066,EMP0353,2014-01-04,3,77,Meets Expectations,Team Lead,Management seek run break.
REV01067,EMP0354,2019-05-23,3,79,Meets Expectations,Team Lead,Dark must in citizen smile relate marriage.
REV01068,EMP0354,2020-05-23,4,86,Exceeds Expectations,Department Manager,Role join prevent pass cost direction wind.
REV01069,EMP0354,2021-05-23,4,82,Exceeds Expectations,Department Manager,Center out little.
REV01070,EMP0354,2022-05-23,3,71,Meets Expectations,HR Department,Might long radio current million six.
REV01071,EMP0355,2019-11-16,3,77,Meets Expectations,Team Lead,Suffer ahead skin president morning second edge.
REV01072,EMP0355,2020-11-16,5,92,Outstanding,HR Department,Western of edge term.
REV01073,EMP0355,2021-11-16,4,86,Exceeds Expectations,HR Department,Over relationship a difference discussion throw.
REV01074,EMP0355,2022-11-16,4,81,Exceeds Expectations,HR Department,Bad structure task Mr rest mother particular.
REV01075,EMP0356,2027-05-23,4,85,Exceeds Expectations,HR Department,Look modern Mrs sit break fly.
REV01076,EMP0356,2028-05-23,5,95,Outstanding,HR Department,Include short I remain station official.
REV01077,EMP0356,2029-05-23,5,98,Outstanding,Team Lead,Create expert soldier water more kitchen must dark.
REV01078,EMP0356,2030-05-23,4,85,Exceeds Expectations,Team Lead,Action budget smile.
REV01079,EMP0357,2012-12-18,4,81,Exceeds Expectations,Department Manager,Ever event wife offer ask.
REV01080,EMP0357,2013-12-18,4,89,Exceeds Expectations,Team Lead,Indicate true little.
REV01081,EMP0358,2016-04-17,3,72,Meets Expectations,Team Lead,Sign word clearly mind popular.
REV01082,EMP0358,2017-04-17,3,78,Meets Expectations,Team Lead,Happen compare thousand structure speak subject hope.
REV01083,EMP0358,2018-04-17,3,76,Meets Expectations,Department Manager,Fish great speak write gas understand either.
REV01084,EMP0359,2022-02-03,4,88,Exceeds Expectations,Department Manager,Force now approach range wait majority relationship.
REV01085,EMP0359,2023-02-03,3,72,Meets Expectations,Team Lead,Operation night idea security it.
REV01086,EMP0360,2014-01-25,2,63,Needs Improvement,Team Lead,Party better more.
REV01087,EMP0360,2015-01-25,5,100,Outstanding,Department Manager,Treat share people affect early knowledge around.
REV01088,EMP0360,2016-01-25,3,74,Meets Expectations,HR Department,Event in even score reality if.
REV01089,EMP0361,2026-05-22,3,75,Meets Expectations,Department Manager,Study hotel half character purpose find.
REV01090,EMP0361,2027-05-22,3,70,Meets Expectations,HR Department,Small table agreement very suggest situation.
REV01091,EMP0362,2015-04-12,3,74,Meets Expectations,Department Manager,Window color break week.
REV01092,EMP0362,2016-04-12,2,66,Needs Improvement,HR Department,Body worker school claim true five message.
REV01093,EMP0363,2023-03-01,4,88,Exceeds Expectations,Team Lead,Company appear century it sport claim.
REV01094,EMP0363,2024-03-01,1,46,Poor,HR Department,Social it significant call section.
REV01095,EMP0363,2025-03-01,2,61,Needs Improvement,HR Department,Main idea evening leader few available.
REV01096,EMP0363,2026-03-01,3,70,Meets Expectations,HR Department,Answer hold heart culture operation maintain chance.
REV01097,EMP0364,2024-03-22,1,55,Poor,Team Lead,Realize go fear.
REV01098,EMP0364,2025-03-22,3,73,Meets Expectations,Team Lead,Single since man.
REV01099,EMP0364,2026-03-22,3,73,Meets Expectations,HR Department,Former our rich cup my follow.
REV01100,EMP0364,2027-03-22,4,82,Exceeds Expectations,HR Department,Cell drug yet trip day once.
REV01101,EMP0365,2024-04-05,4,89,Exceeds Expectations,Team Lead,Radio argue back wait.
REV01102,EMP0365,2025-04-05,3,74,Meets Expectations,Department Manager,Entire everything every wind style effort.
REV01103,EMP0366,2016-04-07,3,72,Meets Expectations,Department Manager,Song herself parent for room customer cultural.
REV01104,EMP0366,2017-04-07,5,94,Outstanding,Team Lead,Myself my pattern yeah low discussion interview.
REV01105,EMP0367,2016-10-07,3,71,Meets Expectations,Department Manager,Condition few letter listen provide manage decision.
REV01106,EMP0367,2017-10-07,3,71,Meets Expectations,Team Lead,Democrat building here couple free trial player.
REV01107,EMP0368,2024-01-24,3,78,Meets Expectations,HR Department,Beautiful imagine country plant young school identify.
REV01108,EMP0368,2025-01-24,5,100,Outstanding,HR Department,Agree position I.
REV01109,EMP0369,2025-04-26,5,96,Outstanding,HR Department,Or miss paper stage late.
REV01110,EMP0369,2026-04-26,3,78,Meets Expectations,Team Lead,Husband certainly drop house again choice.
REV01111,EMP0370,2019-06-20,4,87,Exceeds Expectations,HR Department,Cell design bar answer none cell film.
REV01112,EMP0370,2020-06-20,3,72,Meets Expectations,HR Department,Goal box worker cell five agree attorney player.
REV01113,EMP0370,2021-06-20,3,70,Meets Expectations,HR Department,Fast eye weight decision.
REV01114,EMP0370,2022-06-20,4,81,Exceeds Expectations,Department Manager,Director difference accept organization each.
REV01115,EMP0371,2018-07-28,4,82,Exceeds Expectations,Department Manager,Indicate possible whom quickly animal source central.
REV01116,EMP0371,2019-07-28,4,88,Exceeds Expectations,Department Manager,Play table kind myself control.
REV01117,EMP0371,2020-07-28,5,92,Outstanding,Department Manager,Next interview bed hit charge personal.
REV01118,EMP0372,2018-07-17,4,87,Exceeds Expectations,HR Department,Front pick sign find set style prove.
REV01119,EMP0372,2019-07-17,4,87,Exceeds Expectations,HR Department,Human seek piece mouth often cultural.
REV01120,EMP0372,2020-07-17,4,87,Exceeds Expectations,Department Manager,Rise price stay not.
REV01121,EMP0373,2014-03-27,3,78,Meets Expectations,Department Manager,North remain subject pretty.
REV01122,EMP0373,2015-03-27,5,94,Outstanding,Team Lead,Class despite money actually huge describe avoid.
REV01123,EMP0374,2018-01-19,4,84,Exceeds Expectations,Department Manager,Should summer truth matter.
REV01124,EMP0374,2019-01-19,1,52,Poor,Department Manager,Fire democratic serve field magazine project.
REV01125,EMP0375,2013-02-24,3,72,Meets Expectations,Team Lead,Operation opportunity middle eight become story.
REV01126,EMP0375,2014-02-24,5,100,Outstanding,Team Lead,Analysis step line trial.
REV01127,EMP0376,2019-02-15,3,72,Meets Expectations,HR Department,Policy level task.
REV01128,EMP0376,2020-02-15,4,85,Exceeds Expectations,Team Lead,Energy others color rest system activity.
REV01129,EMP0377,2020-07-24,4,83,Exceeds Expectations,Team Lead,Whether shake company bank movie.
REV01130,EMP0377,2021-07-24,5,92,Outstanding,Department Manager,Character wind evening work hope.
REV01131,EMP0377,2022-07-24,2,61,Needs Improvement,Team Lead,Follow ten great record someone serious left.
REV01132,EMP0378,2026-02-02,3,77,Meets Expectations,Department Manager,Kid theory fire choice power theory civil.
REV01133,EMP0378,2027-02-02,1,45,Poor,Team Lead,Young garden its per very.
REV01134,EMP0378,2028-02-02,4,87,Exceeds Expectations,Department Manager,Write season place daughter start interest.
REV01135,EMP0378,2029-02-02,1,50,Poor,Team Lead,Right finally list father others standard.
REV01136,EMP0379,2023-10-21,4,85,Exceeds Expectations,Department Manager,Leg out hear eye mean building for.
REV01137,EMP0379,2024-10-21,3,72,Meets Expectations,Department Manager,Modern social explain Republican issue fight want.
REV01138,EMP0379,2025-10-21,5,91,Outstanding,Team Lead,Idea decision purpose close manage may.
REV01139,EMP0379,2026-10-21,3,79,Meets Expectations,Team Lead,Main once degree think dream all.
REV01140,EMP0380,2013-04-09,4,83,Exceeds Expectations,Department Manager,Form military break seven participant.
REV01141,EMP0380,2014-04-09,5,91,Outstanding,Department Manager,During certainly strategy imagine reduce member draw.
REV01142,EMP0380,2015-04-09,4,89,Exceeds Expectations,HR Department,Half unit international story.
REV01143,EMP0380,2016-04-09,5,93,Outstanding,Department Manager,Rate view myself certain building quickly contain.
REV01144,EMP0381,2020-06-25,4,81,Exceeds Expectations,Team Lead,Power size family white.
REV01145,EMP0381,2021-06-25,4,89,Exceeds Expectations,Department Manager,Smile something start return early result.
REV01146,EMP0381,2022-06-25,3,76,Meets Expectations,Team Lead,Project stock you put.
REV01147,EMP0382,2020-04-23,4,86,Exceeds Expectations,Team Lead,Owner image first floor include defense.
REV01148,EMP0382,2021-04-23,3,76,Meets Expectations,HR Department,To action amount perhaps.
REV01149,EMP0382,2022-04-23,3,71,Meets Expectations,Team Lead,Individual know make sometimes mean firm pick.
REV01150,EMP0382,2023-04-23,2,69,Needs Improvement,HR Department,Great during reduce course every.
REV01151,EMP0383,2026-09-19,3,78,Meets Expectations,HR Department,Ok between out.
REV01152,EMP0383,2027-09-19,4,80,Exceeds Expectations,Department Manager,Run me range everyone important cold life.
REV01153,EMP0383,2028-09-19,5,90,Outstanding,HR Department,Training hundred song as son cultural.
REV01154,EMP0383,2029-09-19,3,73,Meets Expectations,Team Lead,Security customer church training quite number movie.
REV01155,EMP0384,2024-06-08,1,50,Poor,Department Manager,Woman debate become station fine positive.
REV01156,EMP0384,2025-06-08,4,80,Exceeds Expectations,Team Lead,Modern table old car pay or.
REV01157,EMP0384,2026-06-08,2,66,Needs Improvement,HR Department,International reflect study how someone far even.
REV01158,EMP0385,2025-05-25,4,82,Exceeds Expectations,HR Department,Bar bar laugh maybe.
REV01159,EMP0385,2026-05-25,3,78,Meets Expectations,Department Manager,Similar begin red season street point before half.
REV01160,EMP0385,2027-05-25,4,80,Exceeds Expectations,HR Department,Expect partner process stuff huge.
REV01161,EMP0386,2017-04-02,3,76,Meets Expectations,Department Manager,Admit bill modern word product production.
REV01162,EMP0386,2018-04-02,4,85,Exceeds Expectations,Team Lead,Red sister choose economic.
REV01163,EMP0387,2025-08-13,3,75,Meets Expectations,Team Lead,Hair mouth keep should seven.
REV01164,EMP0387,2026-08-13,4,81,Exceeds Expectations,Department Manager,Small attention far sometimes space art boy section.
REV01165,EMP0387,2027-08-13,3,78,Meets Expectations,Team Lead,Chance table top.
REV01166,EMP0387,2028-08-13,4,88,Exceeds Expectations,Department Manager,Spring threat mission poor.
REV01167,EMP0388,2020-11-27,3,73,Meets Expectations,Team Lead,Truth reason page agent Democrat.
REV01168,EMP0388,2021-11-27,3,71,Meets Expectations,Team Lead,Store tax protect reduce table show cover.
REV01169,EMP0388,2022-11-27,4,81,Exceeds Expectations,Department Manager,Act save best.
REV01170,EMP0389,2015-07-02,3,72,Meets Expectations,HR Department,He exist morning either each audience activity.
REV01171,EMP0389,2016-07-02,4,80,Exceeds Expectations,Department Manager,Live anyone long.
REV01172,EMP0389,2017-07-02,3,77,Meets Expectations,Department Manager,Sea over guess.
REV01173,EMP0389,2018-07-02,4,84,Exceeds Expectations,Department Manager,Scientist commercial never certainly.
REV01174,EMP0390,2019-06-16,4,85,Exceeds Expectations,Department Manager,Chair worker in special.
REV01175,EMP0390,2020-06-16,4,88,Exceeds Expectations,Department Manager,Beat play necessary recognize cut she between own.
REV01176,EMP0390,2021-06-16,3,76,Meets Expectations,Team Lead,List position common term wall service.
REV01177,EMP0391,2026-06-20,4,81,Exceeds Expectations,HR Department,Feel authority among nothing view laugh me central.
REV01178,EMP0391,2027-06-20,4,80,Exceeds Expectations,HR Department,Son answer western center.
REV01179,EMP0391,2028-06-20,4,88,Exceeds Expectations,Team Lead,Most great Congress book serious newspaper.
REV01180,EMP0392,2015-04-01,4,88,Exceeds Expectations,Department Manager,Partner story involve little million including.
REV01181,EMP0392,2016-04-01,1,57,Poor,Team Lead,Whom energy listen news theory center enter.
REV01182,EMP0392,2017-04-01,4,87,Exceeds Expectations,Department Manager,Past cause guess push democratic own manage.
REV01183,EMP0393,2023-07-03,3,74,Meets Expectations,HR Department,Station worry time team happy.
REV01184,EMP0393,2024-07-03,3,79,Meets Expectations,HR Department,Defense radio finally especially he.
REV01185,EMP0393,2025-07-03,1,52,Poor,Department Manager,Trouble least inside.
REV01186,EMP0393,2026-07-03,4,83,Exceeds Expectations,HR Department,Watch about build number more near four.
REV01187,EMP0394,2019-03-18,3,77,Meets Expectations,HR Department,Policy nearly entire focus thank learn.
REV01188,EMP0394,2020-03-18,1,49,Poor,Team Lead,Deep six military little land describe will.
REV01189,EMP0395,2027-05-03,5,96,Outstanding,Department Manager,Form star gun successful owner loss.
REV01190,EMP0395,2028-05-03,3,70,Meets Expectations,Team Lead,Box although whom expect system.
REV01191,EMP0396,2020-09-22,4,82,Exceeds Expectations,Department Manager,Success themselves care father.
REV01192,EMP0396,2021-09-22,4,88,Exceeds Expectations,Department Manager,Size policy some determine positive.
REV01193,EMP0396,2022-09-22,4,85,Exceeds Expectations,Team Lead,Police just bill add people black.
REV01194,EMP0397,2014-09-01,3,72,Meets Expectations,Department Manager,Tree concern sign.
REV01195,EMP0397,2015-09-01,3,76,Meets Expectations,Department Manager,Personal while within effect think huge second police.
REV01196,EMP0397,2016-09-01,5,97,Outstanding,HR Department,At itself oil night.
REV01197,EMP0397,2017-09-01,3,71,Meets Expectations,Department Manager,Modern speech first tell listen forget head eight.
REV01198,EMP0398,2023-03-04,3,75,Meets Expectations,Department Manager,Arm finally check or.
REV01199,EMP0398,2024-03-04,4,83,Exceeds Expectations,HR Department,Wear operation wrong sound company large.
REV01200,EMP0398,2025-03-04,1,50,Poor,Team Lead,Forward pressure air arrive everything.
REV01201,EMP0399,2015-02-07,3,75,Meets Expectations,HR Department,Affect positive vote job.
REV01202,EMP0399,2016-02-07,5,93,Outstanding,HR Department,Seat last officer pay investment.
REV01203,EMP0399,2017-02-07,3,78,Meets Expectations,Team Lead,Star radio wife different blue summer we.
REV01204,EMP0399,2018-02-07,2,68,Needs Improvement,Department Manager,Wide leader whole couple live religious.
REV01205,EMP0400,2021-09-30,3,77,Meets Expectations,HR Department,Dog involve task among shake.
REV01206,EMP0400,2022-09-30,4,80,Exceeds Expectations,Team Lead,Least stage drug quality field.
REV01207,EMP0400,2023-09-30,1,42,Poor,Department Manager,Sign management race event.
REV01208,EMP0400,2024-09-30,4,80,Exceeds Expectations,HR Department,Yard military trade line herself west.
REV01209,EMP0401,2022-06-29,4,80,Exceeds Expectations,HR Department,Control factor yourself economic direction tax box.
REV01210,EMP0401,2023-06-29,3,79,Meets Expectations,HR Department,Beat whatever senior sell take agreement determine.
REV01211,EMP0401,2024-06-29,4,80,Exceeds Expectations,HR Department,Important military weight worker scene.
REV01212,EMP0401,2025-06-29,5,97,Outstanding,Department Manager,Cell she thing memory.
REV01213,EMP0402,2022-06-06,4,82,Exceeds Expectations,Team Lead,Service senior analysis use.
REV01214,EMP0402,2023-06-06,3,75,Meets Expectations,Team Lead,Build father many.
REV01215,EMP0402,2024-06-06,3,73,Meets Expectations,Department Manager,Trade hair record see my decade mean.
REV01216,EMP0402,2025-06-06,5,100,Outstanding,HR Department,Stop nation more door show meet thus.
REV01217,EMP0403,2021-08-25,3,78,Meets Expectations,Department Manager,The increase decide party land door.
REV01218,EMP0403,2022-08-25,4,88,Exceeds Expectations,Team Lead,Always ask star able energy poor life product.
REV01219,EMP0403,2023-08-25,4,87,Exceeds Expectations,HR Department,Relate group manager good.
REV01220,EMP0404,2020-07-28,4,82,Exceeds Expectations,HR Department,Early carry improve protect with read.
REV01221,EMP0404,2021-07-28,4,85,Exceeds Expectations,HR Department,Rest leader peace machine reveal follow spend.
REV01222,EMP0404,2022-07-28,2,60,Needs Improvement,Department Manager,School just analysis meet another soon.
REV01223,EMP0404,2023-07-28,5,95,Outstanding,Team Lead,Before manager next write budget.
REV01224,EMP0405,2012-07-30,4,82,Exceeds Expectations,Department Manager,Choose cut himself face huge sit.
REV01225,EMP0405,2013-07-30,3,70,Meets Expectations,HR Department,Upon sport ever arm.
REV01226,EMP0405,2014-07-30,4,86,Exceeds Expectations,Department Manager,Its responsibility build quite east improve personal.
REV01227,EMP0405,2015-07-30,1,46,Poor,Department Manager,Wonder material treatment citizen prevent police.
REV01228,EMP0406,2014-06-25,2,66,Needs Improvement,HR Department,Ask culture admit hot certain move between.
REV01229,EMP0406,2015-06-25,4,83,Exceeds Expectations,Department Manager,Notice program claim financial author.
REV01230,EMP0406,2016-06-25,2,62,Needs Improvement,Department Manager,Street despite fast work beyond north police boy.
REV01231,EMP0406,2017-06-25,3,77,Meets Expectations,Team Lead,East involve skin firm.
REV01232,EMP0407,2025-06-26,4,82,Exceeds Expectations,HR Department,Mention individual decision standard suffer either make.
REV01233,EMP0407,2026-06-26,3,72,Meets Expectations,HR Department,Home letter official trip husband news yeah.
REV01234,EMP0407,2027-06-26,5,98,Outstanding,Department Manager,Attention enjoy vote prevent.
REV01235,EMP0407,2028-06-26,2,67,Needs Improvement,Department Manager,Child memory house easy.
REV01236,EMP0408,2015-07-11,5,96,Outstanding,HR Department,Great practice seven there line bad.
REV01237,EMP0408,2016-07-11,4,84,Exceeds Expectations,Team Lead,Score practice ready minute.
REV01238,EMP0408,2017-07-11,3,72,Meets Expectations,Team Lead,Hit wait push various.
REV01239,EMP0408,2018-07-11,4,83,Exceeds Expectations,HR Department,Country yes back decade although class material.
REV01240,EMP0409,2013-05-31,4,86,Exceeds Expectations,Team Lead,Force share service statement especially raise within career.
REV01241,EMP0409,2014-05-31,3,72,Meets Expectations,Department Manager,Green today scene add another.
REV01242,EMP0409,2015-05-31,1,55,Poor,Department Manager,Huge through policy owner someone history.
REV01243,EMP0410,2014-10-25,4,84,Exceeds Expectations,Department Manager,Say end recognize language teacher do event pick.
REV01244,EMP0410,2015-10-25,3,76,Meets Expectations,Team Lead,Top the late edge likely.
REV01245,EMP0410,2016-10-25,4,82,Exceeds Expectations,Department Manager,Month spring fish language local organization.
REV01246,EMP0410,2017-10-25,1,56,Poor,HR Department,Owner assume Congress sea early gas.
REV01247,EMP0411,2017-11-16,2,66,Needs Improvement,HR Department,Risk special require design reduce.
REV01248,EMP0411,2018-11-16,3,71,Meets Expectations,Team Lead,Most shoulder learn their.
REV01249,EMP0412,2024-12-05,5,98,Outstanding,Team Lead,Commercial dog probably simply stop anyone break exactly.
REV01250,EMP0412,2025-12-05,3,76,Meets Expectations,Team Lead,Responsibility hair chance big natural cause car.
REV01251,EMP0412,2026-12-05,3,70,Meets Expectations,Team Lead,Read according full item build image begin star.
REV01252,EMP0412,2027-12-05,5,97,Outstanding,Department Manager,Might try model picture show enter night.
REV01253,EMP0413,2013-09-25,4,82,Exceeds Expectations,Department Manager,Network hit plant say responsibility.
REV01254,EMP0413,2014-09-25,4,81,Exceeds Expectations,HR Department,Blue alone watch yet Mrs.
REV01255,EMP0413,2015-09-25,1,49,Poor,HR Department,Enjoy bank body opportunity rise similar you kid.
REV01256,EMP0413,2016-09-25,4,87,Exceeds Expectations,HR Department,Late pattern raise far once very fast foot.
REV01257,EMP0414,2023-02-01,3,71,Meets Expectations,Department Manager,Final service development meeting.
REV01258,EMP0414,2024-02-01,4,87,Exceeds Expectations,Team Lead,Budget treatment information purpose point skin seat.
REV01259,EMP0415,2013-01-20,5,91,Outstanding,Department Manager,Discuss I different.
REV01260,EMP0415,2014-01-20,4,85,Exceeds Expectations,Department Manager,But yeah speak specific.
REV01261,EMP0416,2022-03-02,4,82,Exceeds Expectations,Team Lead,Artist pretty key.
REV01262,EMP0416,2023-03-02,3,77,Meets Expectations,Department Manager,Protect along side collection consumer.
REV01263,EMP0417,2018-12-21,1,40,Poor,HR Department,Human pattern reason camera ball response.
REV01264,EMP0417,2019-12-21,4,87,Exceeds Expectations,HR Department,Thank brother direction meeting sing prove new.
REV01265,EMP0417,2020-12-21,4,85,Exceeds Expectations,HR Department,Take any half list.
REV01266,EMP0418,2024-12-22,4,80,Exceeds Expectations,Team Lead,Act issue new also.
REV01267,EMP0418,2025-12-22,3,72,Meets Expectations,Department Manager,Hospital training discussion offer.
REV01268,EMP0418,2026-12-22,4,82,Exceeds Expectations,Team Lead,Other figure between indeed image.
REV01269,EMP0418,2027-12-22,4,86,Exceeds Expectations,Team Lead,Authority do color station.
REV01270,EMP0419,2021-01-10,4,85,Exceeds Expectations,Team Lead,Art behind father.
REV01271,EMP0419,2022-01-10,5,90,Outstanding,Department Manager,Break bag him before only reason.
REV01272,EMP0420,2026-12-20,3,70,Meets Expectations,Team Lead,Open style face.
REV01273,EMP0420,2027-12-20,3,74,Meets Expectations,HR Department,Rock trade take about remember image within.
REV01274,EMP0421,2025-01-24,2,63,Needs Improvement,Team Lead,End star similar such represent thousand point should.
REV01275,EMP0421,2026-01-24,5,95,Outstanding,HR Department,Him economy method.
REV01276,EMP0422,2016-05-27,4,89,Exceeds Expectations,Department Manager,Hotel receive poor listen.
REV01277,EMP0422,2017-05-27,3,72,Meets Expectations,Team Lead,Step success firm agency clearly hope break.
REV01278,EMP0422,2018-05-27,5,97,Outstanding,Department Manager,Build technology field turn.
REV01279,EMP0422,2019-05-27,3,70,Meets Expectations,Department Manager,Each total thousand right know heavy usually issue.
REV01280,EMP0423,2012-08-21,3,77,Meets Expectations,HR Department,Local country form professor star.
REV01281,EMP0423,2013-08-21,4,83,Exceeds Expectations,Department Manager,House north issue big teach eye nature.
REV01282,EMP0423,2014-08-21,2,61,Needs Improvement,Team Lead,Factor down control free second model much.
REV01283,EMP0424,2021-04-03,3,78,Meets Expectations,Department Manager,Question challenge say food parent song catch.
REV01284,EMP0424,2022-04-03,3,71,Meets Expectations,Department Manager,Box leg own difference business board ready if.
REV01285,EMP0424,2023-04-03,5,93,Outstanding,Team Lead,News until cultural street cut.
REV01286,EMP0424,2024-04-03,2,63,Needs Improvement,HR Department,Skill probably identify suddenly in.
REV01287,EMP0425,2012-12-06,5,97,Outstanding,HR Department,Player be billion section technology watch meet.
REV01288,EMP0425,2013-12-06,3,79,Meets Expectations,HR Department,Phone same evening region move machine agreement.
REV01289,EMP0425,2014-12-06,4,88,Exceeds Expectations,Team Lead,Until sure area send.
REV01290,EMP0426,2014-06-28,3,79,Meets Expectations,HR Department,Size evidence thing worry.
REV01291,EMP0426,2015-06-28,5,100,Outstanding,Team Lead,Address suddenly store.
REV01292,EMP0426,2016-06-28,2,63,Needs Improvement,Department Manager,Window media method group science yes.
REV01293,EMP0426,2017-06-28,3,77,Meets Expectations,Department Manager,Card staff sport build next guess political.
REV01294,EMP0427,2025-07-22,4,88,Exceeds Expectations,Department Manager,View build compare local.
REV01295,EMP0427,2026-07-22,4,84,Exceeds Expectations,Team Lead,Democrat own free.
REV01296,EMP0428,2025-09-06,3,76,Meets Expectations,HR Department,Themselves yeah put board relate.
REV01297,EMP0428,2026-09-06,4,83,Exceeds Expectations,HR Department,Seem condition knowledge gun.
REV01298,EMP0428,2027-09-06,4,80,Exceeds Expectations,Team Lead,Structure brother able.
REV01299,EMP0429,2018-04-17,4,82,Exceeds Expectations,Department Manager,Station instead heavy anyone.
REV01300,EMP0429,2019-04-17,4,82,Exceeds Expectations,HR Department,Home fish who machine treatment single serious.
REV01301,EMP0429,2020-04-17,2,68,Needs Improvement,HR Department,Individual throughout top population task top.
REV01302,EMP0430,2019-01-09,3,73,Meets Expectations,HR Department,Pull skill heavy take us finally else.
REV01303,EMP0430,2020-01-09,4,82,Exceeds Expectations,HR Department,Either cause friend leave sing different attorney front.
REV01304,EMP0430,2021-01-09,4,81,Exceeds Expectations,HR Department,Heavy less arrive point turn red.
REV01305,EMP0431,2027-07-01,5,100,Outstanding,HR Department,Occur region western mission.
REV01306,EMP0431,2028-07-01,5,92,Outstanding,HR Department,People three statement should million medical.
REV01307,EMP0431,2029-07-01,5,91,Outstanding,Team Lead,His him yard.
REV01308,EMP0431,2030-07-01,2,63,Needs Improvement,HR Department,Cold establish rest else really cause.
REV01309,EMP0432,2024-11-10,3,79,Meets Expectations,Team Lead,Million structure million trial across.
REV01310,EMP0432,2025-11-10,4,87,Exceeds Expectations,HR Department,Open place country Mr.
REV01311,EMP0432,2026-11-10,4,86,Exceeds Expectations,Department Manager,Material use performance feel above skin bring.
REV01312,EMP0432,2027-11-10,4,89,Exceeds Expectations,Department Manager,Wife pattern fast news those.
REV01313,EMP0433,2023-08-12,2,61,Needs Improvement,Team Lead,Offer amount evening ok no stock.
REV01314,EMP0433,2024-08-12,3,70,Meets Expectations,Department Manager,Follow couple difficult thank computer spring.
REV01315,EMP0434,2021-09-04,4,82,Exceeds Expectations,Team Lead,Seek research field tell service.
REV01316,EMP0434,2022-09-04,4,83,Exceeds Expectations,Team Lead,Energy old believe.
REV01317,EMP0434,2023-09-04,5,92,Outstanding,Team Lead,Director any way on now.
REV01318,EMP0434,2024-09-04,3,74,Meets Expectations,Team Lead,Voice unit full never prove another alone.
REV01319,EMP0435,2017-01-04,4,89,Exceeds Expectations,HR Department,Language above list cold reflect.
REV01320,EMP0435,2018-01-04,5,95,Outstanding,Team Lead,Example rule strategy.
REV01321,EMP0436,2017-12-28,3,72,Meets Expectations,HR Department,Red thank own personal media investment partner.
REV01322,EMP0436,2018-12-28,4,83,Exceeds Expectations,Team Lead,Sense certainly sea standard child crime add.
REV01323,EMP0436,2019-12-28,4,85,Exceeds Expectations,HR Department,Unit memory free local drive.
REV01324,EMP0437,2023-10-03,5,95,Outstanding,HR Department,Fish seat career worker party treatment far.
REV01325,EMP0437,2024-10-03,4,82,Exceeds Expectations,Team Lead,Explain dinner wish bed something item modern.
REV01326,EMP0437,2025-10-03,3,77,Meets Expectations,HR Department,Hit easy forward chair.
REV01327,EMP0437,2026-10-03,3,79,Meets Expectations,HR Department,Common because experience put black information give.
REV01328,EMP0438,2021-09-20,1,58,Poor,Department Manager,He candidate either market.
REV01329,EMP0438,2022-09-20,5,91,Outstanding,HR Department,Attack high kid factor air.
REV01330,EMP0438,2023-09-20,4,83,Exceeds Expectations,Department Manager,Hotel shoulder low.
REV01331,EMP0439,2023-09-14,5,94,Outstanding,Team Lead,Suddenly minute detail purpose southern week.
REV01332,EMP0439,2024-09-14,3,71,Meets Expectations,Department Manager,Write more card blood realize.
REV01333,EMP0439,2025-09-14,4,89,Exceeds Expectations,HR Department,Hope Mrs sport can attention next.
REV01334,EMP0440,2022-01-05,4,80,Exceeds Expectations,Team Lead,Big main when sense involve cut.
REV01335,EMP0440,2023-01-05,3,76,Meets Expectations,HR Department,Task kid less list blue white.
REV01336,EMP0440,2024-01-05,5,92,Outstanding,Department Manager,Improve member career purpose.
REV01337,EMP0441,2015-07-15,4,87,Exceeds Expectations,Team Lead,Yard cup page party national provide alone chance.
REV01338,EMP0441,2016-07-15,3,78,Meets Expectations,Department Manager,Face south improve control.
REV01339,EMP0441,2017-07-15,4,85,Exceeds Expectations,Department Manager,Campaign serve much decide our beat.
REV01340,EMP0442,2026-04-05,4,88,Exceeds Expectations,HR Department,Month who glass election.
REV01341,EMP0442,2027-04-05,3,77,Meets Expectations,HR Department,Store film that.
REV01342,EMP0443,2019-11-26,3,72,Meets Expectations,Department Manager,Song rather laugh indicate black expect read.
REV01343,EMP0443,2020-11-26,4,85,Exceeds Expectations,Department Manager,Easy believe beautiful sing avoid top.
REV01344,EMP0443,2021-11-26,4,85,Exceeds Expectations,Department Manager,Culture laugh court stuff.
REV01345,EMP0444,2025-02-07,4,89,Exceeds Expectations,HR Department,Start develop life discover part something land.
REV01346,EMP0444,2026-02-07,3,73,Meets Expectations,HR Department,Great example force while.
REV01347,EMP0445,2014-11-13,4,89,Exceeds Expectations,Department Manager,Ok season decision.
REV01348,EMP0445,2015-11-13,2,63,Needs Improvement,HR Department,Pass politics set image wish rock Mr.
REV01349,EMP0445,2016-11-13,3,79,Meets Expectations,Department Manager,Black specific moment pretty wish rest book.
REV01350,EMP0445,2017-11-13,3,70,Meets Expectations,Team Lead,Right nor community set begin drop others.
REV01351,EMP0446,2026-08-10,5,92,Outstanding,Team Lead,Yourself again even thus audience watch.
REV01352,EMP0446,2027-08-10,3,74,Meets Expectations,HR Department,Us everything edge stand campaign senior top.
REV01353,EMP0446,2028-08-10,1,41,Poor,HR Department,Significant a task attack her lose.
REV01354,EMP0446,2029-08-10,4,84,Exceeds Expectations,Department Manager,Stage peace president already debate nearly.
REV01355,EMP0447,2014-09-18,5,98,Outstanding,Team Lead,Natural food property light word early cut rather.
REV01356,EMP0447,2015-09-18,5,97,Outstanding,Team Lead,Us send kitchen rich interest.
REV01357,EMP0448,2025-05-19,5,97,Outstanding,Team Lead,Yet step suffer despite interview.
REV01358,EMP0448,2026-05-19,3,71,Meets Expectations,Department Manager,War new think statement short number.
REV01359,EMP0448,2027-05-19,5,92,Outstanding,HR Department,Commercial add imagine since mention why add reach.
REV01360,EMP0448,2028-05-19,3,74,Meets Expectations,HR Department,Community represent break particular.
REV01361,EMP0449,2026-01-07,4,89,Exceeds Expectations,HR Department,Tough charge director read mention poor.
REV01362,EMP0449,2027-01-07,4,83,Exceeds Expectations,Department Manager,One her wide near whom.
REV01363,EMP0449,2028-01-07,3,71,Meets Expectations,HR Department,Form including training president blood blood forward.
REV01364,EMP0450,2019-02-01,4,86,Exceeds Expectations,Department Manager,View follow player level describe material.
REV01365,EMP0450,2020-02-01,3,74,Meets Expectations,HR Department,Long whom mother beautiful son away hotel.
REV01366,EMP0450,2021-02-01,5,100,Outstanding,Department Manager,Technology up evidence difficult theory world civil keep.
REV01367,EMP0450,2022-02-01,2,60,Needs Improvement,HR Department,Evidence property could their hand charge company.
REV01368,EMP0451,2017-10-23,3,73,Meets Expectations,Team Lead,Floor thousand old camera fine.
REV01369,EMP0451,2018-10-23,5,97,Outstanding,HR Department,Fall appear require kind.
REV01370,EMP0451,2019-10-23,2,68,Needs Improvement,Department Manager,Kid lead opportunity arm interest.
REV01371,EMP0451,2020-10-23,2,68,Needs Improvement,HR Department,Brother ago hold market main.
REV01372,EMP0452,2015-01-21,3,71,Meets Expectations,Team Lead,Sport interesting wall early use throw public.
REV01373,EMP0452,2016-01-21,4,87,Exceeds Expectations,Department Manager,Trial beat success important include population environment.
REV01374,EMP0452,2017-01-21,3,75,Meets Expectations,Department Manager,Science everyone add.
REV01375,EMP0452,2018-01-21,3,79,Meets Expectations,Team Lead,Require away shake three result claim weight.
REV01376,EMP0453,2027-05-13,4,80,Exceeds Expectations,Department Manager,Try customer could brother structure industry democratic.
REV01377,EMP0453,2028-05-13,4,82,Exceeds Expectations,HR Department,No arm him something she agent.
REV01378,EMP0453,2029-05-13,3,75,Meets Expectations,HR Department,Five yet movement especially effort.
REV01379,EMP0454,2018-01-29,5,93,Outstanding,Department Manager,New throughout until decide their put section whatever.
REV01380,EMP0454,2019-01-29,3,75,Meets Expectations,Department Manager,Though certain more movie or especially.
REV01381,EMP0455,2018-10-06,3,72,Meets Expectations,Department Manager,Likely season network like field man sound.
REV01382,EMP0455,2019-10-06,3,78,Meets Expectations,HR Department,Successful call peace husband in relationship sit.
REV01383,EMP0455,2020-10-06,4,82,Exceeds Expectations,Department Manager,Mr natural win recognize piece to cover.
REV01384,EMP0456,2020-02-02,3,76,Meets Expectations,HR Department,Finally exactly environment stage address speak under.
REV01385,EMP0456,2021-02-02,3,77,Meets Expectations,HR Department,Yeah institution thought can.
REV01386,EMP0456,2022-02-02,3,70,Meets Expectations,Department Manager,Area ability safe mouth low other.
REV01387,EMP0456,2023-02-02,4,86,Exceeds Expectations,Team Lead,Quite million phone quite teach task.
REV01388,EMP0457,2027-01-27,3,76,Meets Expectations,HR Department,These take work general provide moment.
REV01389,EMP0457,2028-01-27,3,74,Meets Expectations,Team Lead,Oil likely chair degree.
REV01390,EMP0457,2029-01-27,3,70,Meets Expectations,Team Lead,Around evidence worker research four simply.
REV01391,EMP0457,2030-01-27,5,93,Outstanding,Team Lead,Health base late decade city.
REV01392,EMP0458,2022-07-22,3,72,Meets Expectations,Department Manager,Week buy budget piece option paper.
REV01393,EMP0458,2023-07-22,4,84,Exceeds Expectations,Team Lead,Western race who meet color opportunity year.
REV01394,EMP0458,2024-07-22,4,89,Exceeds Expectations,Team Lead,Difference middle PM owner.
REV01395,EMP0458,2025-07-22,5,95,Outstanding,HR Department,Want tree several nice.
REV01396,EMP0459,2025-10-11,4,82,Exceeds Expectations,Team Lead,Region kid American ground.
REV01397,EMP0459,2026-10-11,4,82,Exceeds Expectations,Team Lead,Leader also least meet growth benefit.
REV01398,EMP0459,2027-10-11,4,85,Exceeds Expectations,HR Department,Measure water represent effort Democrat.
REV01399,EMP0460,2027-07-07,3,77,Meets Expectations,HR Department,Art culture big.
REV01400,EMP0460,2028-07-07,3,75,Meets Expectations,Department Manager,End reveal cover spend.
REV01401,EMP0460,2029-07-07,1,42,Poor,Team Lead,Run require short action take answer system eat.
REV01402,EMP0460,2030-07-07,2,68,Needs Improvement,Team Lead,Check coach cost challenge great join while two.
REV01403,EMP0461,2016-09-17,3,70,Meets Expectations,Team Lead,Simple itself from mission land national exactly particular.
REV01404,EMP0461,2017-09-17,3,70,Meets Expectations,HR Department,Hit recognize article reason work sea down.
REV01405,EMP0461,2018-09-17,4,81,Exceeds Expectations,HR Department,Bank too born still new.
REV01406,EMP0461,2019-09-17,2,64,Needs Improvement,Department Manager,Draw institution cause build yeah condition.
REV01407,EMP0462,2014-12-21,2,63,Needs Improvement,Department Manager,Guess life goal dream.
REV01408,EMP0462,2015-12-21,3,79,Meets Expectations,Department Manager,Appear prepare between pick degree water word.
REV01409,EMP0463,2014-09-10,3,73,Meets Expectations,Department Manager,Call visit throughout within.
REV01410,EMP0463,2015-09-10,4,86,Exceeds Expectations,HR Department,Later however everybody sit.
REV01411,EMP0464,2015-01-08,4,86,Exceeds Expectations,Department Manager,Live reality color.
REV01412,EMP0464,2016-01-08,4,89,Exceeds Expectations,HR Department,Water nature bag five run big.
REV01413,EMP0465,2017-11-06,4,80,Exceeds Expectations,Team Lead,Style wait gas page local tell professional.
REV01414,EMP0465,2018-11-06,4,84,Exceeds Expectations,Team Lead,Development maybe million address democratic significant.
REV01415,EMP0465,2019-11-06,5,96,Outstanding,HR Department,Whose defense include western hundred someone.
REV01416,EMP0466,2015-06-29,3,75,Meets Expectations,Team Lead,As security western long child perhaps.
REV01417,EMP0466,2016-06-29,3,78,Meets Expectations,HR Department,Day consumer reveal.
REV01418,EMP0466,2017-06-29,4,81,Exceeds Expectations,HR Department,Six program case four.
REV01419,EMP0466,2018-06-29,3,72,Meets Expectations,HR Department,Present record give off billion know commercial production.
REV01420,EMP0467,2014-02-04,3,78,Meets Expectations,Team Lead,Language hear here I now add.
REV01421,EMP0467,2015-02-04,3,71,Meets Expectations,Team Lead,Old best might reach paper television.
REV01422,EMP0467,2016-02-04,5,96,Outstanding,Department Manager,Improve item number everything.
REV01423,EMP0468,2023-02-13,3,72,Meets Expectations,HR Department,Middle individual ready short travel billion play.
REV01424,EMP0468,2024-02-13,4,80,Exceeds Expectations,Department Manager,Dinner political control fill easy.
REV01425,EMP0468,2025-02-13,3,73,Meets Expectations,Team Lead,Get popular four player performance.
REV01426,EMP0468,2026-02-13,1,55,Poor,Department Manager,Land yet nearly role.
REV01427,EMP0469,2023-12-04,5,94,Outstanding,HR Department,Structure huge determine north energy spend hold.
REV01428,EMP0469,2024-12-04,4,88,Exceeds Expectations,Department Manager,Step treat well culture class painting.
REV01429,EMP0469,2025-12-04,3,79,Meets Expectations,Department Manager,Name ask around back management.
REV01430,EMP0469,2026-12-04,3,72,Meets Expectations,Team Lead,Real should key soon sort bit home whole.
REV01431,EMP0470,2019-05-14,4,82,Exceeds Expectations,HR Department,Government very camera tend decide.
REV01432,EMP0470,2020-05-14,1,48,Poor,Team Lead,Poor campaign water even affect evening.
REV01433,EMP0471,2025-01-24,4,82,Exceeds Expectations,HR Department,She everyone word friend because most class particular.
REV01434,EMP0471,2026-01-24,1,40,Poor,HR Department,Few stuff us they away rest describe.
REV01435,EMP0471,2027-01-24,2,62,Needs Improvement,Team Lead,Boy white long will.
REV01436,EMP0472,2017-09-15,5,97,Outstanding,Team Lead,Information store stock admit eye reflect environmental.
REV01437,EMP0472,2018-09-15,4,88,Exceeds Expectations,Team Lead,Possible positive real beat international student.
REV01438,EMP0473,2013-11-06,5,91,Outstanding,HR Department,Finally letter ten whole lot line on.
REV01439,EMP0473,2014-11-06,5,90,Outstanding,Department Manager,Adult drive page prove mention policy situation.
REV01440,EMP0473,2015-11-06,3,71,Meets Expectations,Team Lead,Trade admit audience federal.
REV01441,EMP0474,2014-10-09,3,79,Meets Expectations,HR Department,Senior bit it safe fine recent.
REV01442,EMP0474,2015-10-09,3,79,Meets Expectations,Department Manager,Too city citizen method professional peace.
REV01443,EMP0475,2021-09-25,5,96,Outstanding,HR Department,Personal serious American million six reach wind until.
REV01444,EMP0475,2022-09-25,3,74,Meets Expectations,Team Lead,College important report life.
REV01445,EMP0476,2026-11-06,3,74,Meets Expectations,Department Manager,Realize onto produce office.
REV01446,EMP0476,2027-11-06,1,50,Poor,Team Lead,Personal security by reach.
REV01447,EMP0477,2022-07-23,3,76,Meets Expectations,HR Department,Control stop prevent.
REV01448,EMP0477,2023-07-23,4,88,Exceeds Expectations,HR Department,Artist theory fact ground only movie.
REV01449,EMP0478,2025-10-28,3,75,Meets Expectations,Department Manager,Ask our edge total simply determine.
REV01450,EMP0478,2026-10-28,5,95,Outstanding,HR Department,Line born including ago after management pretty return.
REV01451,EMP0478,2027-10-28,3,71,Meets Expectations,Department Manager,Student campaign collection good.
REV01452,EMP0478,2028-10-28,4,82,Exceeds Expectations,Department Manager,Skin new prevent what his happy speak day.
REV01453,EMP0479,2015-11-02,2,61,Needs Improvement,Team Lead,Major message feel rather reality.
REV01454,EMP0479,2016-11-02,5,91,Outstanding,Department Manager,View policy song detail subject travel along.
REV01455,EMP0479,2017-11-02,3,78,Meets Expectations,Department Manager,Senior rock couple draw develop serve.
REV01456,EMP0479,2018-11-02,3,74,Meets Expectations,HR Department,Sing detail some hit voice purpose.
REV01457,EMP0480,2016-09-20,5,91,Outstanding,Department Manager,None ability white.
REV01458,EMP0480,2017-09-20,3,79,Meets Expectations,Team Lead,Make house TV community red.
REV01459,EMP0481,2020-03-23,2,65,Needs Improvement,Team Lead,Summer child him off.
REV01460,EMP0481,2021-03-23,4,80,Exceeds Expectations,HR Department,Too sense financial major administration majority.
REV01461,EMP0481,2022-03-23,1,45,Poor,Team Lead,Success anything tax not one author.
REV01462,EMP0481,2023-03-23,3,77,Meets Expectations,HR Department,List process product black close writer.
REV01463,EMP0482,2022-12-01,5,96,Outstanding,HR Department,Live president million address heavy.
REV01464,EMP0482,2023-12-01,4,81,Exceeds Expectations,Department Manager,Become into either recently.
REV01465,EMP0482,2024-12-01,5,99,Outstanding,HR Department,Analysis toward dark short occur discuss church.
REV01466,EMP0483,2018-04-24,4,87,Exceeds Expectations,Department Manager,Personal Republican only image arrive someone.
REV01467,EMP0483,2019-04-24,2,63,Needs Improvement,Department Manager,Hair religious technology all have plant into.
REV01468,EMP0483,2020-04-24,5,99,Outstanding,Team Lead,Type total recent.
REV01469,EMP0483,2021-04-24,3,78,Meets Expectations,HR Department,Itself third war low.
REV01470,EMP0484,2013-05-27,5,93,Outstanding,HR Department,Ok less couple.
REV01471,EMP0484,2014-05-27,5,94,Outstanding,Department Manager,Less position practice though area life wide.
REV01472,EMP0484,2015-05-27,4,89,Exceeds Expectations,Department Manager,Theory decide evidence enough really sister hot.
REV01473,EMP0484,2016-05-27,4,81,Exceeds Expectations,HR Department,Great back international study.
REV01474,EMP0485,2014-11-03,1,59,Poor,HR Department,Know across late wall just as.
REV01475,EMP0485,2015-11-03,5,95,Outstanding,Department Manager,Loss opportunity nice American PM central.
REV01476,EMP0486,2023-02-27,5,100,Outstanding,Department Manager,Work its sense important citizen development suffer.
REV01477,EMP0486,2024-02-27,5,92,Outstanding,HR Department,Education talk author.
REV01478,EMP0486,2025-02-27,4,88,Exceeds Expectations,HR Department,Interest resource individual low two ability.
REV01479,EMP0487,2017-08-26,4,87,Exceeds Expectations,Department Manager,Picture item parent nature who positive them system.
REV01480,EMP0487,2018-08-26,2,60,Needs Improvement,HR Department,Actually case difference company girl.
REV01481,EMP0487,2019-08-26,5,93,Outstanding,HR Department,That change a against cause possible.
REV01482,EMP0487,2020-08-26,4,83,Exceeds Expectations,Team Lead,Speech cultural stay such store picture.
REV01483,EMP0488,2024-01-15,3,75,Meets Expectations,Department Manager,Approach write politics bag.
REV01484,EMP0488,2025-01-15,4,88,Exceeds Expectations,Department Manager,May face at message business ok.
REV01485,EMP0489,2015-06-23,5,93,Outstanding,Team Lead,Scene sure matter find.
REV01486,EMP0489,2016-06-23,3,73,Meets Expectations,Department Manager,Worry final hope building house sound care program.
REV01487,EMP0489,2017-06-23,2,67,Needs Improvement,Department Manager,Glass source maintain.
REV01488,EMP0490,2020-05-29,4,81,Exceeds Expectations,Team Lead,Debate executive citizen service decision.
REV01489,EMP0490,2021-05-29,5,91,Outstanding,Team Lead,Others claim make despite above try well.
REV01490,EMP0490,2022-05-29,2,66,Needs Improvement,HR Department,Election edge yourself alone friend special.
REV01491,EMP0490,2023-05-29,4,85,Exceeds Expectations,Team Lead,The bring cell part.
REV01492,EMP0491,2025-05-18,5,99,Outstanding,Department Manager,Western scene risk against available.
REV01493,EMP0491,2026-05-18,3,74,Meets Expectations,Team Lead,Win camera company upon.
REV01494,EMP0491,2027-05-18,2,66,Needs Improvement,Department Manager,Course society describe.
REV01495,EMP0492,2021-07-08,3,77,Meets Expectations,HR Department,Cause summer long manager occur specific culture.
REV01496,EMP0492,2022-07-08,5,96,Outstanding,Department Manager,Practice shake data ready make skill.
REV01497,EMP0492,2023-07-08,5,98,Outstanding,Team Lead,Owner church think rate art.
REV01498,EMP0492,2024-07-08,1,50,Poor,Department Manager,Join election instead opportunity value.
REV01499,EMP0493,2026-04-22,3,70,Meets Expectations,HR Department,Popular administration bank create Democrat huge.
REV01500,EMP0493,2027-04-22,4,89,Exceeds Expectations,Team Lead,Full west identify behind.
REV01501,EMP0493,2028-04-22,5,93,Outstanding,HR Department,Suggest order often.
REV01502,EMP0494,2022-02-19,2,64,Needs Improvement,Team Lead,War relationship action around.
REV01503,EMP0494,2023-02-19,5,99,Outstanding,Team Lead,Her report example water.
REV01504,EMP0494,2024-02-19,3,74,Meets Expectations,Department Manager,Political effect arm consider.
REV01505,EMP0495,2022-05-21,3,78,Meets Expectations,HR Department,To he magazine age summer laugh.
REV01506,EMP0495,2023-05-21,4,85,Exceeds Expectations,Team Lead,Compare democratic create far.
REV01507,EMP0495,2024-05-21,4,80,Exceeds Expectations,Department Manager,Fight language might experience.
REV01508,EMP0496,2023-06-27,5,99,Outstanding,HR Department,Bag son speak poor.
REV01509,EMP0496,2024-06-27,3,71,Meets Expectations,Department Manager,Feeling off wide hundred less suffer physical.
REV01510,EMP0496,2025-06-27,2,65,Needs Improvement,Department Manager,Miss scientist agreement news forward population nature.
REV01511,EMP0497,2013-09-07,5,94,Outstanding,Department Manager,Site dog traditional fire available president.
REV01512,EMP0497,2014-09-07,4,88,Exceeds Expectations,Department Manager,Drive as prepare.
REV01513,EMP0498,2014-01-10,4,84,Exceeds Expectations,Team Lead,Hit health economy city reveal Mr.
REV01514,EMP0498,2015-01-10,4,88,Exceeds Expectations,HR Department,Fall fire bag south child product top.
REV01515,EMP0498,2016-01-10,3,78,Meets Expectations,HR Department,Seat game happen maybe well action up.
REV01516,EMP0499,2025-07-21,4,89,Exceeds Expectations,HR Department,Rock involve explain subject college.
REV01517,EMP0499,2026-07-21,3,78,Meets Expectations,HR Department,Home provide collection fact father stay wait.
REV01518,EMP0500,2017-04-04,5,98,Outstanding,Department Manager,Share will clear system if cause then whether.
REV01519,EMP0500,2018-04-04,3,72,Meets Expectations,HR Department,Range part article itself miss prevent.
REV01520,EMP0500,2019-04-04,4,88,Exceeds Expectations,Department Manager,Number professional themselves seem history.
REV01521,EMP0501,2014-04-08,4,86,Exceeds Expectations,HR Department,Mrs home least always radio pressure surface number.
REV01522,EMP0501,2015-04-08,3,73,Meets Expectations,Team Lead,Eat only name door every price fire.
REV01523,EMP0501,2016-04-08,3,73,Meets Expectations,HR Department,Century various within drop.
REV01524,EMP0501,2017-04-08,4,83,Exceeds Expectations,HR Department,Pay someone none kitchen with dinner response.
REV01525,EMP0502,2013-10-31,4,87,Exceeds Expectations,HR Department,Sometimes century high require sport seven.
REV01526,EMP0502,2014-10-31,4,84,Exceeds Expectations,Team Lead,Natural per heart college time.
REV01527,EMP0502,2015-10-31,4,89,Exceeds Expectations,Department Manager,There main thus into run.
REV01528,EMP0503,2015-04-17,3,77,Meets Expectations,Team Lead,Power yourself similar sense floor structure.
REV01529,EMP0503,2016-04-17,4,85,Exceeds Expectations,Team Lead,Simply third professor ok kitchen.
REV01530,EMP0503,2017-04-17,3,70,Meets Expectations,Team Lead,Itself she middle.
REV01531,EMP0503,2018-04-17,5,100,Outstanding,Team Lead,Station ability Democrat draw build dinner.
REV01532,EMP0504,2024-07-14,1,56,Poor,HR Department,Project loss provide standard cell six end.
REV01533,EMP0504,2025-07-14,5,96,Outstanding,HR Department,Pm support point serve us stop human.
REV01534,EMP0504,2026-07-14,2,67,Needs Improvement,Department Manager,Stuff accept time consider measure.
REV01535,EMP0504,2027-07-14,4,84,Exceeds Expectations,HR Department,Pick free rest over modern discussion.
REV01536,EMP0505,2019-04-28,4,85,Exceeds Expectations,Team Lead,Future one sometimes.
REV01537,EMP0505,2020-04-28,4,85,Exceeds Expectations,Team Lead,Face play much training run still cultural.
REV01538,EMP0505,2021-04-28,4,82,Exceeds Expectations,Team Lead,Improve air forward not less hundred.
REV01539,EMP0506,2024-10-13,5,91,Outstanding,Department Manager,Future another themselves left money piece policy.
REV01540,EMP0506,2025-10-13,4,84,Exceeds Expectations,HR Department,West science four administration left enough both practice.
REV01541,EMP0507,2018-08-11,5,95,Outstanding,Department Manager,These easy meeting although season night kind.
REV01542,EMP0507,2019-08-11,2,63,Needs Improvement,HR Department,Yard child itself.
REV01543,EMP0507,2020-08-11,3,71,Meets Expectations,Department Manager,Explain every country red piece.
REV01544,EMP0507,2021-08-11,5,94,Outstanding,Department Manager,These arm national political threat.
REV01545,EMP0508,2026-06-28,3,75,Meets Expectations,Department Manager,Including sing for mention.
REV01546,EMP0508,2027-06-28,3,71,Meets Expectations,Department Manager,Middle price such water poor mouth.
REV01547,EMP0508,2028-06-28,5,94,Outstanding,Team Lead,Yard quite American be seat.
REV01548,EMP0508,2029-06-28,5,92,Outstanding,HR Department,Us child be fact animal serious.
REV01549,EMP0509,2024-12-12,2,63,Needs Improvement,Department Manager,Keep hospital challenge kind they beyond general.
REV01550,EMP0509,2025-12-12,5,97,Outstanding,HR Department,Anything point buy our able theory although.
REV01551,EMP0509,2026-12-12,2,60,Needs Improvement,HR Department,Item large bad will indeed surface.
REV01552,EMP0510,2025-08-06,1,43,Poor,HR Department,Stay control approach continue quite scene six safe.
REV01553,EMP0510,2026-08-06,5,91,Outstanding,HR Department,Most you job.
REV01554,EMP0511,2020-03-20,3,72,Meets Expectations,HR Department,What include two specific.
REV01555,EMP0511,2021-03-20,3,79,Meets Expectations,Department Manager,Sea town pick.
REV01556,EMP0512,2024-03-03,2,60,Needs Improvement,Department Manager,Letter senior at physical goal.
REV01557,EMP0512,2025-03-03,3,74,Meets Expectations,Department Manager,Ok road well movement his son.
REV01558,EMP0512,2026-03-03,3,79,Meets Expectations,Department Manager,Impact fall prepare agency.
REV01559,EMP0513,2013-07-13,1,42,Poor,HR Department,Keep put quickly hair.
REV01560,EMP0513,2014-07-13,3,77,Meets Expectations,HR Department,Still where sport site term.
REV01561,EMP0513,2015-07-13,4,85,Exceeds Expectations,Department Manager,Decade through hot near pass.
REV01562,EMP0514,2018-06-28,5,99,Outstanding,Department Manager,Indicate serious off.
REV01563,EMP0514,2019-06-28,3,77,Meets Expectations,Department Manager,Effect civil might enter space American.
REV01564,EMP0515,2015-02-20,3,70,Meets Expectations,Team Lead,Room fact stay health almost.
REV01565,EMP0515,2016-02-20,2,69,Needs Improvement,HR Department,Service view fund I.
REV01566,EMP0516,2020-06-15,3,77,Meets Expectations,Department Manager,Them mother Mr resource any.
REV01567,EMP0516,2021-06-15,2,64,Needs Improvement,HR Department,Trip political among lead also guy.
REV01568,EMP0516,2022-06-15,5,93,Outstanding,Team Lead,List available career act data staff.
REV01569,EMP0517,2018-02-18,3,73,Meets Expectations,HR Department,Garden effect do art accept issue.
REV01570,EMP0517,2019-02-18,3,79,Meets Expectations,Team Lead,Letter grow pressure interesting.
REV01571,EMP0517,2020-02-18,4,81,Exceeds Expectations,HR Department,Song off forget street experience entire.
REV01572,EMP0517,2021-02-18,4,87,Exceeds Expectations,Department Manager,Actually all tell democratic data see.
REV01573,EMP0518,2016-01-04,2,66,Needs Improvement,Team Lead,Ability war church him kid.
REV01574,EMP0518,2017-01-04,3,74,Meets Expectations,HR Department,Medical someone might chair.
REV01575,EMP0518,2018-01-04,3,70,Meets Expectations,HR Department,Body station our here cell how.
REV01576,EMP0519,2013-10-30,5,100,Outstanding,HR Department,Teacher need shake note a determine though.
REV01577,EMP0519,2014-10-30,2,66,Needs Improvement,HR Department,Inside building structure rule physical course similar.
REV01578,EMP0519,2015-10-30,4,82,Exceeds Expectations,Department Manager,Effect write program night three everyone us.
REV01579,EMP0520,2016-10-11,2,60,Needs Improvement,Team Lead,Establish find network outside color seat employee next.
REV01580,EMP0520,2017-10-11,3,79,Meets Expectations,HR Department,Stay teach record let hair throw win.
REV01581,EMP0520,2018-10-11,3,73,Meets Expectations,Department Manager,Provide turn contain interview their consumer new.
REV01582,EMP0520,2019-10-11,3,76,Meets Expectations,HR Department,Maintain either decade situation present whatever shake.
REV01583,EMP0521,2025-07-06,4,89,Exceeds Expectations,Department Manager,Front wide energy century.
REV01584,EMP0521,2026-07-06,2,60,Needs Improvement,Department Manager,Company everybody baby few tend.
REV01585,EMP0522,2021-04-27,3,76,Meets Expectations,Team Lead,However offer note.
REV01586,EMP0522,2022-04-27,2,62,Needs Improvement,Department Manager,Tough throw produce whatever PM race somebody level.
REV01587,EMP0523,2024-12-29,3,77,Meets Expectations,Department Manager,Interview single determine south later.
REV01588,EMP0523,2025-12-29,3,73,Meets Expectations,Team Lead,Few may night thus cover tend hospital.
REV01589,EMP0523,2026-12-29,3,79,Meets Expectations,Department Manager,Baby actually yard knowledge huge can.
REV01590,EMP0524,2017-04-27,4,87,Exceeds Expectations,HR Department,Head face state dog will bed.
REV01591,EMP0524,2018-04-27,3,79,Meets Expectations,Department Manager,Animal book white beautiful evening.
REV01592,EMP0525,2022-05-06,3,79,Meets Expectations,HR Department,Computer look society ready when east manage.
REV01593,EMP0525,2023-05-06,3,72,Meets Expectations,HR Department,Tree before person education democratic society than nice.
REV01594,EMP0525,2024-05-06,3,73,Meets Expectations,HR Department,Shoulder seven pull conference everyone.
REV01595,EMP0525,2025-05-06,5,95,Outstanding,Department Manager,Thought foreign son message stand modern I.
REV01596,EMP0526,2023-06-24,2,66,Needs Improvement,HR Department,Will will nice behind second.
REV01597,EMP0526,2024-06-24,4,81,Exceeds Expectations,Team Lead,Little wear provide director expect lose.
REV01598,EMP0527,2021-04-06,3,78,Meets Expectations,Team Lead,Adult break treatment room kind.
REV01599,EMP0527,2022-04-06,3,75,Meets Expectations,Team Lead,Whole notice region ground use piece.
REV01600,EMP0527,2023-04-06,2,67,Needs Improvement,HR Department,Whatever forward right difficult be leave.
REV01601,EMP0528,2024-06-03,3,73,Meets Expectations,Team Lead,Family choose gas want.
REV01602,EMP0528,2025-06-03,4,88,Exceeds Expectations,Team Lead,Very option almost energy level.
REV01603,EMP0529,2023-05-07,3,77,Meets Expectations,HR Department,Professional talk player.
REV01604,EMP0529,2024-05-07,3,70,Meets Expectations,Department Manager,Democratic stop step crime.
REV01605,EMP0530,2026-06-12,3,71,Meets Expectations,HR Department,West also high activity peace.
REV01606,EMP0530,2027-06-12,3,77,Meets Expectations,Department Manager,Land become machine city record energy.
REV01607,EMP0530,2028-06-12,4,82,Exceeds Expectations,Department Manager,Them theory challenge happy here opportunity fund.
REV01608,EMP0531,2020-01-14,4,86,Exceeds Expectations,HR Department,Group pressure age set thank kitchen.
REV01609,EMP0531,2021-01-14,3,72,Meets Expectations,Department Manager,Address hospital note despite foreign even appear.
REV01610,EMP0531,2022-01-14,4,88,Exceeds Expectations,Department Manager,Meeting image type relationship pretty understand recent.
REV01611,EMP0532,2022-10-01,4,88,Exceeds Expectations,Department Manager,Rich simple detail authority.
REV01612,EMP0532,2023-10-01,2,68,Needs Improvement,Team Lead,Arm record easy charge Congress reflect.
REV01613,EMP0532,2024-10-01,5,95,Outstanding,Team Lead,Head whether drug amount.
REV01614,EMP0532,2025-10-01,4,87,Exceeds Expectations,Department Manager,Family trip enjoy tough billion strategy five.
REV01615,EMP0533,2018-07-29,4,82,Exceeds Expectations,Department Manager,Charge find able executive drop measure.
REV01616,EMP0533,2019-07-29,4,89,Exceeds Expectations,Department Manager,Statement hope while.
REV01617,EMP0533,2020-07-29,2,67,Needs Improvement,Department Manager,Success teach while chair enough time road answer.
REV01618,EMP0534,2024-10-31,2,64,Needs Improvement,HR Department,Single while require.
REV01619,EMP0534,2025-10-31,3,71,Meets Expectations,Team Lead,Pull than point pretty.
REV01620,EMP0534,2026-10-31,3,72,Meets Expectations,HR Department,Drive whatever sign act.
REV01621,EMP0535,2016-05-15,3,79,Meets Expectations,Team Lead,Left father parent control fly.
REV01622,EMP0535,2017-05-15,1,41,Poor,Department Manager,Use time control miss approach environment network.
REV01623,EMP0536,2015-02-25,5,92,Outstanding,Department Manager,Begin support operation law break finish bit agree.
REV01624,EMP0536,2016-02-25,5,97,Outstanding,HR Department,Enough maybe better when.
REV01625,EMP0537,2023-12-16,4,89,Exceeds Expectations,Department Manager,Market whether probably expect investment young.
REV01626,EMP0537,2024-12-16,3,76,Meets Expectations,Department Manager,Fear sound floor or watch person report.
REV01627,EMP0537,2025-12-16,5,94,Outstanding,HR Department,Plant hard then middle physical.
REV01628,EMP0537,2026-12-16,4,80,Exceeds Expectations,Department Manager,Game investment of matter.
REV01629,EMP0538,2018-03-18,4,82,Exceeds Expectations,Department Manager,Himself mention really short international expect.
REV01630,EMP0538,2019-03-18,4,80,Exceeds Expectations,HR Department,Sort experience carry because TV here.
REV01631,EMP0538,2020-03-18,5,91,Outstanding,HR Department,Top south quality yeah.
REV01632,EMP0539,2025-06-14,4,85,Exceeds Expectations,Team Lead,Much analysis feeling design and still develop.
REV01633,EMP0539,2026-06-14,3,75,Meets Expectations,Team Lead,Sister TV enjoy order politics technology cultural.
REV01634,EMP0540,2016-07-03,1,55,Poor,Department Manager,Forget before far agree.
REV01635,EMP0540,2017-07-03,2,66,Needs Improvement,Team Lead,Management produce officer big law about.
REV01636,EMP0541,2026-06-26,5,95,Outstanding,Team Lead,Both throughout along just reason seven.
REV01637,EMP0541,2027-06-26,5,92,Outstanding,Team Lead,Indicate similar body speech.
REV01638,EMP0542,2018-06-24,3,74,Meets Expectations,Team Lead,Than card economic series still.
REV01639,EMP0542,2019-06-24,5,91,Outstanding,HR Department,Response by big able beat.
REV01640,EMP0543,2027-01-12,3,75,Meets Expectations,HR Department,College church inside behind open subject.
REV01641,EMP0543,2028-01-12,4,87,Exceeds Expectations,Team Lead,Reveal spring unit while then any late figure.
REV01642,EMP0543,2029-01-12,4,88,Exceeds Expectations,Department Manager,Free source teacher agreement attack capital.
REV01643,EMP0543,2030-01-12,5,97,Outstanding,HR Department,Two stage fast almost player sort fact first.
REV01644,EMP0544,2018-06-15,5,99,Outstanding,HR Department,Collection fund beyond deal investment wind above.
REV01645,EMP0544,2019-06-15,4,89,Exceeds Expectations,Department Manager,How only partner.
REV01646,EMP0545,2014-02-12,3,75,Meets Expectations,HR Department,Suffer government anything away.
REV01647,EMP0545,2015-02-12,3,77,Meets Expectations,HR Department,Knowledge ask level carry leave inside increase war.
REV01648,EMP0545,2016-02-12,2,67,Needs Improvement,Department Manager,Figure wait design.
REV01649,EMP0545,2017-02-12,3,76,Meets Expectations,Department Manager,Might today lose keep yourself him answer.
REV01650,EMP0546,2014-09-03,3,78,Meets Expectations,Team Lead,No style wall idea state.
REV01651,EMP0546,2015-09-03,4,88,Exceeds Expectations,HR Department,Power argue cell me.
REV01652,EMP0547,2017-11-28,4,83,Exceeds Expectations,HR Department,Man lead benefit which speech without lose guy.
REV01653,EMP0547,2018-11-28,4,88,Exceeds Expectations,Team Lead,Quite success remain collection.
REV01654,EMP0547,2019-11-28,3,79,Meets Expectations,HR Department,On sister concern still rule focus.
REV01655,EMP0547,2020-11-28,2,63,Needs Improvement,HR Department,Performance rock deal million right help ten.
REV01656,EMP0548,2016-02-20,5,94,Outstanding,Team Lead,Rock south under rich station.
REV01657,EMP0548,2017-02-20,3,71,Meets Expectations,Team Lead,Whatever risk know shake around how stop.
REV01658,EMP0549,2015-07-24,5,99,Outstanding,Department Manager,Hundred product environmental glass.
REV01659,EMP0549,2016-07-24,1,44,Poor,HR Department,Message tough whether town ready north.
REV01660,EMP0549,2017-07-24,4,89,Exceeds Expectations,Department Manager,Example foot several conference week ball stop.
REV01661,EMP0549,2018-07-24,4,88,Exceeds Expectations,HR Department,Create cover away task.
REV01662,EMP0550,2019-04-16,5,98,Outstanding,Team Lead,Interesting election message green decade.
REV01663,EMP0550,2020-04-16,4,89,Exceeds Expectations,Team Lead,Financial every radio administration board shoulder.
REV01664,EMP0551,2021-05-15,4,82,Exceeds Expectations,Team Lead,Process consumer hospital ok current hospital.
REV01665,EMP0551,2022-05-15,5,97,Outstanding,Team Lead,Like need much build year act.
REV01666,EMP0552,2024-08-31,5,93,Outstanding,Team Lead,Standard close machine wonder far require.
REV01667,EMP0552,2025-08-31,4,82,Exceeds Expectations,HR Department,Responsibility alone term cold.
REV01668,EMP0553,2021-09-04,3,74,Meets Expectations,Team Lead,Away picture fire participant world three data.
REV01669,EMP0553,2022-09-04,3,73,Meets Expectations,HR Department,Cup else special decision.
REV01670,EMP0553,2023-09-04,4,86,Exceeds Expectations,Team Lead,Focus charge while mouth exactly audience.
REV01671,EMP0553,2024-09-04,2,63,Needs Improvement,Department Manager,Get room save hour participant beat.
REV01672,EMP0554,2015-08-09,3,78,Meets Expectations,HR Department,Worker significant debate capital race rule.
REV01673,EMP0554,2016-08-09,3,73,Meets Expectations,Team Lead,Child here cold partner.
REV01674,EMP0554,2017-08-09,5,95,Outstanding,Department Manager,Hard few none poor pretty say else.
REV01675,EMP0554,2018-08-09,4,88,Exceeds Expectations,HR Department,Now maintain image option include student young.
REV01676,EMP0555,2024-07-17,5,100,Outstanding,Department Manager,Plan us pick cup treatment teach.
REV01677,EMP0555,2025-07-17,3,72,Meets Expectations,Team Lead,List goal head rise measure.
REV01678,EMP0556,2022-03-03,3,78,Meets Expectations,HR Department,Miss his fly order store amount physical.
REV01679,EMP0556,2023-03-03,4,88,Exceeds Expectations,Team Lead,To wife create now debate.
REV01680,EMP0556,2024-03-03,3,74,Meets Expectations,Department Manager,Last garden sing into.
REV01681,EMP0557,2014-10-01,4,83,Exceeds Expectations,Department Manager,Author miss kind own rule culture.
REV01682,EMP0557,2015-10-01,4,81,Exceeds Expectations,Department Manager,Physical run room standard.
REV01683,EMP0557,2016-10-01,4,82,Exceeds Expectations,Team Lead,Another certainly single so.
REV01684,EMP0557,2017-10-01,2,62,Needs Improvement,HR Department,Data fine score ago.
REV01685,EMP0558,2018-05-19,3,79,Meets Expectations,HR Department,Thing across middle produce along his summer.
REV01686,EMP0558,2019-05-19,3,75,Meets Expectations,Team Lead,Push concern clearly difficult old game they.
REV01687,EMP0559,2019-07-09,1,52,Poor,HR Department,Admit traditional almost floor return.
REV01688,EMP0559,2020-07-09,3,78,Meets Expectations,HR Department,True key allow number room.
REV01689,EMP0559,2021-07-09,3,72,Meets Expectations,HR Department,Pressure around mean tax feel among civil.
REV01690,EMP0560,2026-09-26,4,88,Exceeds Expectations,Team Lead,Rise gas son.
REV01691,EMP0560,2027-09-26,4,81,Exceeds Expectations,Team Lead,Become image approach expert brother early mean them.
REV01692,EMP0560,2028-09-26,4,83,Exceeds Expectations,HR Department,Big second first bad memory laugh final.
REV01693,EMP0560,2029-09-26,3,73,Meets Expectations,Department Manager,Issue food picture involve family free stay.
REV01694,EMP0561,2014-10-02,2,65,Needs Improvement,HR Department,Bit then serious floor style challenge.
REV01695,EMP0561,2015-10-02,3,76,Meets Expectations,HR Department,Purpose purpose amount education than night trade.
REV01696,EMP0561,2016-10-02,4,83,Exceeds Expectations,HR Department,Soldier thousand decide usually chance money big care.
REV01697,EMP0562,2020-08-04,4,87,Exceeds Expectations,Department Manager,Watch enter type staff floor already.
REV01698,EMP0562,2021-08-04,5,100,Outstanding,Team Lead,Fine this standard employee.
REV01699,EMP0562,2022-08-04,3,73,Meets Expectations,HR Department,Take majority they product.
REV01700,EMP0563,2018-04-12,3,70,Meets Expectations,Team Lead,Own watch lose since.
REV01701,EMP0563,2019-04-12,3,72,Meets Expectations,HR Department,His lose recent pull clearly something we.
REV01702,EMP0564,2019-05-20,4,87,Exceeds Expectations,HR Department,Site range professional candidate interest.
REV01703,EMP0564,2020-05-20,2,63,Needs Improvement,Team Lead,Close forget consider quite professor.
REV01704,EMP0565,2013-10-18,3,73,Meets Expectations,Department Manager,Report town already American.
REV01705,EMP0565,2014-10-18,3,72,Meets Expectations,HR Department,Audience middle finish above kid probably material.
REV01706,EMP0566,2019-10-29,3,75,Meets Expectations,HR Department,Scene own wrong method phone.
REV01707,EMP0566,2020-10-29,3,78,Meets Expectations,Team Lead,Citizen only keep occur present.
REV01708,EMP0566,2021-10-29,4,83,Exceeds Expectations,Department Manager,Pressure body relationship goal.
REV01709,EMP0567,2020-10-26,4,83,Exceeds Expectations,Department Manager,Mrs beautiful happy close subject.
REV01710,EMP0567,2021-10-26,3,70,Meets Expectations,HR Department,Particularly sometimes cause field coach nothing.
REV01711,EMP0567,2022-10-26,4,81,Exceeds Expectations,Department Manager,Main yourself article knowledge president.
REV01712,EMP0568,2018-09-17,5,99,Outstanding,Department Manager,Tv court money bring another again reality.
REV01713,EMP0568,2019-09-17,3,71,Meets Expectations,HR Department,Live somebody smile difficult claim natural.
REV01714,EMP0568,2020-09-17,3,72,Meets Expectations,Team Lead,Employee truth law interesting.
REV01715,EMP0568,2021-09-17,3,78,Meets Expectations,HR Department,Least trouble age responsibility take.
REV01716,EMP0569,2015-12-01,3,79,Meets Expectations,HR Department,Hope personal country outside along wonder develop.
REV01717,EMP0569,2016-12-01,2,69,Needs Improvement,Team Lead,Take dream everyone would man pay key.
REV01718,EMP0569,2017-12-01,5,92,Outstanding,HR Department,For economic chair hear statement media fly.
REV01719,EMP0569,2018-12-01,3,73,Meets Expectations,Department Manager,Record attorney but society worry discover enough senior.
REV01720,EMP0570,2013-08-18,4,89,Exceeds Expectations,HR Department,Listen police simply north decade government.
REV01721,EMP0570,2014-08-18,3,74,Meets Expectations,Department Manager,Friend cost miss leave police senior behavior.
REV01722,EMP0570,2015-08-18,5,98,Outstanding,HR Department,From over leave debate hard home.
REV01723,EMP0570,2016-08-18,4,81,Exceeds Expectations,Team Lead,Loss structure use dark expert.
REV01724,EMP0571,2013-12-21,3,79,Meets Expectations,Department Manager,Key beyond party baby three picture American.
REV01725,EMP0571,2014-12-21,4,83,Exceeds Expectations,Department Manager,Draw wall child and wait.
REV01726,EMP0571,2015-12-21,3,71,Meets Expectations,Department Manager,Old material air business movie.
REV01727,EMP0572,2020-04-28,5,96,Outstanding,Team Lead,Source front leg care.
REV01728,EMP0572,2021-04-28,3,74,Meets Expectations,Department Manager,Month foreign source.
REV01729,EMP0572,2022-04-28,2,64,Needs Improvement,Team Lead,Adult admit book season example people.
REV01730,EMP0572,2023-04-28,4,83,Exceeds Expectations,HR Department,Tonight ago individual.
REV01731,EMP0573,2015-01-13,4,88,Exceeds Expectations,Team Lead,Authority enjoy involve remember heart.
REV01732,EMP0573,2016-01-13,5,97,Outstanding,HR Department,Suddenly write leader over.
REV01733,EMP0573,2017-01-13,4,83,Exceeds Expectations,Team Lead,Send century home simply sport.
REV01734,EMP0574,2016-01-20,2,60,Needs Improvement,Team Lead,Read organization should road especially cut matter.
REV01735,EMP0574,2017-01-20,2,67,Needs Improvement,HR Department,Trouble interest difficult sure clearly break.
REV01736,EMP0574,2018-01-20,3,76,Meets Expectations,Team Lead,Top radio role must maintain.
REV01737,EMP0575,2019-08-08,4,84,Exceeds Expectations,Team Lead,Job discussion because we wish environment affect style.
REV01738,EMP0575,2020-08-08,3,72,Meets Expectations,HR Department,Financial key culture hit task.
REV01739,EMP0576,2015-11-12,4,83,Exceeds Expectations,Team Lead,Let whose together.
REV01740,EMP0576,2016-11-12,3,74,Meets Expectations,Team Lead,Day quite agent past manage lot to.
REV01741,EMP0577,2024-10-25,2,61,Needs Improvement,Team Lead,Beyond forward certainly mother production authority.
REV01742,EMP0577,2025-10-25,4,89,Exceeds Expectations,Team Lead,Newspaper head tonight or herself.
REV01743,EMP0577,2026-10-25,4,86,Exceeds Expectations,Team Lead,Employee bag system TV society.
REV01744,EMP0577,2027-10-25,4,85,Exceeds Expectations,Department Manager,Message although fear lay admit without customer.
REV01745,EMP0578,2018-06-24,3,77,Meets Expectations,Department Manager,Try grow although leader expert system.
REV01746,EMP0578,2019-06-24,4,89,Exceeds Expectations,Department Manager,Visit we sing maintain anyone.
REV01747,EMP0578,2020-06-24,3,73,Meets Expectations,Team Lead,Few report effect military.
REV01748,EMP0579,2023-08-08,3,72,Meets Expectations,Team Lead,Need rule air drop out measure among.
REV01749,EMP0579,2024-08-08,5,95,Outstanding,HR Department,Thing with hold billion mouth themselves.
REV01750,EMP0580,2016-04-21,3,76,Meets Expectations,HR Department,Best believe cover enter.
REV01751,EMP0580,2017-04-21,3,79,Meets Expectations,HR Department,Cultural deal continue owner hit thus indeed.
REV01752,EMP0581,2026-03-17,5,94,Outstanding,HR Department,New occur history either tree respond medical.
REV01753,EMP0581,2027-03-17,2,65,Needs Improvement,Department Manager,Thank federal all.
REV01754,EMP0581,2028-03-17,3,73,Meets Expectations,HR Department,Know impact challenge best.
REV01755,EMP0581,2029-03-17,3,74,Meets Expectations,Team Lead,Environmental follow laugh themselves involve.
REV01756,EMP0582,2021-06-24,4,84,Exceeds Expectations,Team Lead,Gas really deal real assume month.
REV01757,EMP0582,2022-06-24,3,70,Meets Expectations,Team Lead,Important pay gas whether generation.
REV01758,EMP0582,2023-06-24,5,94,Outstanding,HR Department,Court try your less position research religious.
REV01759,EMP0582,2024-06-24,3,78,Meets Expectations,Department Manager,Beyond stand best western decade reflect prevent.
REV01760,EMP0583,2018-12-25,3,76,Meets Expectations,HR Department,Especially this agent.
REV01761,EMP0583,2019-12-25,4,86,Exceeds Expectations,HR Department,Time would own young surface plant center.
REV01762,EMP0583,2020-12-25,2,67,Needs Improvement,Team Lead,Field Republican ask save.
REV01763,EMP0583,2021-12-25,5,91,Outstanding,Department Manager,Keep little beyond picture what soon contain.
REV01764,EMP0584,2026-05-16,4,83,Exceeds Expectations,HR Department,Partner control avoid top agency decision.
REV01765,EMP0584,2027-05-16,1,56,Poor,Department Manager,Everything especially drug find not campaign several.
REV01766,EMP0584,2028-05-16,3,73,Meets Expectations,HR Department,Medical seven total statement fact seem son.
REV01767,EMP0584,2029-05-16,4,86,Exceeds Expectations,HR Department,House chair thousand send story.
REV01768,EMP0585,2021-09-22,3,74,Meets Expectations,Team Lead,Fly discover question shake family new recognize.
REV01769,EMP0585,2022-09-22,3,77,Meets Expectations,HR Department,Nearly what end continue threat close.
REV01770,EMP0586,2013-08-09,5,97,Outstanding,Department Manager,Pattern window mention traditional agreement.
REV01771,EMP0586,2014-08-09,2,66,Needs Improvement,HR Department,Huge or its.
REV01772,EMP0586,2015-08-09,5,95,Outstanding,HR Department,Fly collection exist source commercial store pattern best.
REV01773,EMP0587,2022-07-09,1,59,Poor,Department Manager,Finally by use serve.
REV01774,EMP0587,2023-07-09,3,74,Meets Expectations,Department Manager,Hold church state draw century very.
REV01775,EMP0587,2024-07-09,1,42,Poor,Department Manager,Later blue sister themselves on.
REV01776,EMP0587,2025-07-09,4,83,Exceeds Expectations,HR Department,Person card performance color.
REV01777,EMP0588,2019-12-07,3,77,Meets Expectations,Team Lead,Use admit tend deep.
REV01778,EMP0588,2020-12-07,4,88,Exceeds Expectations,Department Manager,Building relate likely leg attention discussion billion.
REV01779,EMP0588,2021-12-07,5,97,Outstanding,HR Department,Window interview avoid exist cost.
REV01780,EMP0589,2021-09-29,3,71,Meets Expectations,Department Manager,Believe bring trial go.
REV01781,EMP0589,2022-09-29,3,79,Meets Expectations,HR Department,Difference protect set own.
REV01782,EMP0589,2023-09-29,3,73,Meets Expectations,Department Manager,Figure race best organization cause thing full.
REV01783,EMP0590,2016-12-21,3,75,Meets Expectations,Team Lead,Former TV group option he still receive.
REV01784,EMP0590,2017-12-21,5,91,Outstanding,Department Manager,Must detail civil skill instead.
REV01785,EMP0590,2018-12-21,5,92,Outstanding,Department Manager,Edge doctor sign yet every sort.
REV01786,EMP0591,2013-01-19,3,74,Meets Expectations,HR Department,Option indeed both address maybe.
REV01787,EMP0591,2014-01-19,3,72,Meets Expectations,HR Department,Similar join yeah star pretty beyond.
REV01788,EMP0591,2015-01-19,5,92,Outstanding,Department Manager,Deal smile that game fish only ask.
REV01789,EMP0592,2020-11-27,3,78,Meets Expectations,HR Department,Half teach section more hundred campaign discussion.
REV01790,EMP0592,2021-11-27,3,72,Meets Expectations,Team Lead,Cost certainly cut month whom.
REV01791,EMP0593,2025-10-15,3,73,Meets Expectations,Department Manager,But month else camera arm everything finally.
REV01792,EMP0593,2026-10-15,4,84,Exceeds Expectations,Department Manager,Month think serve let ask attention might.
REV01793,EMP0594,2016-08-17,3,77,Meets Expectations,Team Lead,Lose add though activity improve affect.
REV01794,EMP0594,2017-08-17,4,80,Exceeds Expectations,Department Manager,Senior also country collection along.
REV01795,EMP0595,2025-04-03,3,77,Meets Expectations,Team Lead,Leg last leg.
REV01796,EMP0595,2026-04-03,4,89,Exceeds Expectations,Team Lead,International away buy hotel option rest involve man.
REV01797,EMP0595,2027-04-03,1,45,Poor,Team Lead,West base of billion check.
REV01798,EMP0596,2025-02-11,3,76,Meets Expectations,HR Department,Speak common minute.
REV01799,EMP0596,2026-02-11,4,87,Exceeds Expectations,HR Department,Machine president blood lose.
REV01800,EMP0597,2025-04-14,4,82,Exceeds Expectations,Department Manager,Thousand enjoy popular always mention individual according.
REV01801,EMP0597,2026-04-14,4,81,Exceeds Expectations,Team Lead,Republican town sell cup she job including.
REV01802,EMP0597,2027-04-14,1,57,Poor,Team Lead,Word so toward experience national home.
REV01803,EMP0597,2028-04-14,3,76,Meets Expectations,Team Lead,Our increase level sing likely matter.
REV01804,EMP0598,2025-12-17,4,83,Exceeds Expectations,Team Lead,Oil mouth government can together year.
REV01805,EMP0598,2026-12-17,4,81,Exceeds Expectations,Department Manager,Purpose produce these something avoid.
REV01806,EMP0598,2027-12-17,4,83,Exceeds Expectations,Team Lead,Increase get finally go.
REV01807,EMP0598,2028-12-17,5,93,Outstanding,Team Lead,War admit difficult foreign realize.
REV01808,EMP0599,2026-04-16,3,73,Meets Expectations,HR Department,Really economy member order say throughout.
REV01809,EMP0599,2027-04-16,3,74,Meets Expectations,Department Manager,Floor budget without fact land.
REV01810,EMP0599,2028-04-16,1,44,Poor,HR Department,Traditional vote art start at exactly.
REV01811,EMP0600,2021-02-15,3,79,Meets Expectations,Team Lead,Describe development officer deep form.
REV01812,EMP0600,2022-02-15,3,74,Meets Expectations,HR Department,Unit heavy system.
REV01813,EMP0600,2023-02-15,4,84,Exceeds Expectations,Department Manager,Yourself think in camera decide parent.
REV01814,EMP0600,2024-02-15,4,88,Exceeds Expectations,Team Lead,Born admit wind military.
REV01815,EMP0601,2017-06-05,3,76,Meets Expectations,Team Lead,End as foreign these send model miss.
REV01816,EMP0601,2018-06-05,3,71,Meets Expectations,Department Manager,Line leader behind help.
REV01817,EMP0601,2019-06-05,4,84,Exceeds Expectations,Department Manager,Serious into network shake school life center.
REV01818,EMP0601,2020-06-05,3,73,Meets Expectations,Team Lead,End stuff phone carry build task.
REV01819,EMP0602,2018-02-24,5,98,Outstanding,HR Department,Lose school business study example look.
REV01820,EMP0602,2019-02-24,4,81,Exceeds Expectations,Department Manager,By economy manager.
REV01821,EMP0602,2020-02-24,4,87,Exceeds Expectations,Team Lead,Force car network economic article decision else bar.
REV01822,EMP0602,2021-02-24,3,76,Meets Expectations,HR Department,Open remain education attention.
REV01823,EMP0603,2026-06-08,5,100,Outstanding,Department Manager,Not me kid.
REV01824,EMP0603,2027-06-08,4,80,Exceeds Expectations,Team Lead,Evidence physical attorney.
REV01825,EMP0603,2028-06-08,4,84,Exceeds Expectations,Department Manager,Film political art tough sense main ready exactly.
REV01826,EMP0604,2020-11-29,4,89,Exceeds Expectations,HR Department,Push build be whole effort door return.
REV01827,EMP0604,2021-11-29,3,76,Meets Expectations,Team Lead,Yeah standard space himself represent.
REV01828,EMP0604,2022-11-29,3,77,Meets Expectations,Department Manager,Experience animal energy may because soon.
REV01829,EMP0605,2026-06-16,4,81,Exceeds Expectations,HR Department,Leave certain trial while real data.
REV01830,EMP0605,2027-06-16,4,84,Exceeds Expectations,Team Lead,Left across there I investment.
REV01831,EMP0605,2028-06-16,3,77,Meets Expectations,Team Lead,Long recognize cup sign who.
REV01832,EMP0605,2029-06-16,5,92,Outstanding,HR Department,Remain candidate hold.
REV01833,EMP0606,2013-12-18,4,88,Exceeds Expectations,Team Lead,Sea room language truth better girl prevent.
REV01834,EMP0606,2014-12-18,4,82,Exceeds Expectations,Team Lead,Term right try PM when final stuff.
REV01835,EMP0606,2015-12-18,4,84,Exceeds Expectations,HR Department,Identify foreign treat especially natural worker.
REV01836,EMP0606,2016-12-18,2,63,Needs Improvement,Department Manager,Feeling keep fall coach bad indicate.
REV01837,EMP0607,2016-03-19,3,70,Meets Expectations,HR Department,Mention serious beyond building mean push doctor.
REV01838,EMP0607,2017-03-19,3,76,Meets Expectations,Department Manager,Leg production office thing participant enjoy.
REV01839,EMP0607,2018-03-19,3,76,Meets Expectations,HR Department,Red card program democratic participant from few bring.
REV01840,EMP0608,2021-08-31,5,98,Outstanding,Department Manager,People scientist under decide here.
REV01841,EMP0608,2022-08-31,4,89,Exceeds Expectations,Team Lead,Research idea doctor east much.
REV01842,EMP0608,2023-08-31,5,95,Outstanding,Department Manager,Between him push.
REV01843,EMP0609,2018-01-08,4,89,Exceeds Expectations,HR Department,Catch music mouth already.
REV01844,EMP0609,2019-01-08,2,64,Needs Improvement,Department Manager,Large choose drive one check.
REV01845,EMP0609,2020-01-08,5,92,Outstanding,HR Department,Style again suffer there red seven discuss set.
REV01846,EMP0609,2021-01-08,4,82,Exceeds Expectations,Department Manager,Very but late individual.
REV01847,EMP0610,2025-07-08,4,87,Exceeds Expectations,Department Manager,Strategy during should raise particularly.
REV01848,EMP0610,2026-07-08,4,85,Exceeds Expectations,Department Manager,Build because enough about space movie star radio.
REV01849,EMP0611,2018-08-30,3,77,Meets Expectations,HR Department,That sit improve cause no.
REV01850,EMP0611,2019-08-30,5,99,Outstanding,Department Manager,Interesting right interesting group we weight they.
REV01851,EMP0611,2020-08-30,3,76,Meets Expectations,Team Lead,Run door budget him step service.
REV01852,EMP0611,2021-08-30,4,84,Exceeds Expectations,HR Department,Detail seat training know.
REV01853,EMP0612,2027-05-22,2,69,Needs Improvement,Department Manager,Eight enter much beat teacher.
REV01854,EMP0612,2028-05-22,4,81,Exceeds Expectations,HR Department,Late decade activity plan wall word.
REV01855,EMP0612,2029-05-22,4,86,Exceeds Expectations,Team Lead,Industry place personal she.
REV01856,EMP0613,2018-01-18,3,78,Meets Expectations,Department Manager,Cause site next under house already.
REV01857,EMP0613,2019-01-18,3,73,Meets Expectations,Department Manager,A drop particular actually blue represent citizen.
REV01858,EMP0613,2020-01-18,3,78,Meets Expectations,Department Manager,Surface star smile call central expect.
REV01859,EMP0613,2021-01-18,4,85,Exceeds Expectations,HR Department,Short bar executive sure west food.
REV01860,EMP0614,2023-08-11,3,72,Meets Expectations,Department Manager,Whom project station during town receive lawyer.
REV01861,EMP0614,2024-08-11,4,84,Exceeds Expectations,Department Manager,Those prevent teach soon bring less understand.
REV01862,EMP0614,2025-08-11,4,89,Exceeds Expectations,Team Lead,Final arrive find seek factor.
REV01863,EMP0615,2020-02-15,3,74,Meets Expectations,Department Manager,Dream likely stage certain.
REV01864,EMP0615,2021-02-15,3,77,Meets Expectations,Department Manager,Away probably tax color again wall teacher.
REV01865,EMP0616,2018-11-16,3,72,Meets Expectations,Team Lead,Rate officer manage exist modern system college.
REV01866,EMP0616,2019-11-16,4,82,Exceeds Expectations,Team Lead,Whole behavior wind southern out benefit involve.
REV01867,EMP0616,2020-11-16,4,84,Exceeds Expectations,Team Lead,Message either where with.
REV01868,EMP0616,2021-11-16,4,86,Exceeds Expectations,HR Department,Understand agency commercial us different form recognize.
REV01869,EMP0617,2023-08-20,1,49,Poor,HR Department,Think affect national pay personal but.
REV01870,EMP0617,2024-08-20,3,75,Meets Expectations,Department Manager,Decide piece rich factor responsibility.
REV01871,EMP0618,2025-12-04,3,76,Meets Expectations,HR Department,Seven appear together skin culture.
REV01872,EMP0618,2026-12-04,3,76,Meets Expectations,HR Department,Dinner each last six central our only.
REV01873,EMP0618,2027-12-04,3,77,Meets Expectations,HR Department,Scientist animal get toward office figure.
REV01874,EMP0618,2028-12-04,4,80,Exceeds Expectations,HR Department,Audience suddenly tax nice five win.
REV01875,EMP0619,2018-02-23,4,89,Exceeds Expectations,Team Lead,Magazine increase themselves skill policy do window.
REV01876,EMP0619,2019-02-23,3,75,Meets Expectations,Department Manager,Ahead among look station give view huge.
REV01877,EMP0619,2020-02-23,1,41,Poor,Department Manager,Very probably best.
REV01878,EMP0620,2025-04-08,3,72,Meets Expectations,HR Department,Difficult whole capital well every source message example.
REV01879,EMP0620,2026-04-08,3,79,Meets Expectations,Department Manager,Source particular minute coach.
REV01880,EMP0620,2027-04-08,4,84,Exceeds Expectations,HR Department,Option though more response people by foreign.
REV01881,EMP0620,2028-04-08,2,61,Needs Improvement,Team Lead,Responsibility pay play.
REV01882,EMP0621,2027-05-08,4,81,Exceeds Expectations,Team Lead,Your production report beyond her goal know.
REV01883,EMP0621,2028-05-08,3,75,Meets Expectations,HR Department,Home social involve road lot.
REV01884,EMP0621,2029-05-08,4,88,Exceeds Expectations,Department Manager,Player guy themselves evening follow.
REV01885,EMP0621,2030-05-08,3,72,Meets Expectations,Department Manager,Few authority increase mean put whether move doctor.
REV01886,EMP0622,2021-06-05,4,85,Exceeds Expectations,HR Department,Talk off fall city man arm likely.
REV01887,EMP0622,2022-06-05,4,86,Exceeds Expectations,HR Department,Strong response production management.
REV01888,EMP0623,2015-09-25,4,80,Exceeds Expectations,Team Lead,Rock gun door institution wish.
REV01889,EMP0623,2016-09-25,2,63,Needs Improvement,Department Manager,Result personal too certainly share wear alone.
REV01890,EMP0623,2017-09-25,3,76,Meets Expectations,HR Department,Crime career stage.
REV01891,EMP0624,2014-10-19,3,72,Meets Expectations,Department Manager,City claim second deal pull myself.
REV01892,EMP0624,2015-10-19,4,84,Exceeds Expectations,HR Department,Job order couple maintain dog raise.
REV01893,EMP0624,2016-10-19,2,68,Needs Improvement,Department Manager,Very offer attack become need seven wife.
REV01894,EMP0624,2017-10-19,5,99,Outstanding,Department Manager,Member me subject really.
REV01895,EMP0625,2025-02-07,5,95,Outstanding,Department Manager,Send memory human.
REV01896,EMP0625,2026-02-07,5,95,Outstanding,HR Department,Former participant political never administration worker situation during.
REV01897,EMP0626,2023-01-12,3,76,Meets Expectations,Department Manager,A nice dinner sound really.
REV01898,EMP0626,2024-01-12,5,91,Outstanding,HR Department,Attorney financial their sell protect interest manager.
REV01899,EMP0626,2025-01-12,2,67,Needs Improvement,HR Department,Fish law allow term economy nothing.
REV01900,EMP0626,2026-01-12,4,86,Exceeds Expectations,Department Manager,Source win score place name yourself.
REV01901,EMP0627,2016-04-22,5,90,Outstanding,Team Lead,Drug of response care push happy build.
REV01902,EMP0627,2017-04-22,4,81,Exceeds Expectations,HR Department,Physical her wish go gun PM.
REV01903,EMP0628,2019-10-02,3,72,Meets Expectations,HR Department,Series thing must.
REV01904,EMP0628,2020-10-02,3,76,Meets Expectations,HR Department,Care character since blood individual.
REV01905,EMP0628,2021-10-02,3,79,Meets Expectations,HR Department,Mean particularly none see oil would mention important.
REV01906,EMP0628,2022-10-02,3,78,Meets Expectations,Team Lead,Huge senior agency treatment system investment.
REV01907,EMP0629,2013-07-03,4,88,Exceeds Expectations,Team Lead,Office rock top sometimes line.
REV01908,EMP0629,2014-07-03,3,70,Meets Expectations,HR Department,Talk gun close study shake poor tree.
REV01909,EMP0629,2015-07-03,3,78,Meets Expectations,Team Lead,Hard wonder from.
REV01910,EMP0629,2016-07-03,3,72,Meets Expectations,HR Department,Language policy design just.
REV01911,EMP0630,2025-01-05,3,73,Meets Expectations,Department Manager,Entire risk miss later.
REV01912,EMP0630,2026-01-05,3,75,Meets Expectations,Team Lead,Ago foot against everybody finally beautiful ball.
REV01913,EMP0631,2016-01-17,3,70,Meets Expectations,Team Lead,International well church month skill society his.
REV01914,EMP0631,2017-01-17,2,69,Needs Improvement,Team Lead,Continue gas many development story upon.
REV01915,EMP0631,2018-01-17,4,83,Exceeds Expectations,Team Lead,Today tree out benefit.
REV01916,EMP0632,2023-09-19,4,80,Exceeds Expectations,Team Lead,Hair politics south record present eye day.
REV01917,EMP0632,2024-09-19,5,95,Outstanding,Team Lead,Sense civil another prevent simply bank.
REV01918,EMP0632,2025-09-19,5,96,Outstanding,HR Department,Drop send which current when budget.
REV01919,EMP0632,2026-09-19,4,84,Exceeds Expectations,Department Manager,Leader will area finally yeah ten.
REV01920,EMP0633,2022-06-01,4,84,Exceeds Expectations,Team Lead,World difficult arrive senior.
REV01921,EMP0633,2023-06-01,4,82,Exceeds Expectations,Team Lead,Later several certainly stand.
REV01922,EMP0633,2024-06-01,4,82,Exceeds Expectations,Team Lead,Market east present company ever lose important.
REV01923,EMP0633,2025-06-01,3,70,Meets Expectations,Team Lead,Husband character plant fly large gas mouth lay.
REV01924,EMP0634,2022-09-29,3,72,Meets Expectations,HR Department,Old stock act.
REV01925,EMP0634,2023-09-29,4,87,Exceeds Expectations,HR Department,Pretty article group doctor.
REV01926,EMP0634,2024-09-29,4,86,Exceeds Expectations,Department Manager,Staff exactly thousand rock adult place several.
REV01927,EMP0635,2018-01-15,2,63,Needs Improvement,Team Lead,Enough born personal along director my modern.
REV01928,EMP0635,2019-01-15,4,85,Exceeds Expectations,Team Lead,Church beat source agent morning through.
REV01929,EMP0635,2020-01-15,4,82,Exceeds Expectations,Team Lead,Possible interesting send cultural father today.
REV01930,EMP0635,2021-01-15,3,77,Meets Expectations,HR Department,Save certainly section.
REV01931,EMP0636,2026-09-19,3,76,Meets Expectations,Team Lead,Company without century production knowledge whatever.
REV01932,EMP0636,2027-09-19,2,63,Needs Improvement,Department Manager,Material very necessary themselves north follow.
REV01933,EMP0636,2028-09-19,4,84,Exceeds Expectations,Department Manager,Reason although behavior player participant.
REV01934,EMP0636,2029-09-19,5,93,Outstanding,Team Lead,Even include result wonder officer.
REV01935,EMP0637,2026-09-06,3,73,Meets Expectations,Department Manager,Item doctor of interesting by.
REV01936,EMP0637,2027-09-06,3,72,Meets Expectations,Department Manager,Over look spend production.
REV01937,EMP0637,2028-09-06,5,99,Outstanding,HR Department,Top view however out.
REV01938,EMP0637,2029-09-06,5,92,Outstanding,HR Department,Position front camera catch thank put right.
REV01939,EMP0638,2017-09-02,4,88,Exceeds Expectations,HR Department,Account chance card change clear brother for suggest.
REV01940,EMP0638,2018-09-02,3,78,Meets Expectations,Department Manager,Course avoid four meeting question nice.
REV01941,EMP0639,2025-10-08,1,48,Poor,Department Manager,Congress for miss Mr tough.
REV01942,EMP0639,2026-10-08,4,83,Exceeds Expectations,HR Department,Allow member hair involve he professional.
REV01943,EMP0640,2025-11-22,3,71,Meets Expectations,HR Department,Toward society leader pay player protect really.
REV01944,EMP0640,2026-11-22,2,67,Needs Improvement,Department Manager,Bag car similar after language.
REV01945,EMP0640,2027-11-22,4,81,Exceeds Expectations,HR Department,At into at federal table indicate.
REV01946,EMP0640,2028-11-22,3,73,Meets Expectations,Department Manager,Remember during impact glass.
REV01947,EMP0641,2021-01-24,2,63,Needs Improvement,Department Manager,Real explain other join.
REV01948,EMP0641,2022-01-24,4,86,Exceeds Expectations,HR Department,Sense minute either economy number value commercial.
REV01949,EMP0641,2023-01-24,3,75,Meets Expectations,Team Lead,Receive price machine man surface game hard.
REV01950,EMP0642,2022-04-10,3,73,Meets Expectations,Team Lead,Business medical money must.
REV01951,EMP0642,2023-04-10,5,93,Outstanding,Department Manager,Budget investment win for reach ability outside bar.
REV01952,EMP0643,2016-05-17,4,85,Exceeds Expectations,Team Lead,Often big above guess current week democratic.
REV01953,EMP0643,2017-05-17,4,81,Exceeds Expectations,HR Department,Style will investment.
REV01954,EMP0644,2016-04-20,4,85,Exceeds Expectations,Department Manager,Ability character bed walk citizen bill.
REV01955,EMP0644,2017-04-20,4,88,Exceeds Expectations,HR Department,Growth body center article support resource agency.
REV01956,EMP0644,2018-04-20,3,74,Meets Expectations,Department Manager,Seem Congress parent several without condition wear.
REV01957,EMP0644,2019-04-20,4,87,Exceeds Expectations,Team Lead,Scene training occur room.
REV01958,EMP0645,2020-03-09,4,87,Exceeds Expectations,Team Lead,Game community performance major capital.
REV01959,EMP0645,2021-03-09,3,76,Meets Expectations,HR Department,Its fact situation short.
REV01960,EMP0646,2014-11-13,2,67,Needs Improvement,HR Department,Price baby myself international those lead wind yet.
REV01961,EMP0646,2015-11-13,3,70,Meets Expectations,HR Department,Film throw our federal five attention.
REV01962,EMP0646,2016-11-13,4,83,Exceeds Expectations,HR Department,Fight play executive high spend receive.
REV01963,EMP0646,2017-11-13,3,71,Meets Expectations,HR Department,Mention bank coach southern.
REV01964,EMP0647,2026-10-12,4,86,Exceeds Expectations,Department Manager,Send debate father wear mean she.
REV01965,EMP0647,2027-10-12,5,97,Outstanding,Department Manager,Huge different like.
REV01966,EMP0648,2024-11-16,3,70,Meets Expectations,Team Lead,Stage create protect but force accept east cover.
REV01967,EMP0648,2025-11-16,3,75,Meets Expectations,Department Manager,Will pull special feeling event ago.
REV01968,EMP0648,2026-11-16,5,93,Outstanding,HR Department,More gun can move receive quite clearly.
REV01969,EMP0648,2027-11-16,4,83,Exceeds Expectations,HR Department,Sister tree billion camera answer.
REV01970,EMP0649,2025-04-12,5,94,Outstanding,HR Department,Along class sense management throughout gas.
REV01971,EMP0649,2026-04-12,3,79,Meets Expectations,Team Lead,Eye PM power physical pay safe.
REV01972,EMP0649,2027-04-12,3,74,Meets Expectations,Team Lead,Red get their PM this.
REV01973,EMP0649,2028-04-12,5,100,Outstanding,HR Department,Your season keep car Mr modern second bit.
REV01974,EMP0650,2024-04-06,5,94,Outstanding,HR Department,Law artist foreign return best our.
REV01975,EMP0650,2025-04-06,4,87,Exceeds Expectations,Department Manager,Song task nearly foreign cut.
REV01976,EMP0651,2012-08-22,4,84,Exceeds Expectations,Team Lead,Indeed line firm hard authority event through.
REV01977,EMP0651,2013-08-22,3,78,Meets Expectations,Team Lead,Assume brother produce relate.
REV01978,EMP0651,2014-08-22,5,98,Outstanding,Department Manager,Art standard politics action summer beyond memory.
REV01979,EMP0651,2015-08-22,4,88,Exceeds Expectations,Department Manager,Indeed job after daughter building.
REV01980,EMP0652,2018-12-23,4,89,Exceeds Expectations,Team Lead,Thus nothing worker despite you economic.
REV01981,EMP0652,2019-12-23,3,72,Meets Expectations,HR Department,Once college sea newspaper song consumer.
REV01982,EMP0652,2020-12-23,5,100,Outstanding,Department Manager,Risk resource well figure probably foreign.
REV01983,EMP0652,2021-12-23,5,100,Outstanding,Department Manager,Use need fire notice owner play home indicate.
REV01984,EMP0653,2017-07-29,1,40,Poor,Department Manager,Food total cause.
REV01985,EMP0653,2018-07-29,3,74,Meets Expectations,HR Department,Size others color night.
REV01986,EMP0654,2016-08-27,4,88,Exceeds Expectations,Team Lead,Admit the factor rock pressure forward protect.
REV01987,EMP0654,2017-08-27,4,80,Exceeds Expectations,Team Lead,Various media year read compare can material.
REV01988,EMP0654,2018-08-27,2,67,Needs Improvement,Team Lead,Forget hit environmental.
REV01989,EMP0655,2023-12-19,3,70,Meets Expectations,HR Department,Behind open glass approach new religious local.
REV01990,EMP0655,2024-12-19,4,89,Exceeds Expectations,HR Department,Standard firm fear general lead.
REV01991,EMP0656,2015-11-26,3,73,Meets Expectations,HR Department,Sit under area offer.
REV01992,EMP0656,2016-11-26,3,77,Meets Expectations,HR Department,Line mind teacher.
REV01993,EMP0657,2013-02-24,5,93,Outstanding,Team Lead,They guy worker attention college forward.
REV01994,EMP0657,2014-02-24,3,71,Meets Expectations,Department Manager,Fact surface truth suggest consider history.
REV01995,EMP0657,2015-02-24,2,64,Needs Improvement,HR Department,Identify growth unit view.
REV01996,EMP0658,2015-10-18,5,94,Outstanding,HR Department,Participant house brother central.
REV01997,EMP0658,2016-10-18,4,83,Exceeds Expectations,Department Manager,Act behind process.
REV01998,EMP0658,2017-10-18,4,87,Exceeds Expectations,Team Lead,Decade over your likely form firm rest.
REV01999,EMP0659,2026-03-28,5,93,Outstanding,Team Lead,Likely former natural life investment.
REV02000,EMP0659,2027-03-28,4,87,Exceeds Expectations,Department Manager,Quite say blood late.
REV02001,EMP0660,2017-07-30,4,86,Exceeds Expectations,Team Lead,Rich myself you authority writer nation study.
REV02002,EMP0660,2018-07-30,3,71,Meets Expectations,Team Lead,Civil ability often word behavior state people.
REV02003,EMP0660,2019-07-30,4,89,Exceeds Expectations,Team Lead,Consumer within garden sometimes.
REV02004,EMP0661,2013-11-27,2,66,Needs Improvement,Team Lead,But hospital exist quality week condition.
REV02005,EMP0661,2014-11-27,4,87,Exceeds Expectations,Department Manager,Writer top matter safe similar lay box.
REV02006,EMP0661,2015-11-27,2,66,Needs Improvement,Team Lead,Agent education source stock common.
REV02007,EMP0661,2016-11-27,4,81,Exceeds Expectations,HR Department,Door real current wind game project more.
REV02008,EMP0662,2019-12-18,4,86,Exceeds Expectations,Department Manager,Or hour situation doctor.
REV02009,EMP0662,2020-12-18,4,88,Exceeds Expectations,Team Lead,Wide report stop put.
REV02010,EMP0663,2015-11-25,2,66,Needs Improvement,Team Lead,Recent a since model.
REV02011,EMP0663,2016-11-25,4,81,Exceeds Expectations,HR Department,Believe analysis while individual leave important.
REV02012,EMP0664,2016-06-01,4,85,Exceeds Expectations,HR Department,Particular help small social common environmental care.
REV02013,EMP0664,2017-06-01,5,90,Outstanding,HR Department,Hope system to follow western few.
REV02014,EMP0664,2018-06-01,2,67,Needs Improvement,Department Manager,Relationship scientist middle remember less after picture federal.
REV02015,EMP0665,2014-12-23,4,86,Exceeds Expectations,Department Manager,Receive heart pattern cell book.
REV02016,EMP0665,2015-12-23,4,83,Exceeds Expectations,HR Department,Institution size deep cold crime.
REV02017,EMP0665,2016-12-23,3,71,Meets Expectations,HR Department,Allow detail five trip.
REV02018,EMP0666,2020-07-18,4,84,Exceeds Expectations,HR Department,These well wind before word magazine.
REV02019,EMP0666,2021-07-18,4,80,Exceeds Expectations,Team Lead,Unit surface ground let force.
REV02020,EMP0666,2022-07-18,3,70,Meets Expectations,Team Lead,Serious others fund scientist up three each significant.
REV02021,EMP0667,2022-08-03,3,76,Meets Expectations,Team Lead,Base magazine marriage.
REV02022,EMP0667,2023-08-03,4,80,Exceeds Expectations,HR Department,Evening per summer reason foot necessary.
REV02023,EMP0667,2024-08-03,3,78,Meets Expectations,Department Manager,Small establish moment explain.
REV02024,EMP0668,2018-03-30,2,67,Needs Improvement,Team Lead,Purpose line system realize speech.
REV02025,EMP0668,2019-03-30,5,95,Outstanding,Team Lead,In check miss main director.
REV02026,EMP0669,2022-03-25,1,40,Poor,Team Lead,Fast leg person model day if.
REV02027,EMP0669,2023-03-25,4,87,Exceeds Expectations,Department Manager,Standard fly far board mission.
REV02028,EMP0670,2027-04-17,3,76,Meets Expectations,HR Department,Risk pass plant week heavy of.
REV02029,EMP0670,2028-04-17,4,87,Exceeds Expectations,HR Department,Certainly event paper true perhaps.
REV02030,EMP0670,2029-04-17,4,86,Exceeds Expectations,Team Lead,Form thing poor her dog.
REV02031,EMP0670,2030-04-17,3,73,Meets Expectations,Team Lead,Court stand traditional very little.
REV02032,EMP0671,2023-06-14,4,86,Exceeds Expectations,Department Manager,Dream blood painting process let agree speak.
REV02033,EMP0671,2024-06-14,2,61,Needs Improvement,HR Department,College house particular share.
REV02034,EMP0671,2025-06-14,4,82,Exceeds Expectations,HR Department,Might measure story.
REV02035,EMP0672,2018-11-05,3,79,Meets Expectations,Team Lead,Drop score fish become four example.
REV02036,EMP0672,2019-11-05,4,85,Exceeds Expectations,Department Manager,Lose room data environment someone suggest whether.
REV02037,EMP0672,2020-11-05,4,88,Exceeds Expectations,Team Lead,Film be project stage.
REV02038,EMP0672,2021-11-05,2,69,Needs Improvement,Team Lead,Poor something Democrat argue.
REV02039,EMP0673,2023-01-08,3,75,Meets Expectations,HR Department,Go hotel style.
REV02040,EMP0673,2024-01-08,3,79,Meets Expectations,HR Department,Major then build eat economy.
REV02041,EMP0673,2025-01-08,4,81,Exceeds Expectations,HR Department,Network sister already light pressure final dark.
REV02042,EMP0673,2026-01-08,5,96,Outstanding,Team Lead,Almost prove born hotel growth least.
REV02043,EMP0674,2016-11-21,2,69,Needs Improvement,Department Manager,Thus piece air argue actually upon.
REV02044,EMP0674,2017-11-21,3,75,Meets Expectations,Team Lead,Per single drug.
REV02045,EMP0675,2016-05-17,4,86,Exceeds Expectations,HR Department,Trouble son beautiful during.
REV02046,EMP0675,2017-05-17,3,72,Meets Expectations,HR Department,View beautiful itself.
REV02047,EMP0676,2023-11-29,5,92,Outstanding,Department Manager,Thank laugh memory phone would beyond several everyone.
REV02048,EMP0676,2024-11-29,2,68,Needs Improvement,Team Lead,Fight treatment else music employee task animal.
REV02049,EMP0676,2025-11-29,4,88,Exceeds Expectations,Department Manager,Contain next two poor project us.
REV02050,EMP0677,2023-10-05,3,73,Meets Expectations,HR Department,About country why later religious carry.
REV02051,EMP0677,2024-10-05,2,65,Needs Improvement,Department Manager,Head find may company special.
REV02052,EMP0677,2025-10-05,4,81,Exceeds Expectations,Team Lead,Media tend life song until service goal enter.
REV02053,EMP0677,2026-10-05,4,86,Exceeds Expectations,Team Lead,Moment get argue far visit character.
REV02054,EMP0678,2016-08-01,3,76,Meets Expectations,HR Department,Responsibility change dream cover.
REV02055,EMP0678,2017-08-01,3,76,Meets Expectations,HR Department,The either movement approach loss.
REV02056,EMP0678,2018-08-01,3,79,Meets Expectations,HR Department,Ago ok artist authority surface.
REV02057,EMP0678,2019-08-01,1,41,Poor,Team Lead,Discover seven against hear.
REV02058,EMP0679,2019-08-25,3,79,Meets Expectations,HR Department,Test better eat mind different debate worker despite.
REV02059,EMP0679,2020-08-25,5,94,Outstanding,HR Department,Begin fish join why bar coach.
REV02060,EMP0679,2021-08-25,4,86,Exceeds Expectations,Department Manager,Industry low lot trial.
REV02061,EMP0679,2022-08-25,4,83,Exceeds Expectations,HR Department,Someone staff father you million skill marriage.
REV02062,EMP0680,2019-11-26,3,77,Meets Expectations,HR Department,Strategy memory bed evening most.
REV02063,EMP0680,2020-11-26,3,79,Meets Expectations,Team Lead,Nothing talk TV hard.
REV02064,EMP0680,2021-11-26,3,73,Meets Expectations,HR Department,Environment economic main two.
REV02065,EMP0680,2022-11-26,2,66,Needs Improvement,Team Lead,Coach life house fear race couple politics TV.
REV02066,EMP0681,2014-08-04,3,71,Meets Expectations,Team Lead,Member more shoulder bring.
REV02067,EMP0681,2015-08-04,2,66,Needs Improvement,HR Department,Anything soon decade page teach.
REV02068,EMP0682,2026-02-07,3,73,Meets Expectations,Department Manager,Idea cup newspaper especially.
REV02069,EMP0682,2027-02-07,3,76,Meets Expectations,Department Manager,Look policy in economy.
REV02070,EMP0682,2028-02-07,3,70,Meets Expectations,Team Lead,Stock modern choice not above compare computer.
REV02071,EMP0683,2019-07-08,4,87,Exceeds Expectations,Team Lead,Particular give down own.
REV02072,EMP0683,2020-07-08,4,82,Exceeds Expectations,Team Lead,Quickly out public east much pressure maybe.
REV02073,EMP0684,2021-10-19,3,70,Meets Expectations,HR Department,Central without through star phone perhaps.
REV02074,EMP0684,2022-10-19,4,83,Exceeds Expectations,Department Manager,Else company even financial unit.
REV02075,EMP0684,2023-10-19,4,84,Exceeds Expectations,HR Department,Century body factor heart member others usually.
REV02076,EMP0685,2025-11-04,3,78,Meets Expectations,HR Department,Democrat north majority quite four figure assume.
REV02077,EMP0685,2026-11-04,2,62,Needs Improvement,Department Manager,Door sell south anyone country total when.
REV02078,EMP0685,2027-11-04,5,95,Outstanding,Team Lead,Machine cell activity national Democrat would.
REV02079,EMP0686,2025-12-26,3,71,Meets Expectations,HR Department,Increase recognize middle toward particularly home star.
REV02080,EMP0686,2026-12-26,4,85,Exceeds Expectations,Team Lead,Same wide beyond.
REV02081,EMP0687,2023-05-12,4,85,Exceeds Expectations,Team Lead,Meeting design evening vote interview.
REV02082,EMP0687,2024-05-12,2,61,Needs Improvement,HR Department,Meet serve game field send.
REV02083,EMP0688,2024-06-23,4,88,Exceeds Expectations,HR Department,Congress key ability evening prevent clear.
REV02084,EMP0688,2025-06-23,5,99,Outstanding,Department Manager,A possible take help.
REV02085,EMP0688,2026-06-23,3,75,Meets Expectations,Team Lead,Itself serve region program mother.
REV02086,EMP0689,2024-01-03,5,94,Outstanding,Department Manager,Education mother pass ahead prevent pressure war.
REV02087,EMP0689,2025-01-03,2,62,Needs Improvement,HR Department,Six religious whom kind over along direction.
REV02088,EMP0690,2019-02-10,2,66,Needs Improvement,Department Manager,Machine keep risk even.
REV02089,EMP0690,2020-02-10,4,80,Exceeds Expectations,Department Manager,Candidate sure director child national face magazine.
REV02090,EMP0691,2020-03-02,3,70,Meets Expectations,Department Manager,Military up build customer hair news red have.
REV02091,EMP0691,2021-03-02,1,50,Poor,HR Department,Training walk protect.
REV02092,EMP0692,2017-07-25,3,78,Meets Expectations,HR Department,Reason bar mother entire use.
REV02093,EMP0692,2018-07-25,3,73,Meets Expectations,Department Manager,Statement instead certain attorney must trial.
REV02094,EMP0692,2019-07-25,5,100,Outstanding,Team Lead,Color fill away view.
REV02095,EMP0692,2020-07-25,4,80,Exceeds Expectations,Team Lead,Avoid fill nothing too force seem rock.
REV02096,EMP0693,2014-02-03,3,74,Meets Expectations,Team Lead,Prove coach product certain other democratic data.
REV02097,EMP0693,2015-02-03,4,86,Exceeds Expectations,Team Lead,Available continue region seat concern involve.
REV02098,EMP0693,2016-02-03,3,73,Meets Expectations,Department Manager,Southern such know alone avoid firm.
REV02099,EMP0693,2017-02-03,4,85,Exceeds Expectations,HR Department,Weight author edge tax imagine nothing involve natural.
REV02100,EMP0694,2013-07-16,3,75,Meets Expectations,HR Department,Education people everything very build ball for.
REV02101,EMP0694,2014-07-16,4,82,Exceeds Expectations,HR Department,Think film light.
REV02102,EMP0694,2015-07-16,5,98,Outstanding,Team Lead,News really here point century home two.
REV02103,EMP0695,2022-12-16,1,58,Poor,HR Department,Painting summer standard still sure by.
REV02104,EMP0695,2023-12-16,4,83,Exceeds Expectations,Team Lead,Voice exist half this.
REV02105,EMP0695,2024-12-16,2,60,Needs Improvement,HR Department,Thing game TV.
REV02106,EMP0696,2013-12-04,4,83,Exceeds Expectations,Team Lead,Maybe list situation.
REV02107,EMP0696,2014-12-04,4,85,Exceeds Expectations,Department Manager,As me amount bring kid job well.
REV02108,EMP0697,2027-02-04,3,78,Meets Expectations,Department Manager,Not necessary financial training cup capital.
REV02109,EMP0697,2028-02-04,3,79,Meets Expectations,HR Department,Rest wall create.
REV02110,EMP0697,2029-02-04,4,88,Exceeds Expectations,Team Lead,Mr thought order character gas card until.
REV02111,EMP0697,2030-02-04,3,71,Meets Expectations,Team Lead,Smile agreement environment.
REV02112,EMP0698,2015-03-04,2,63,Needs Improvement,Team Lead,Into class none.
REV02113,EMP0698,2016-03-04,5,98,Outstanding,Team Lead,Hot can song can manager inside TV international.
REV02114,EMP0698,2017-03-04,2,60,Needs Improvement,Department Manager,Stuff return out across garden responsibility.
REV02115,EMP0699,2026-08-11,4,86,Exceeds Expectations,Department Manager,American series win central discussion.
REV02116,EMP0699,2027-08-11,4,88,Exceeds Expectations,Team Lead,Low whose half suffer relate Democrat.
REV02117,EMP0699,2028-08-11,3,70,Meets Expectations,Team Lead,Arm best cultural have beyond fish.
REV02118,EMP0700,2020-12-08,3,77,Meets Expectations,Department Manager,Officer return to book.
REV02119,EMP0700,2021-12-08,3,77,Meets Expectations,Team Lead,Prepare move space.
REV02120,EMP0700,2022-12-08,3,79,Meets Expectations,HR Department,Above half bank learn.
REV02121,EMP0701,2017-07-22,5,99,Outstanding,Department Manager,Everyone late them last.
REV02122,EMP0701,2018-07-22,5,92,Outstanding,HR Department,Message need power yet possible yet.
REV02123,EMP0701,2019-07-22,3,75,Meets Expectations,Team Lead,Young focus position anything media house across.
REV02124,EMP0701,2020-07-22,3,74,Meets Expectations,Team Lead,Wrong tonight difference including.
REV02125,EMP0702,2020-04-21,4,84,Exceeds Expectations,Team Lead,Describe run management will.
REV02126,EMP0702,2021-04-21,3,70,Meets Expectations,Team Lead,Only us town no I last.
REV02127,EMP0702,2022-04-21,3,74,Meets Expectations,HR Department,His thousand various shoulder say blue weight.
REV02128,EMP0703,2018-01-06,3,73,Meets Expectations,Team Lead,Animal until ground.
REV02129,EMP0703,2019-01-06,3,73,Meets Expectations,Team Lead,Through sister plan generation.
REV02130,EMP0703,2020-01-06,1,57,Poor,Team Lead,Man music purpose huge including report.
REV02131,EMP0703,2021-01-06,1,58,Poor,Team Lead,Least already open we.
REV02132,EMP0704,2016-02-06,4,85,Exceeds Expectations,Team Lead,Move rock benefit condition build.
REV02133,EMP0704,2017-02-06,3,70,Meets Expectations,Team Lead,Live carry rock southern.
REV02134,EMP0704,2018-02-06,5,96,Outstanding,Team Lead,Form born realize lot of.
REV02135,EMP0705,2024-11-03,3,77,Meets Expectations,Department Manager,Like alone ten bring product.
REV02136,EMP0705,2025-11-03,3,70,Meets Expectations,Department Manager,Case show five drop far road dream.
REV02137,EMP0705,2026-11-03,3,74,Meets Expectations,Team Lead,Sound nearly trouble fine decide.
REV02138,EMP0706,2023-10-02,4,86,Exceeds Expectations,Team Lead,Deal decision until management discussion bill modern cause.
REV02139,EMP0706,2024-10-02,5,98,Outstanding,HR Department,Third suggest course which entire.
REV02140,EMP0707,2013-12-10,4,81,Exceeds Expectations,HR Department,Stand discover church watch month gun nation.
REV02141,EMP0707,2014-12-10,4,82,Exceeds Expectations,HR Department,Growth whole itself strategy recently.
REV02142,EMP0707,2015-12-10,4,85,Exceeds Expectations,Department Manager,Evidence game president identify dinner although.
REV02143,EMP0707,2016-12-10,4,86,Exceeds Expectations,Team Lead,Best matter hospital capital training say.
REV02144,EMP0708,2013-03-19,5,96,Outstanding,HR Department,Itself wide social least.
REV02145,EMP0708,2014-03-19,3,72,Meets Expectations,Department Manager,Exist skill could visit.
REV02146,EMP0709,2016-02-22,5,90,Outstanding,Department Manager,Style story wide.
REV02147,EMP0709,2017-02-22,5,99,Outstanding,Team Lead,Show traditional open world building.
REV02148,EMP0709,2018-02-22,3,71,Meets Expectations,HR Department,Fill three six election nation.
REV02149,EMP0709,2019-02-22,3,79,Meets Expectations,Department Manager,Allow main already score so say.
REV02150,EMP0710,2022-06-11,3,70,Meets Expectations,HR Department,Else this level throughout explain.
REV02151,EMP0710,2023-06-11,4,84,Exceeds Expectations,Team Lead,Actually herself pick space seem situation power.
REV02152,EMP0710,2024-06-11,2,66,Needs Improvement,HR Department,Become bad both well land probably.
REV02153,EMP0711,2025-10-20,5,94,Outstanding,Team Lead,Small thought college throw space growth.
REV02154,EMP0711,2026-10-20,3,79,Meets Expectations,HR Department,Home Congress understand meet special production.
REV02155,EMP0711,2027-10-20,4,82,Exceeds Expectations,Department Manager,Ten subject interview within where.
REV02156,EMP0711,2028-10-20,3,77,Meets Expectations,Department Manager,Begin according appear late.
REV02157,EMP0712,2014-01-03,2,69,Needs Improvement,HR Department,Security hand east hit citizen price smile.
REV02158,EMP0712,2015-01-03,3,73,Meets Expectations,Department Manager,Other true different decade seem talk.
REV02159,EMP0712,2016-01-03,1,47,Poor,HR Department,Fall name employee bar experience thing.
REV02160,EMP0713,2022-07-24,4,84,Exceeds Expectations,Department Manager,Age deal hot information policy gas occur.
REV02161,EMP0713,2023-07-24,4,84,Exceeds Expectations,Department Manager,Choice success compare pay mind.
REV02162,EMP0713,2024-07-24,4,85,Exceeds Expectations,HR Department,Social safe pass kid leader argue option.
REV02163,EMP0714,2020-02-14,3,71,Meets Expectations,Team Lead,Face country with nation technology.
REV02164,EMP0714,2021-02-14,4,83,Exceeds Expectations,HR Department,Performance gas operation sing head hair forget.
REV02165,EMP0714,2022-02-14,4,81,Exceeds Expectations,Department Manager,Congress difference term live your story scientist book.
REV02166,EMP0714,2023-02-14,4,89,Exceeds Expectations,Department Manager,Home listen per involve.
REV02167,EMP0715,2015-06-02,3,75,Meets Expectations,HR Department,Base two card interesting.
REV02168,EMP0715,2016-06-02,3,76,Meets Expectations,Department Manager,Friend as detail cup us suddenly watch.
REV02169,EMP0716,2020-11-29,5,91,Outstanding,Team Lead,Garden imagine pattern child film some.
REV02170,EMP0716,2021-11-29,2,61,Needs Improvement,Department Manager,Group pattern forget character sport.
REV02171,EMP0716,2022-11-29,5,93,Outstanding,HR Department,Down someone before work.
REV02172,EMP0716,2023-11-29,3,79,Meets Expectations,HR Department,Travel officer happen cut now simply.
REV02173,EMP0717,2014-02-23,4,83,Exceeds Expectations,HR Department,After responsibility toward garden rate find.
REV02174,EMP0717,2015-02-23,2,65,Needs Improvement,HR Department,Early machine nation serve popular culture fact.
REV02175,EMP0717,2016-02-23,4,81,Exceeds Expectations,Department Manager,Job room likely policy us.
REV02176,EMP0717,2017-02-23,4,85,Exceeds Expectations,Team Lead,Head budget determine international local arm even.
REV02177,EMP0718,2021-02-28,3,70,Meets Expectations,Department Manager,Care type quite think near.
REV02178,EMP0718,2022-02-28,3,78,Meets Expectations,Team Lead,Early day natural just analysis.
REV02179,EMP0718,2023-02-28,3,74,Meets Expectations,Team Lead,Significant site approach return democratic on.
REV02180,EMP0719,2022-02-06,2,63,Needs Improvement,Department Manager,Action support person peace factor class.
REV02181,EMP0719,2023-02-06,4,85,Exceeds Expectations,Team Lead,Tax leave off part.
REV02182,EMP0720,2013-06-13,1,48,Poor,HR Department,Wear ask want him.
REV02183,EMP0720,2014-06-13,5,95,Outstanding,Team Lead,Throw build public discussion necessary hard page.
REV02184,EMP0720,2015-06-13,3,74,Meets Expectations,HR Department,Address order population move wide take part find.
REV02185,EMP0721,2025-07-01,3,70,Meets Expectations,Team Lead,Soldier write mission hold design.
REV02186,EMP0721,2026-07-01,3,79,Meets Expectations,Department Manager,More expert your around college.
REV02187,EMP0721,2027-07-01,3,78,Meets Expectations,Team Lead,Building official debate likely easy force.
REV02188,EMP0721,2028-07-01,3,72,Meets Expectations,Team Lead,Detail experience many indicate.
REV02189,EMP0722,2022-04-16,4,88,Exceeds Expectations,Team Lead,Court ready pick great.
REV02190,EMP0722,2023-04-16,2,67,Needs Improvement,Team Lead,Forward vote medical push vote kitchen.
REV02191,EMP0723,2020-01-08,4,82,Exceeds Expectations,Team Lead,Treat for and often person black over name.
REV02192,EMP0723,2021-01-08,3,74,Meets Expectations,Team Lead,Technology card involve season including choose.
REV02193,EMP0723,2022-01-08,4,89,Exceeds Expectations,Team Lead,Cut machine leader even career.
REV02194,EMP0723,2023-01-08,5,95,Outstanding,Department Manager,Face challenge manage growth partner bring newspaper dream.
REV02195,EMP0724,2019-08-05,3,72,Meets Expectations,Team Lead,Rest foreign debate baby practice.
REV02196,EMP0724,2020-08-05,4,83,Exceeds Expectations,Team Lead,Rather us participant strategy guy defense.
REV02197,EMP0724,2021-08-05,5,90,Outstanding,Team Lead,Control tend never.
REV02198,EMP0724,2022-08-05,5,97,Outstanding,Department Manager,Free five man.
REV02199,EMP0725,2026-09-30,3,79,Meets Expectations,HR Department,Conference any sport page.
REV02200,EMP0725,2027-09-30,4,89,Exceeds Expectations,Department Manager,Avoid eat specific article set suggest.
REV02201,EMP0726,2019-01-24,4,83,Exceeds Expectations,Department Manager,Outside half then central budget step.
REV02202,EMP0726,2020-01-24,3,78,Meets Expectations,Department Manager,Over stand fire page town rock perform.
REV02203,EMP0726,2021-01-24,5,97,Outstanding,Team Lead,Grow glass meet whatever agreement drop.
REV02204,EMP0727,2023-09-26,4,82,Exceeds Expectations,Department Manager,Once stand push appear maintain part.
REV02205,EMP0727,2024-09-26,3,78,Meets Expectations,HR Department,Leader about debate message western that tonight.
REV02206,EMP0728,2014-03-29,5,93,Outstanding,Department Manager,Ground them condition today choose.
REV02207,EMP0728,2015-03-29,5,95,Outstanding,Department Manager,Particular partner certain store.
REV02208,EMP0728,2016-03-29,5,100,Outstanding,HR Department,Career none foot over cover.
REV02209,EMP0728,2017-03-29,4,81,Exceeds Expectations,Department Manager,Blue economic open behind.
REV02210,EMP0729,2017-01-07,4,80,Exceeds Expectations,Department Manager,Return sit need yes father.
REV02211,EMP0729,2018-01-07,4,84,Exceeds Expectations,HR Department,Strong should your Mrs project situation.
REV02212,EMP0729,2019-01-07,4,80,Exceeds Expectations,HR Department,Box significant hear tough again board spend.
REV02213,EMP0729,2020-01-07,4,87,Exceeds Expectations,Department Manager,Congress at growth require.
REV02214,EMP0730,2014-08-28,4,88,Exceeds Expectations,HR Department,Guess out build president.
REV02215,EMP0730,2015-08-28,4,86,Exceeds Expectations,Team Lead,Rest major dream throw fire trial political.
REV02216,EMP0731,2027-03-12,4,86,Exceeds Expectations,HR Department,Couple every know pick visit.
REV02217,EMP0731,2028-03-12,3,78,Meets Expectations,Department Manager,Husband work listen health customer.
REV02218,EMP0732,2016-10-06,1,41,Poor,Team Lead,Time tax ok official.
REV02219,EMP0732,2017-10-06,4,88,Exceeds Expectations,Team Lead,Growth offer edge one hot pass.
REV02220,EMP0733,2022-06-01,5,100,Outstanding,Department Manager,Under thank begin oil.
REV02221,EMP0733,2023-06-01,3,76,Meets Expectations,Team Lead,Magazine window see language but possible class.
REV02222,EMP0733,2024-06-01,2,68,Needs Improvement,Department Manager,Suddenly produce organization defense who.
REV02223,EMP0733,2025-06-01,3,72,Meets Expectations,HR Department,Mouth officer do along available chance true.
REV02224,EMP0734,2025-03-14,4,87,Exceeds Expectations,Department Manager,Successful leave dark where enough challenge.
REV02225,EMP0734,2026-03-14,5,100,Outstanding,Team Lead,Century among almost student join.
REV02226,EMP0734,2027-03-14,4,81,Exceeds Expectations,HR Department,Forget real still.
REV02227,EMP0735,2018-04-06,4,85,Exceeds Expectations,Department Manager,Trial and four choose these small hotel.
REV02228,EMP0735,2019-04-06,4,87,Exceeds Expectations,Team Lead,Analysis nation scene concern.
REV02229,EMP0735,2020-04-06,4,88,Exceeds Expectations,Team Lead,Door produce cup for face.
REV02230,EMP0736,2013-10-19,2,63,Needs Improvement,Department Manager,High feel physical executive same glass.
REV02231,EMP0736,2014-10-19,5,91,Outstanding,Department Manager,Others minute Republican their myself answer fast.
REV02232,EMP0737,2015-09-28,3,76,Meets Expectations,HR Department,Environmental run station so smile act.
REV02233,EMP0737,2016-09-28,4,81,Exceeds Expectations,HR Department,Film painting accept budget trip democratic.
REV02234,EMP0738,2022-11-25,3,78,Meets Expectations,HR Department,Thought eye ever performance anyone wide through.
REV02235,EMP0738,2023-11-25,3,75,Meets Expectations,HR Department,Class sign might they.
REV02236,EMP0738,2024-11-25,3,72,Meets Expectations,HR Department,I discuss us sister.
REV02237,EMP0739,2020-07-01,4,83,Exceeds Expectations,HR Department,Media throw different enter film of.
REV02238,EMP0739,2021-07-01,4,85,Exceeds Expectations,HR Department,Happen role continue company budget.
REV02239,EMP0739,2022-07-01,5,97,Outstanding,HR Department,Drive just teach single end sure.
REV02240,EMP0740,2025-02-13,5,99,Outstanding,Team Lead,Machine affect entire because entire his.
REV02241,EMP0740,2026-02-13,4,87,Exceeds Expectations,HR Department,Next threat between whose stop specific alone safe.
REV02242,EMP0740,2027-02-13,3,74,Meets Expectations,Team Lead,Plan enjoy everybody range arm.
REV02243,EMP0741,2025-11-24,5,99,Outstanding,Department Manager,Operation chair nature for career crime reason direction.
REV02244,EMP0741,2026-11-24,3,73,Meets Expectations,HR Department,Job meeting collection can marriage law measure.
REV02245,EMP0742,2017-06-06,3,79,Meets Expectations,Department Manager,Force memory almost.
REV02246,EMP0742,2018-06-06,3,77,Meets Expectations,HR Department,On find including in.
REV02247,EMP0743,2014-07-24,4,84,Exceeds Expectations,Team Lead,Network cut should paper.
REV02248,EMP0743,2015-07-24,3,76,Meets Expectations,Team Lead,Tonight rock dream house agent treatment public system.
REV02249,EMP0743,2016-07-24,5,92,Outstanding,Department Manager,Garden ten church beautiful inside.
REV02250,EMP0744,2021-12-15,3,72,Meets Expectations,HR Department,Call knowledge quality head Mr skin important.
REV02251,EMP0744,2022-12-15,5,91,Outstanding,Department Manager,Information either practice live expect.
REV02252,EMP0744,2023-12-15,3,71,Meets Expectations,Department Manager,Find on show rest.
REV02253,EMP0745,2012-12-19,4,85,Exceeds Expectations,Department Manager,Management artist condition lawyer.
REV02254,EMP0745,2013-12-19,5,97,Outstanding,HR Department,Organization include system create.
REV02255,EMP0745,2014-12-19,3,77,Meets Expectations,Department Manager,Travel politics identify national.
REV02256,EMP0745,2015-12-19,3,78,Meets Expectations,Department Manager,Defense and share life.
REV02257,EMP0746,2025-12-25,4,89,Exceeds Expectations,HR Department,Officer will building president place form.
REV02258,EMP0746,2026-12-25,3,72,Meets Expectations,HR Department,Change range right deal more minute PM.
REV02259,EMP0747,2014-08-03,4,82,Exceeds Expectations,Department Manager,Three three theory Mr.
REV02260,EMP0747,2015-08-03,4,86,Exceeds Expectations,Department Manager,Ago movie discussion society buy conference scientist.
REV02261,EMP0747,2016-08-03,4,85,Exceeds Expectations,Team Lead,Energy coach cover pretty send.
REV02262,EMP0747,2017-08-03,3,71,Meets Expectations,HR Department,Fund size simple thus moment popular.
REV02263,EMP0748,2024-01-02,4,82,Exceeds Expectations,HR Department,Whose develop back cultural along.
REV02264,EMP0748,2025-01-02,3,70,Meets Expectations,Department Manager,Son rise record land audience.
REV02265,EMP0748,2026-01-02,3,75,Meets Expectations,Team Lead,Either six design.
REV02266,EMP0749,2013-09-25,4,86,Exceeds Expectations,HR Department,Fund within drop form two.
REV02267,EMP0749,2014-09-25,5,90,Outstanding,HR Department,Minute cup final.
REV02268,EMP0749,2015-09-25,3,72,Meets Expectations,HR Department,Seat real property painting dog actually.
REV02269,EMP0749,2016-09-25,3,71,Meets Expectations,Department Manager,Rock avoid use yes security skill say eat.
REV02270,EMP0750,2023-11-07,3,76,Meets Expectations,Department Manager,Thought interest hour social.
REV02271,EMP0750,2024-11-07,3,78,Meets Expectations,Department Manager,Time question or summer family notice treat field.
REV02272,EMP0750,2025-11-07,4,84,Exceeds Expectations,Department Manager,Development she entire never activity.
REV02273,EMP0750,2026-11-07,3,70,Meets Expectations,Department Manager,Worker here message decade.
REV02274,EMP0751,2015-01-31,3,75,Meets Expectations,Department Manager,We coach glass side fly.
REV02275,EMP0751,2016-01-31,3,71,Meets Expectations,Team Lead,Southern employee even matter address president.
REV02276,EMP0751,2017-01-31,4,83,Exceeds Expectations,Department Manager,Require better of recently.
REV02277,EMP0752,2018-09-19,3,70,Meets Expectations,Department Manager,Stuff culture nothing size whole.
REV02278,EMP0752,2019-09-19,3,70,Meets Expectations,Department Manager,Hotel forget success tend spend age.
REV02279,EMP0753,2021-09-24,3,73,Meets Expectations,Department Manager,Trade Mr wrong human.
REV02280,EMP0753,2022-09-24,4,86,Exceeds Expectations,Department Manager,Still recently operation remember green vote course.
REV02281,EMP0753,2023-09-24,3,72,Meets Expectations,Team Lead,Special natural bill better.
REV02282,EMP0753,2024-09-24,4,82,Exceeds Expectations,Team Lead,Cover majority thus.
REV02283,EMP0754,2018-06-19,3,79,Meets Expectations,Team Lead,Industry including fish.
REV02284,EMP0754,2019-06-19,3,72,Meets Expectations,Team Lead,Something street feel foot range suffer.
REV02285,EMP0754,2020-06-19,4,80,Exceeds Expectations,Team Lead,May ever recent successful say describe speak.
REV02286,EMP0755,2021-02-28,1,54,Poor,Department Manager,Safe form approach boy.
REV02287,EMP0755,2022-02-28,4,88,Exceeds Expectations,Team Lead,List rise middle this.
REV02288,EMP0755,2023-02-28,3,76,Meets Expectations,Department Manager,Trial administration challenge well art listen.
REV02289,EMP0755,2024-02-28,5,100,Outstanding,Team Lead,Within teacher hour Mr effort amount coach.
REV02290,EMP0756,2020-01-02,4,81,Exceeds Expectations,HR Department,Sign state modern investment.
REV02291,EMP0756,2021-01-02,3,79,Meets Expectations,HR Department,Kid everything entire possible our minute.
REV02292,EMP0756,2022-01-02,4,89,Exceeds Expectations,Team Lead,Feel man plant explain story.
REV02293,EMP0757,2025-09-13,2,69,Needs Improvement,Team Lead,Program small threat later image.
REV02294,EMP0757,2026-09-13,5,100,Outstanding,HR Department,Nation blue people front tell.
REV02295,EMP0757,2027-09-13,3,78,Meets Expectations,HR Department,Traditional away rise air dinner small.
REV02296,EMP0758,2013-04-19,4,84,Exceeds Expectations,HR Department,Society whatever name claim management bar choice.
REV02297,EMP0758,2014-04-19,3,74,Meets Expectations,Team Lead,Outside sign around.
REV02298,EMP0759,2015-08-09,3,70,Meets Expectations,Team Lead,Stop become study ability eye little home.
REV02299,EMP0759,2016-08-09,3,77,Meets Expectations,Department Manager,Six grow current throughout remember effort network.
REV02300,EMP0759,2017-08-09,4,88,Exceeds Expectations,HR Department,Change prepare probably box.
REV02301,EMP0760,2016-11-21,4,87,Exceeds Expectations,Team Lead,Professional couple city bill.
REV02302,EMP0760,2017-11-21,3,72,Meets Expectations,HR Department,Step boy drop.
REV02303,EMP0760,2018-11-21,4,80,Exceeds Expectations,Department Manager,Ball significant for what example evening.
REV02304,EMP0760,2019-11-21,4,82,Exceeds Expectations,HR Department,About energy long response somebody four admit.
REV02305,EMP0761,2014-12-22,4,88,Exceeds Expectations,HR Department,Heavy night finally score.
REV02306,EMP0761,2015-12-22,4,86,Exceeds Expectations,Team Lead,Role technology position direction.
REV02307,EMP0762,2019-11-24,3,71,Meets Expectations,Department Manager,Share board head.
REV02308,EMP0762,2020-11-24,3,71,Meets Expectations,HR Department,Series follow power worker your.
REV02309,EMP0762,2021-11-24,5,96,Outstanding,Team Lead,Rock rock issue study.
REV02310,EMP0762,2022-11-24,4,80,Exceeds Expectations,HR Department,Truth red send someone interesting know not.
REV02311,EMP0763,2024-07-25,3,74,Meets Expectations,HR Department,Establish agent director learn enjoy believe though realize.
REV02312,EMP0763,2025-07-25,4,82,Exceeds Expectations,Department Manager,Issue job cut tonight area.
REV02313,EMP0764,2027-07-06,5,90,Outstanding,Department Manager,Operation view senior provide possible year.
REV02314,EMP0764,2028-07-06,2,69,Needs Improvement,Team Lead,Reason collection all thing mother place.
REV02315,EMP0764,2029-07-06,3,73,Meets Expectations,HR Department,Specific walk billion.
REV02316,EMP0764,2030-07-06,4,89,Exceeds Expectations,Department Manager,Vote kid onto civil.
REV02317,EMP0765,2013-06-08,5,92,Outstanding,Team Lead,Explain explain yard view inside skill add.
REV02318,EMP0765,2014-06-08,1,44,Poor,HR Department,Child long program more.
REV02319,EMP0765,2015-06-08,4,85,Exceeds Expectations,HR Department,But present art local clear.
REV02320,EMP0765,2016-06-08,3,75,Meets Expectations,Department Manager,Action or movement water right describe manager case.
REV02321,EMP0766,2012-10-03,4,80,Exceeds Expectations,HR Department,Artist inside help record easy.
REV02322,EMP0766,2013-10-03,3,75,Meets Expectations,HR Department,Once response quickly similar.
REV02323,EMP0766,2014-10-03,2,67,Needs Improvement,HR Department,Social drive wife street senior center sometimes.
REV02324,EMP0766,2015-10-03,4,86,Exceeds Expectations,Department Manager,Inside which send rest accept value sport.
REV02325,EMP0767,2020-02-19,4,88,Exceeds Expectations,Team Lead,Artist rise wide coach size operation raise rock.
REV02326,EMP0767,2021-02-19,4,84,Exceeds Expectations,HR Department,Before respond movie bad deal each at.
REV02327,EMP0768,2015-07-12,3,77,Meets Expectations,Team Lead,Simply sport food enough responsibility human.
REV02328,EMP0768,2016-07-12,3,78,Meets Expectations,Department Manager,Walk reveal sport.
REV02329,EMP0768,2017-07-12,5,99,Outstanding,Department Manager,North case include admit return make.
REV02330,EMP0769,2025-06-07,4,81,Exceeds Expectations,HR Department,Such method note.
REV02331,EMP0769,2026-06-07,4,84,Exceeds Expectations,Team Lead,Save ten response song brother decide.
REV02332,EMP0770,2012-12-07,3,73,Meets Expectations,HR Department,Common yet man agency yeah goal.
REV02333,EMP0770,2013-12-07,3,77,Meets Expectations,Department Manager,Listen policy success those probably fast trip.
REV02334,EMP0770,2014-12-07,1,54,Poor,HR Department,Interesting kind know environmental next.
REV02335,EMP0771,2024-04-14,1,49,Poor,Team Lead,Manage gun former right phone start.
REV02336,EMP0771,2025-04-14,5,92,Outstanding,Team Lead,Store participant herself decade.
REV02337,EMP0771,2026-04-14,3,74,Meets Expectations,Department Manager,Really into three drop interest staff.
REV02338,EMP0772,2021-09-13,2,67,Needs Improvement,HR Department,Side guess officer cover.
REV02339,EMP0772,2022-09-13,3,72,Meets Expectations,HR Department,Image first air natural but subject find.
REV02340,EMP0773,2020-05-28,3,78,Meets Expectations,Department Manager,Two third trade pressure onto may.
REV02341,EMP0773,2021-05-28,5,95,Outstanding,Team Lead,Treat show environmental energy.
REV02342,EMP0773,2022-05-28,4,84,Exceeds Expectations,Department Manager,Under write sure ever.
REV02343,EMP0773,2023-05-28,4,88,Exceeds Expectations,Team Lead,Cover sister minute rock notice suggest beautiful.
REV02344,EMP0774,2024-12-04,4,84,Exceeds Expectations,Department Manager,Pattern whom southern particular describe section security action.
REV02345,EMP0774,2025-12-04,1,55,Poor,HR Department,Actually degree do ball.
REV02346,EMP0775,2017-11-03,3,77,Meets Expectations,Team Lead,Enough catch article media party.
REV02347,EMP0775,2018-11-03,4,81,Exceeds Expectations,Team Lead,Through this interesting street.
REV02348,EMP0776,2022-01-09,4,84,Exceeds Expectations,HR Department,Send win everything apply get ten city.
REV02349,EMP0776,2023-01-09,3,70,Meets Expectations,Department Manager,Statement decide organization chair represent.
REV02350,EMP0776,2024-01-09,4,89,Exceeds Expectations,Team Lead,Good unit woman head no.
REV02351,EMP0776,2025-01-09,4,83,Exceeds Expectations,Team Lead,While available most up.
REV02352,EMP0777,2012-10-27,5,96,Outstanding,Department Manager,Whatever structure nature program if necessary four.
REV02353,EMP0777,2013-10-27,1,45,Poor,Department Manager,Deep free where investment blue crime.
REV02354,EMP0777,2014-10-27,3,78,Meets Expectations,HR Department,Father cause behind onto.
REV02355,EMP0778,2022-04-10,1,41,Poor,HR Department,About ten save agent get field.
REV02356,EMP0778,2023-04-10,4,89,Exceeds Expectations,Team Lead,See high seem paper.
REV02357,EMP0778,2024-04-10,1,53,Poor,Department Manager,Performance sign employee campaign smile.
REV02358,EMP0779,2016-08-24,5,98,Outstanding,Department Manager,Suffer campaign each both suggest.
REV02359,EMP0779,2017-08-24,2,63,Needs Improvement,HR Department,Evening drop blue those arrive executive stuff whole.
REV02360,EMP0780,2027-06-06,5,97,Outstanding,HR Department,Item part many class.
REV02361,EMP0780,2028-06-06,3,76,Meets Expectations,Department Manager,Attack product east husband his.
REV02362,EMP0781,2020-03-21,2,65,Needs Improvement,Team Lead,Thing training provide move main course.
REV02363,EMP0781,2021-03-21,3,70,Meets Expectations,Team Lead,Word collection perform account.
REV02364,EMP0781,2022-03-21,3,76,Meets Expectations,Department Manager,Explain past far security push dream early.
REV02365,EMP0782,2015-10-05,3,78,Meets Expectations,Team Lead,Wide sister as approach say event.
REV02366,EMP0782,2016-10-05,3,76,Meets Expectations,Team Lead,Expert per street sure opportunity.
REV02367,EMP0783,2018-07-22,4,82,Exceeds Expectations,Department Manager,Weight same though or mention police physical.
REV02368,EMP0783,2019-07-22,5,95,Outstanding,Department Manager,Energy purpose Mrs computer there national site.
REV02369,EMP0784,2019-12-07,4,86,Exceeds Expectations,Department Manager,Six loss idea role suddenly.
REV02370,EMP0784,2020-12-07,5,96,Outstanding,Department Manager,Hold sense image our.
REV02371,EMP0784,2021-12-07,3,79,Meets Expectations,Department Manager,Left and stuff energy.
REV02372,EMP0785,2015-08-08,3,78,Meets Expectations,Team Lead,Put song price word huge election.
REV02373,EMP0785,2016-08-08,4,81,Exceeds Expectations,Department Manager,Become fund bring.
REV02374,EMP0785,2017-08-08,2,65,Needs Improvement,Department Manager,Individual happen test and threat.
REV02375,EMP0786,2020-08-31,3,75,Meets Expectations,Team Lead,Case sport dinner value with prepare.
REV02376,EMP0786,2021-08-31,5,99,Outstanding,Team Lead,Back wonder describe say here author draw.
REV02377,EMP0786,2022-08-31,5,92,Outstanding,Department Manager,Impact try area politics series car yeah.
REV02378,EMP0786,2023-08-31,3,75,Meets Expectations,HR Department,Eat cover various all.
REV02379,EMP0787,2027-06-13,4,89,Exceeds Expectations,Team Lead,Despite series shoulder happy.
REV02380,EMP0787,2028-06-13,2,69,Needs Improvement,Team Lead,Seat middle language share.
REV02381,EMP0787,2029-06-13,4,85,Exceeds Expectations,Team Lead,Official rock structure figure speak sort.
REV02382,EMP0787,2030-06-13,3,76,Meets Expectations,HR Department,Between American indeed memory office simply good.
REV02383,EMP0788,2015-10-11,5,92,Outstanding,HR Department,Yourself style dog boy meet soldier box.
REV02384,EMP0788,2016-10-11,4,84,Exceeds Expectations,Team Lead,Base give appear office paper oil from.
REV02385,EMP0788,2017-10-11,4,80,Exceeds Expectations,HR Department,Take break according several hot work.
REV02386,EMP0789,2019-08-18,4,88,Exceeds Expectations,Team Lead,Enough wrong together despite nice let develop.
REV02387,EMP0789,2020-08-18,1,50,Poor,HR Department,These last hand answer.
REV02388,EMP0790,2018-10-19,2,65,Needs Improvement,Department Manager,Easy human Republican those administration.
REV02389,EMP0790,2019-10-19,2,64,Needs Improvement,Department Manager,Short sort economic race single box analysis.
REV02390,EMP0790,2020-10-19,4,81,Exceeds Expectations,HR Department,Nor population high manager anyone beyond.
REV02391,EMP0791,2020-01-31,3,74,Meets Expectations,HR Department,No lead third source issue from where.
REV02392,EMP0791,2021-01-31,4,81,Exceeds Expectations,HR Department,Much oil foot next society.
REV02393,EMP0792,2023-11-21,4,89,Exceeds Expectations,HR Department,Hair himself control cultural administration.
REV02394,EMP0792,2024-11-21,4,85,Exceeds Expectations,HR Department,Wife program source raise it top.
REV02395,EMP0792,2025-11-21,4,87,Exceeds Expectations,Department Manager,Budget away speak window yet.
REV02396,EMP0793,2020-03-25,3,78,Meets Expectations,Department Manager,Include appear impact if face.
REV02397,EMP0793,2021-03-25,3,77,Meets Expectations,HR Department,Science perhaps perform argue employee measure clear by.
REV02398,EMP0793,2022-03-25,1,56,Poor,Team Lead,Term space guy successful throw.
REV02399,EMP0794,2015-04-19,4,88,Exceeds Expectations,Department Manager,Ever conference political body ball position.
REV02400,EMP0794,2016-04-19,5,91,Outstanding,HR Department,Table product event among book degree.
REV02401,EMP0795,2015-12-31,3,78,Meets Expectations,HR Department,Short himself produce plant cause blue.
REV02402,EMP0795,2016-12-31,2,64,Needs Improvement,Team Lead,Most knowledge system eight low sister mean interest.
REV02403,EMP0795,2017-12-31,4,87,Exceeds Expectations,Department Manager,Ready right especially his.
REV02404,EMP0796,2017-05-22,3,79,Meets Expectations,Team Lead,Fear method protect should I hundred.
REV02405,EMP0796,2018-05-22,4,89,Exceeds Expectations,Team Lead,Have close alone kid everything.
REV02406,EMP0796,2019-05-22,4,83,Exceeds Expectations,HR Department,Voice forward civil.
REV02407,EMP0797,2016-04-23,3,79,Meets Expectations,HR Department,Check product strong left day.
REV02408,EMP0797,2017-04-23,4,82,Exceeds Expectations,HR Department,Both center black music herself.
REV02409,EMP0798,2017-02-07,4,82,Exceeds Expectations,HR Department,Imagine current effect ball explain threat when serious.
REV02410,EMP0798,2018-02-07,5,95,Outstanding,HR Department,Week per more why line toward.
REV02411,EMP0798,2019-02-07,3,74,Meets Expectations,Department Manager,Scientist successful possible table see short.
REV02412,EMP0798,2020-02-07,3,76,Meets Expectations,HR Department,Land range media seven fire.
REV02413,EMP0799,2026-12-12,3,74,Meets Expectations,HR Department,Remain often increase measure positive form message.
REV02414,EMP0799,2027-12-12,3,75,Meets Expectations,HR Department,Culture business involve name significant adult song.
REV02415,EMP0799,2028-12-12,3,77,Meets Expectations,Department Manager,Difficult firm view.
REV02416,EMP0800,2020-05-26,5,100,Outstanding,HR Department,Participant morning read local business air company.
REV02417,EMP0800,2021-05-26,4,81,Exceeds Expectations,Department Manager,Tree meet easy various mean.
REV02418,EMP0800,2022-05-26,4,81,Exceeds Expectations,Team Lead,Sea hair particularly indeed couple class.
REV02419,EMP0800,2023-05-26,3,79,Meets Expectations,Team Lead,More suddenly step letter.
REV02420,EMP0801,2017-04-23,4,83,Exceeds Expectations,Team Lead,Best example statement spring popular could.
REV02421,EMP0801,2018-04-23,2,66,Needs Improvement,HR Department,Discussion together real drug thank expect.
REV02422,EMP0802,2025-07-05,2,69,Needs Improvement,Team Lead,Probably collection listen old minute.
REV02423,EMP0802,2026-07-05,4,89,Exceeds Expectations,Team Lead,Thousand popular car candidate Republican hot.
REV02424,EMP0803,2015-02-19,4,85,Exceeds Expectations,HR Department,Director section power already data.
REV02425,EMP0803,2016-02-19,3,77,Meets Expectations,Team Lead,Nice stay kind newspaper sell.
REV02426,EMP0804,2025-09-24,3,73,Meets Expectations,HR Department,Who suggest until low every stand.
REV02427,EMP0804,2026-09-24,3,79,Meets Expectations,Department Manager,Without worker environment with visit human morning mouth.
REV02428,EMP0804,2027-09-24,4,83,Exceeds Expectations,HR Department,Class skin follow research.
REV02429,EMP0804,2028-09-24,5,100,Outstanding,Team Lead,You common claim save.
REV02430,EMP0805,2021-07-31,4,86,Exceeds Expectations,Department Manager,Police trade officer.
REV02431,EMP0805,2022-07-31,3,78,Meets Expectations,HR Department,Clear create property PM order.
REV02432,EMP0806,2018-12-12,5,93,Outstanding,Team Lead,What center upon partner.
REV02433,EMP0806,2019-12-12,3,76,Meets Expectations,HR Department,Explain network camera low work us civil north.
REV02434,EMP0806,2020-12-12,4,87,Exceeds Expectations,Team Lead,About newspaper just former others.
REV02435,EMP0807,2018-09-30,3,75,Meets Expectations,Department Manager,Responsibility make nature.
REV02436,EMP0807,2019-09-30,3,74,Meets Expectations,HR Department,Everything maintain age phone.
REV02437,EMP0807,2020-09-30,4,89,Exceeds Expectations,HR Department,Development cover assume.
REV02438,EMP0808,2023-08-25,5,96,Outstanding,Team Lead,Want interesting public worker kid decide fund.
REV02439,EMP0808,2024-08-25,3,71,Meets Expectations,Department Manager,Sing rest leave member husband.
REV02440,EMP0808,2025-08-25,3,71,Meets Expectations,HR Department,What provide prevent big current once story.
REV02441,EMP0809,2019-03-13,4,88,Exceeds Expectations,Department Manager,Condition at structure other black.
REV02442,EMP0809,2020-03-13,4,80,Exceeds Expectations,Team Lead,Though house fly decide.
REV02443,EMP0810,2013-03-22,5,100,Outstanding,HR Department,Church test discover teacher mission total song across.
REV02444,EMP0810,2014-03-22,3,79,Meets Expectations,Department Manager,Natural street consumer chance at officer.
REV02445,EMP0811,2023-12-30,2,61,Needs Improvement,Department Manager,Trip key sister claim.
REV02446,EMP0811,2024-12-30,3,78,Meets Expectations,HR Department,Skin far street operation ok quite.
REV02447,EMP0811,2025-12-30,3,73,Meets Expectations,HR Department,Lawyer stop leave.
REV02448,EMP0812,2015-03-10,4,80,Exceeds Expectations,HR Department,Three wide adult own.
REV02449,EMP0812,2016-03-10,4,81,Exceeds Expectations,Team Lead,Make new always pass performance.
REV02450,EMP0812,2017-03-10,2,61,Needs Improvement,Team Lead,Series trial field central house whole.
REV02451,EMP0812,2018-03-10,5,92,Outstanding,Team Lead,Him opportunity network state.
REV02452,EMP0813,2023-04-14,4,86,Exceeds Expectations,Team Lead,Hand manage green relationship.
REV02453,EMP0813,2024-04-14,4,84,Exceeds Expectations,Team Lead,Arm cover walk instead push.
REV02454,EMP0813,2025-04-14,4,86,Exceeds Expectations,HR Department,Address home whose health to believe.
REV02455,EMP0814,2025-01-24,4,86,Exceeds Expectations,Department Manager,Them good alone common keep.
REV02456,EMP0814,2026-01-24,3,77,Meets Expectations,Department Manager,Include area floor leader decide actually level.
REV02457,EMP0815,2027-01-20,4,86,Exceeds Expectations,Team Lead,Service spend land yeah research site stage economy.
REV02458,EMP0815,2028-01-20,4,87,Exceeds Expectations,Department Manager,Remain instead real game available country take.
REV02459,EMP0815,2029-01-20,3,74,Meets Expectations,HR Department,Bring nearly mention above sense.
REV02460,EMP0816,2018-06-22,4,84,Exceeds Expectations,Team Lead,Popular fire father add.
REV02461,EMP0816,2019-06-22,3,72,Meets Expectations,Department Manager,Or nation peace show charge style law.
REV02462,EMP0817,2014-08-01,3,77,Meets Expectations,Team Lead,Necessary history where sound picture above day ahead.
REV02463,EMP0817,2015-08-01,3,78,Meets Expectations,HR Department,Allow stand race leader task within far.
REV02464,EMP0817,2016-08-01,4,86,Exceeds Expectations,Department Manager,Gas significant rise.
REV02465,EMP0818,2018-09-02,4,82,Exceeds Expectations,HR Department,Reveal daughter town stuff believe.
REV02466,EMP0818,2019-09-02,3,76,Meets Expectations,HR Department,Born since through season ask.
REV02467,EMP0818,2020-09-02,4,86,Exceeds Expectations,HR Department,Cup control white soon eye southern medical.
REV02468,EMP0818,2021-09-02,3,74,Meets Expectations,Team Lead,Much will art guy.
REV02469,EMP0819,2013-08-13,4,86,Exceeds Expectations,HR Department,Specific same carry whole herself west.
REV02470,EMP0819,2014-08-13,3,78,Meets Expectations,Team Lead,History group law other cup.
REV02471,EMP0820,2013-03-15,4,80,Exceeds Expectations,HR Department,Even race ready include once enough.
REV02472,EMP0820,2014-03-15,4,86,Exceeds Expectations,Team Lead,Responsibility discussion upon evidence window itself paper trial.
REV02473,EMP0820,2015-03-15,5,98,Outstanding,Department Manager,No believe daughter among.
REV02474,EMP0820,2016-03-15,2,65,Needs Improvement,HR Department,Team three him treat.
REV02475,EMP0821,2014-11-13,4,80,Exceeds Expectations,HR Department,Per skill soon option.
REV02476,EMP0821,2015-11-13,3,75,Meets Expectations,HR Department,Avoid miss professor near off.
REV02477,EMP0822,2022-05-23,4,83,Exceeds Expectations,Department Manager,Break message lose live would skin.
REV02478,EMP0822,2023-05-23,3,75,Meets Expectations,Department Manager,A international animal front case.
REV02479,EMP0822,2024-05-23,4,85,Exceeds Expectations,Team Lead,Could mother floor ahead sure develop.
REV02480,EMP0823,2013-12-01,3,75,Meets Expectations,Department Manager,Realize wife discussion feeling ten good.
REV02481,EMP0823,2014-12-01,3,74,Meets Expectations,HR Department,End include them brother sometimes low.
REV02482,EMP0823,2015-12-01,4,85,Exceeds Expectations,HR Department,Join indeed air up response couple.
REV02483,EMP0823,2016-12-01,3,75,Meets Expectations,Department Manager,Remain call own blood clear.
REV02484,EMP0824,2017-10-05,4,81,Exceeds Expectations,HR Department,Some sort late about program.
REV02485,EMP0824,2018-10-05,5,96,Outstanding,Department Manager,Indicate sea everyone.
REV02486,EMP0824,2019-10-05,4,81,Exceeds Expectations,HR Department,Still difference improve chair anyone thousand sea paper.
REV02487,EMP0825,2021-08-03,1,47,Poor,HR Department,Food simply happen line nation nature note.
REV02488,EMP0825,2022-08-03,2,68,Needs Improvement,HR Department,Doctor animal magazine identify either occur who.
REV02489,EMP0826,2023-10-02,3,79,Meets Expectations,Department Manager,Certain add individual bank participant.
REV02490,EMP0826,2024-10-02,4,80,Exceeds Expectations,Department Manager,Human process my.
REV02491,EMP0826,2025-10-02,4,82,Exceeds Expectations,Team Lead,Recognize much fine some care keep list.
REV02492,EMP0827,2027-01-02,1,51,Poor,Team Lead,Eye tonight everything adult hand tonight have.
REV02493,EMP0827,2028-01-02,5,99,Outstanding,Department Manager,Occur car writer provide fall free television.
REV02494,EMP0828,2019-12-31,3,78,Meets Expectations,Department Manager,High number decide play.
REV02495,EMP0828,2020-12-31,4,81,Exceeds Expectations,Department Manager,Senior forward instead peace note ask among affect.
REV02496,EMP0828,2021-12-31,3,76,Meets Expectations,HR Department,Question two enough someone.
REV02497,EMP0829,2020-04-11,3,72,Meets Expectations,Department Manager,Live knowledge seat before future husband end.
REV02498,EMP0829,2021-04-11,4,87,Exceeds Expectations,HR Department,Thought single again interest.
REV02499,EMP0830,2018-01-28,4,80,Exceeds Expectations,Department Manager,Rock though cup tax letter treat.
REV02500,EMP0830,2019-01-28,1,43,Poor,HR Department,Figure there success society structure wear very agree.
REV02501,EMP0831,2023-01-25,3,71,Meets Expectations,HR Department,Fear almost machine improve there feeling brother.
REV02502,EMP0831,2024-01-25,1,43,Poor,Team Lead,House process senior including.
REV02503,EMP0832,2022-08-26,4,89,Exceeds Expectations,Department Manager,Century heavy onto probably.
REV02504,EMP0832,2023-08-26,4,85,Exceeds Expectations,Department Manager,Professor activity least wonder.
REV02505,EMP0832,2024-08-26,4,87,Exceeds Expectations,Team Lead,Resource know life product safe.
REV02506,EMP0833,2017-02-20,2,66,Needs Improvement,Department Manager,Official attack debate couple.
REV02507,EMP0833,2018-02-20,3,75,Meets Expectations,HR Department,Pressure agree agency prepare American run.
REV02508,EMP0833,2019-02-20,3,76,Meets Expectations,HR Department,Sometimes activity owner after campaign exactly decide huge.
REV02509,EMP0833,2020-02-20,4,86,Exceeds Expectations,Department Manager,Prevent less his probably first bag various.
REV02510,EMP0834,2013-07-17,4,83,Exceeds Expectations,HR Department,For true religious hot.
REV02511,EMP0834,2014-07-17,2,68,Needs Improvement,HR Department,Current form door identify.
REV02512,EMP0834,2015-07-17,5,99,Outstanding,Department Manager,Order way three too per design.
REV02513,EMP0834,2016-07-17,3,71,Meets Expectations,Team Lead,Down in court day campaign brother.
REV02514,EMP0835,2023-03-01,3,76,Meets Expectations,Team Lead,Door price along pressure news character end religious.
REV02515,EMP0835,2024-03-01,4,89,Exceeds Expectations,HR Department,Morning site firm during skill I else.
REV02516,EMP0835,2025-03-01,3,72,Meets Expectations,Department Manager,Skin man that section ago meet purpose.
REV02517,EMP0835,2026-03-01,3,77,Meets Expectations,Team Lead,Worker idea what decide none charge.
REV02518,EMP0836,2019-07-25,2,66,Needs Improvement,Team Lead,Night look find expect range five least.
REV02519,EMP0836,2020-07-25,3,71,Meets Expectations,Team Lead,Sign whatever professor significant identify late space kind.
REV02520,EMP0837,2020-09-01,2,62,Needs Improvement,Department Manager,Table American buy employee land child watch.
REV02521,EMP0837,2021-09-01,3,73,Meets Expectations,Department Manager,Pass test government something.
REV02522,EMP0837,2022-09-01,2,65,Needs Improvement,Department Manager,Nearly tough party what live may.
REV02523,EMP0837,2023-09-01,3,77,Meets Expectations,HR Department,Behind strategy she various art health.
REV02524,EMP0838,2020-04-03,3,79,Meets Expectations,Team Lead,Character wonder memory.
REV02525,EMP0838,2021-04-03,4,84,Exceeds Expectations,Team Lead,Responsibility house tonight skill cultural effort couple.
REV02526,EMP0839,2015-10-29,4,88,Exceeds Expectations,Department Manager,Note apply light owner write process.
REV02527,EMP0839,2016-10-29,3,79,Meets Expectations,Team Lead,Whom material camera law true least protect.
REV02528,EMP0839,2017-10-29,5,92,Outstanding,Team Lead,Machine week before behavior.
REV02529,EMP0840,2014-08-15,2,67,Needs Improvement,HR Department,Avoid research reality skill we.
REV02530,EMP0840,2015-08-15,4,80,Exceeds Expectations,HR Department,During teach interesting amount ground increase member.
REV02531,EMP0841,2014-06-13,5,99,Outstanding,HR Department,Fill message defense natural after country difficult.
REV02532,EMP0841,2015-06-13,2,60,Needs Improvement,HR Department,War share sit term another.
REV02533,EMP0841,2016-06-13,5,92,Outstanding,Department Manager,Pass billion clear stuff.
REV02534,EMP0841,2017-06-13,4,82,Exceeds Expectations,Department Manager,Hand check major resource.
REV02535,EMP0842,2020-06-25,2,61,Needs Improvement,Department Manager,Particularly a necessary body.
REV02536,EMP0842,2021-06-25,3,74,Meets Expectations,Team Lead,Central physical material.
REV02537,EMP0842,2022-06-25,4,80,Exceeds Expectations,Team Lead,Nation popular national.
REV02538,EMP0843,2027-06-26,2,60,Needs Improvement,Team Lead,Administration write use physical.
REV02539,EMP0843,2028-06-26,5,94,Outstanding,Team Lead,Pm father history name.
REV02540,EMP0843,2029-06-26,3,70,Meets Expectations,Team Lead,People partner yeah also alone.
REV02541,EMP0844,2012-12-21,2,65,Needs Improvement,Department Manager,Here star someone step campaign seek likely visit.
REV02542,EMP0844,2013-12-21,2,69,Needs Improvement,Team Lead,Page goal once affect large car.
REV02543,EMP0845,2024-11-26,2,63,Needs Improvement,HR Department,Off war agreement every benefit even address break.
REV02544,EMP0845,2025-11-26,4,85,Exceeds Expectations,Department Manager,Tree charge media southern song.
REV02545,EMP0845,2026-11-26,2,65,Needs Improvement,Team Lead,Federal strategy exactly operation.
REV02546,EMP0846,2026-08-16,3,77,Meets Expectations,Team Lead,Especially finish manage north great.
REV02547,EMP0846,2027-08-16,2,65,Needs Improvement,Department Manager,Pattern exist someone foot.
REV02548,EMP0846,2028-08-16,4,87,Exceeds Expectations,Team Lead,Process thought center during blue act.
REV02549,EMP0847,2024-02-11,5,91,Outstanding,Department Manager,Hand put seat best reduce.
REV02550,EMP0847,2025-02-11,4,80,Exceeds Expectations,Team Lead,Of available again.
REV02551,EMP0847,2026-02-11,5,90,Outstanding,Department Manager,Road which tax sign mouth enjoy.
REV02552,EMP0847,2027-02-11,4,81,Exceeds Expectations,Department Manager,Operation word it.
REV02553,EMP0848,2014-08-22,3,72,Meets Expectations,HR Department,Painting affect necessary quite hair represent.
REV02554,EMP0848,2015-08-22,4,83,Exceeds Expectations,Department Manager,Computer citizen food focus.
REV02555,EMP0848,2016-08-22,3,77,Meets Expectations,HR Department,Although they concern product gun usually style.
REV02556,EMP0849,2017-10-06,3,74,Meets Expectations,Department Manager,Century bar prevent generation beautiful world institution.
REV02557,EMP0849,2018-10-06,3,77,Meets Expectations,Team Lead,Bag day expect ground.
REV02558,EMP0850,2013-01-15,4,80,Exceeds Expectations,Department Manager,Already know whether throughout establish.
REV02559,EMP0850,2014-01-15,4,88,Exceeds Expectations,HR Department,Former list less fund country.
REV02560,EMP0850,2015-01-15,1,52,Poor,Team Lead,Thing rich state ball system within list own.
REV02561,EMP0851,2024-07-27,5,92,Outstanding,Team Lead,Collection fish respond whose common usually.
REV02562,EMP0851,2025-07-27,3,74,Meets Expectations,HR Department,Century light strong lay eye center detail.
REV02563,EMP0851,2026-07-27,5,98,Outstanding,HR Department,Note campaign recognize contain.
REV02564,EMP0852,2021-06-10,2,61,Needs Improvement,Department Manager,Alone prevent message draw total hotel world.
REV02565,EMP0852,2022-06-10,3,76,Meets Expectations,Department Manager,Radio fine despite southern one.
REV02566,EMP0852,2023-06-10,4,84,Exceeds Expectations,HR Department,Like operation entire ready it could nothing board.
REV02567,EMP0853,2023-05-07,4,85,Exceeds Expectations,HR Department,Policy never state way.
REV02568,EMP0853,2024-05-07,1,59,Poor,Department Manager,Without from throughout sign star weight such well.
REV02569,EMP0853,2025-05-07,4,89,Exceeds Expectations,Team Lead,Hospital floor however month want surface.
REV02570,EMP0853,2026-05-07,3,76,Meets Expectations,Department Manager,More majority short language shake.
REV02571,EMP0854,2025-09-24,4,83,Exceeds Expectations,Team Lead,Perform arrive serious green suddenly.
REV02572,EMP0854,2026-09-24,3,75,Meets Expectations,Department Manager,Moment central member impact on.
REV02573,EMP0854,2027-09-24,5,93,Outstanding,Team Lead,Before set something anyone nation source simply open.
REV02574,EMP0854,2028-09-24,4,83,Exceeds Expectations,Team Lead,Section next business play mission under.
REV02575,EMP0855,2015-11-03,5,94,Outstanding,HR Department,Certainly day raise until security baby.
REV02576,EMP0855,2016-11-03,4,81,Exceeds Expectations,Department Manager,Building building entire.
REV02577,EMP0856,2024-05-08,3,74,Meets Expectations,Department Manager,Easy cause information physical word.
REV02578,EMP0856,2025-05-08,4,83,Exceeds Expectations,Team Lead,War admit reason thus determine.
REV02579,EMP0857,2014-08-23,1,46,Poor,Department Manager,Beautiful worker difference dinner to past ability member.
REV02580,EMP0857,2015-08-23,4,81,Exceeds Expectations,Department Manager,Education while people.
REV02581,EMP0857,2016-08-23,4,80,Exceeds Expectations,Team Lead,Against provide on.
REV02582,EMP0857,2017-08-23,2,69,Needs Improvement,Department Manager,Miss clear magazine out.
REV02583,EMP0858,2022-12-03,4,85,Exceeds Expectations,Team Lead,Science baby until organization strong.
REV02584,EMP0858,2023-12-03,4,82,Exceeds Expectations,HR Department,Stay natural technology full agreement ask produce.
REV02585,EMP0858,2024-12-03,3,70,Meets Expectations,HR Department,Factor candidate place every long.
REV02586,EMP0858,2025-12-03,4,87,Exceeds Expectations,Team Lead,Certain young would how enough.
REV02587,EMP0859,2021-02-25,4,80,Exceeds Expectations,Department Manager,Level understand card ground argue.
REV02588,EMP0859,2022-02-25,2,69,Needs Improvement,Team Lead,Point trial speech clearly suffer.
REV02589,EMP0859,2023-02-25,3,75,Meets Expectations,HR Department,Child general measure best major down usually if.
REV02590,EMP0859,2024-02-25,5,100,Outstanding,HR Department,Table generation take act.
REV02591,EMP0860,2016-10-06,3,78,Meets Expectations,Team Lead,Save million way visit because despite.
REV02592,EMP0860,2017-10-06,2,64,Needs Improvement,Team Lead,Well type leader choose.
REV02593,EMP0860,2018-10-06,3,70,Meets Expectations,HR Department,Food manage consider everything record draw.
REV02594,EMP0861,2020-07-02,2,64,Needs Improvement,HR Department,Concern probably south cover turn for.
REV02595,EMP0861,2021-07-02,4,82,Exceeds Expectations,Team Lead,Job across agency name yard speak cold main.
REV02596,EMP0861,2022-07-02,3,70,Meets Expectations,Department Manager,Artist discover night weight.
REV02597,EMP0861,2023-07-02,3,71,Meets Expectations,HR Department,Head method allow tree treat consumer expert.
REV02598,EMP0862,2023-04-04,4,86,Exceeds Expectations,Team Lead,Whole ball its toward story.
REV02599,EMP0862,2024-04-04,3,76,Meets Expectations,HR Department,Herself teach professional but.
REV02600,EMP0862,2025-04-04,4,88,Exceeds Expectations,HR Department,Environment yeah question memory accept large food.
REV02601,EMP0863,2016-04-25,5,92,Outstanding,Department Manager,World among western eye beat chair piece.
REV02602,EMP0863,2017-04-25,4,80,Exceeds Expectations,Department Manager,Law treat western environment during upon wind you.
REV02603,EMP0863,2018-04-25,2,64,Needs Improvement,HR Department,Majority open rate alone raise former.
REV02604,EMP0864,2022-08-22,5,96,Outstanding,Team Lead,Enter suffer order group at indicate character stuff.
REV02605,EMP0864,2023-08-22,5,99,Outstanding,Team Lead,Represent represent population arrive speech ask.
REV02606,EMP0864,2024-08-22,2,62,Needs Improvement,Department Manager,Toward alone audience how should account table.
REV02607,EMP0865,2025-08-17,4,83,Exceeds Expectations,Department Manager,Serve statement citizen machine speech white.
REV02608,EMP0865,2026-08-17,3,72,Meets Expectations,HR Department,Purpose for information catch.
REV02609,EMP0865,2027-08-17,1,51,Poor,Team Lead,Everybody human which picture.
REV02610,EMP0866,2024-02-06,2,62,Needs Improvement,Team Lead,Some modern above fact Republican.
REV02611,EMP0866,2025-02-06,3,79,Meets Expectations,Department Manager,Participant commercial pattern true base.
REV02612,EMP0866,2026-02-06,3,77,Meets Expectations,Team Lead,Those couple mother picture.
REV02613,EMP0866,2027-02-06,3,76,Meets Expectations,HR Department,Party reveal seem like why down difference.
REV02614,EMP0867,2015-11-21,4,89,Exceeds Expectations,Department Manager,Pm design performance song between.
REV02615,EMP0867,2016-11-21,3,76,Meets Expectations,Team Lead,So professional involve camera.
REV02616,EMP0868,2022-09-26,3,78,Meets Expectations,HR Department,Book individual end note.
REV02617,EMP0868,2023-09-26,3,75,Meets Expectations,Department Manager,Oil house describe human hair.
REV02618,EMP0869,2015-12-01,3,75,Meets Expectations,Department Manager,Somebody environment usually change if design.
REV02619,EMP0869,2016-12-01,3,71,Meets Expectations,Team Lead,Area again politics approach gun buy school.
REV02620,EMP0870,2024-04-18,4,86,Exceeds Expectations,HR Department,Seem million my expect.
REV02621,EMP0870,2025-04-18,4,84,Exceeds Expectations,Team Lead,Yes challenge method seat east miss each item.
REV02622,EMP0870,2026-04-18,1,56,Poor,HR Department,Change policy act foot paper hair.
REV02623,EMP0871,2017-11-10,5,96,Outstanding,HR Department,Thing lead section history subject hair rule.
REV02624,EMP0871,2018-11-10,3,70,Meets Expectations,HR Department,Walk physical ground way technology yet page course.
REV02625,EMP0871,2019-11-10,3,78,Meets Expectations,Team Lead,Office early able.
REV02626,EMP0871,2020-11-10,4,89,Exceeds Expectations,HR Department,North until forget among be.
REV02627,EMP0872,2016-05-30,1,40,Poor,Team Lead,Who candidate official cause allow.
REV02628,EMP0872,2017-05-30,4,87,Exceeds Expectations,HR Department,Try maybe however along.
REV02629,EMP0872,2018-05-30,3,76,Meets Expectations,Department Manager,Voice understand realize box hear race join.
REV02630,EMP0873,2015-09-21,4,85,Exceeds Expectations,Team Lead,Listen television present appear station response affect.
REV02631,EMP0873,2016-09-21,5,94,Outstanding,Department Manager,Their phone return fact avoid.
REV02632,EMP0873,2017-09-21,3,77,Meets Expectations,Department Manager,Line financial free position indeed in dark court.
REV02633,EMP0873,2018-09-21,1,50,Poor,Team Lead,Deal reality majority age beyond.
REV02634,EMP0874,2023-05-13,5,94,Outstanding,Department Manager,Production serious rule walk might move.
REV02635,EMP0874,2024-05-13,2,63,Needs Improvement,HR Department,Recent control who attack or.
REV02636,EMP0874,2025-05-13,3,71,Meets Expectations,HR Department,Large change think now example ahead.
REV02637,EMP0874,2026-05-13,4,82,Exceeds Expectations,Department Manager,Decision finish mouth system carry officer which.
REV02638,EMP0875,2026-03-08,2,68,Needs Improvement,Department Manager,Management big page dinner fact.
REV02639,EMP0875,2027-03-08,3,76,Meets Expectations,Team Lead,Adult sure assume effect trade probably reduce arm.
REV02640,EMP0875,2028-03-08,4,89,Exceeds Expectations,Department Manager,You officer second best site medical poor.
REV02641,EMP0876,2027-05-16,1,44,Poor,HR Department,Say meeting job grow.
REV02642,EMP0876,2028-05-16,3,73,Meets Expectations,Department Manager,Everything network pick.
REV02643,EMP0877,2022-10-17,4,89,Exceeds Expectations,HR Department,Future meet game.
REV02644,EMP0877,2023-10-17,3,72,Meets Expectations,HR Department,Discussion important action.
REV02645,EMP0877,2024-10-17,4,88,Exceeds Expectations,Department Manager,Wide part growth myself floor police.
REV02646,EMP0877,2025-10-17,5,97,Outstanding,Department Manager,Student realize we article.
REV02647,EMP0878,2019-10-22,3,71,Meets Expectations,Department Manager,Let clearly turn.
REV02648,EMP0878,2020-10-22,4,88,Exceeds Expectations,Team Lead,Couple produce whether activity represent mother.
REV02649,EMP0879,2023-05-24,5,94,Outstanding,Department Manager,Training development listen rise billion notice.
REV02650,EMP0879,2024-05-24,4,85,Exceeds Expectations,HR Department,Main guess seem order really former.
REV02651,EMP0879,2025-05-24,5,92,Outstanding,Team Lead,Resource difference true ago class up.
REV02652,EMP0880,2014-11-26,3,71,Meets Expectations,Team Lead,Drive hair even message.
REV02653,EMP0880,2015-11-26,3,79,Meets Expectations,Department Manager,Success always citizen easy yeah you.
REV02654,EMP0880,2016-11-26,5,98,Outstanding,Team Lead,High against line light success.
REV02655,EMP0880,2017-11-26,4,83,Exceeds Expectations,HR Department,Body large debate company save however.
REV02656,EMP0881,2026-11-28,2,64,Needs Improvement,HR Department,Add admit main general hundred lawyer professional.
REV02657,EMP0881,2027-11-28,4,83,Exceeds Expectations,HR Department,Exist cause news also.
REV02658,EMP0881,2028-11-28,1,50,Poor,Team Lead,Several ability organization event citizen begin main.
REV02659,EMP0882,2023-10-02,3,72,Meets Expectations,HR Department,Phone card baby address.
REV02660,EMP0882,2024-10-02,2,66,Needs Improvement,Department Manager,Structure music institution role.
REV02661,EMP0882,2025-10-02,3,70,Meets Expectations,HR Department,Let stand never administration.
REV02662,EMP0883,2023-10-26,3,76,Meets Expectations,HR Department,Fine play black conference role.
REV02663,EMP0883,2024-10-26,4,81,Exceeds Expectations,Team Lead,Administration win health chance final help.
REV02664,EMP0883,2025-10-26,3,79,Meets Expectations,Department Manager,Modern huge this try.
REV02665,EMP0884,2019-11-05,5,100,Outstanding,Department Manager,Medical ready close size plan.
REV02666,EMP0884,2020-11-05,3,79,Meets Expectations,Department Manager,Hair if market.
REV02667,EMP0884,2021-11-05,4,81,Exceeds Expectations,HR Department,Half participant something conference continue.
REV02668,EMP0884,2022-11-05,3,75,Meets Expectations,Team Lead,Interview better provide old like easy.
REV02669,EMP0885,2024-01-09,2,60,Needs Improvement,Team Lead,Herself compare keep goal.
REV02670,EMP0885,2025-01-09,3,72,Meets Expectations,HR Department,During claim people me plant source beyond subject.
REV02671,EMP0886,2020-10-27,4,86,Exceeds Expectations,HR Department,Sport team student author standard.
REV02672,EMP0886,2021-10-27,5,91,Outstanding,Department Manager,Indeed care article authority within.
REV02673,EMP0887,2012-12-26,1,42,Poor,Department Manager,Popular hospital other important fire song attack pattern.
REV02674,EMP0887,2013-12-26,3,73,Meets Expectations,HR Department,Smile simply phone sister.
REV02675,EMP0887,2014-12-26,4,83,Exceeds Expectations,Team Lead,Study lawyer knowledge prevent provide goal.
REV02676,EMP0888,2023-04-17,4,82,Exceeds Expectations,Department Manager,Available environmental parent middle particularly.
REV02677,EMP0888,2024-04-17,4,81,Exceeds Expectations,Team Lead,Plant stay similar determine foreign eye.
REV02678,EMP0888,2025-04-17,2,61,Needs Improvement,HR Department,Manager wife team tax.
REV02679,EMP0889,2017-03-07,2,64,Needs Improvement,Team Lead,Happen cause bag long water participant common.
REV02680,EMP0889,2018-03-07,3,72,Meets Expectations,Department Manager,Front beautiful this land experience down television.
REV02681,EMP0889,2019-03-07,3,70,Meets Expectations,Team Lead,Social at high among.
REV02682,EMP0890,2021-09-29,3,72,Meets Expectations,Team Lead,It bed product road power our create.
REV02683,EMP0890,2022-09-29,3,76,Meets Expectations,Department Manager,Later station small.
REV02684,EMP0890,2023-09-29,4,88,Exceeds Expectations,Department Manager,Never night always brother generation summer.
REV02685,EMP0891,2025-03-08,5,93,Outstanding,HR Department,About partner forward dog region.
REV02686,EMP0891,2026-03-08,4,88,Exceeds Expectations,Team Lead,Quality somebody level try.
REV02687,EMP0891,2027-03-08,4,81,Exceeds Expectations,HR Department,Take safe improve small still.
REV02688,EMP0891,2028-03-08,4,87,Exceeds Expectations,HR Department,Series method teacher form answer.
REV02689,EMP0892,2027-05-31,3,75,Meets Expectations,HR Department,Husband foot realize commercial later trial.
REV02690,EMP0892,2028-05-31,4,84,Exceeds Expectations,Team Lead,Decision record stock class.
REV02691,EMP0892,2029-05-31,4,87,Exceeds Expectations,Team Lead,Training cup store including able far.
REV02692,EMP0892,2030-05-31,3,72,Meets Expectations,Department Manager,Under meet account table show suffer.
REV02693,EMP0893,2013-05-08,4,87,Exceeds Expectations,Team Lead,Instead red budget though nothing bag else.
REV02694,EMP0893,2014-05-08,3,71,Meets Expectations,Team Lead,Middle everything state such.
REV02695,EMP0893,2015-05-08,1,48,Poor,HR Department,Act remain simple character in.
REV02696,EMP0893,2016-05-08,3,70,Meets Expectations,HR Department,Behavior throughout store.
REV02697,EMP0894,2026-03-22,5,99,Outstanding,HR Department,Culture evidence possible not throw building.
REV02698,EMP0894,2027-03-22,5,97,Outstanding,Department Manager,Option sister sign talk certain huge likely.
REV02699,EMP0894,2028-03-22,4,88,Exceeds Expectations,Team Lead,South if hope floor.
REV02700,EMP0895,2021-02-08,4,82,Exceeds Expectations,Department Manager,Market yourself wall.
REV02701,EMP0895,2022-02-08,3,71,Meets Expectations,Team Lead,Area although six.
REV02702,EMP0895,2023-02-08,5,97,Outstanding,Department Manager,With others one against.
REV02703,EMP0896,2016-03-15,4,81,Exceeds Expectations,Department Manager,Become land son any but.
REV02704,EMP0896,2017-03-15,1,52,Poor,Department Manager,Address down soon glass determine discussion star.
REV02705,EMP0897,2015-08-04,3,71,Meets Expectations,HR Department,Democratic stuff note down case board.
REV02706,EMP0897,2016-08-04,2,68,Needs Improvement,HR Department,Foreign top treat money.
REV02707,EMP0897,2017-08-04,3,76,Meets Expectations,HR Department,Sell soldier whatever citizen though around western.
REV02708,EMP0898,2015-04-25,4,88,Exceeds Expectations,Department Manager,Write central success return because.
REV02709,EMP0898,2016-04-25,4,84,Exceeds Expectations,Team Lead,Station ten father since great action seek sure.
REV02710,EMP0898,2017-04-25,4,80,Exceeds Expectations,Team Lead,Sure hand those action five but number sea.
REV02711,EMP0898,2018-04-25,5,91,Outstanding,Team Lead,Alone several write ground act assume lead.
REV02712,EMP0899,2017-11-19,5,93,Outstanding,Team Lead,Present skin camera especially down.
REV02713,EMP0899,2018-11-19,3,71,Meets Expectations,HR Department,Population make budget hope article.
REV02714,EMP0899,2019-11-19,3,72,Meets Expectations,Department Manager,Because player lose rich edge.
REV02715,EMP0899,2020-11-19,3,76,Meets Expectations,HR Department,Member on explain easy find inside.
REV02716,EMP0900,2013-12-12,2,64,Needs Improvement,HR Department,Contain truth now sort store.
REV02717,EMP0900,2014-12-12,1,49,Poor,HR Department,Decide share image arrive born song reason.
REV02718,EMP0901,2026-05-07,5,93,Outstanding,Department Manager,Live piece economic.
REV02719,EMP0901,2027-05-07,4,84,Exceeds Expectations,HR Department,Factor three or subject out box.
REV02720,EMP0902,2025-02-11,2,64,Needs Improvement,HR Department,Those against Democrat open child head now rule.
REV02721,EMP0902,2026-02-11,5,96,Outstanding,HR Department,Whom enough step still sell.
REV02722,EMP0903,2022-11-28,4,84,Exceeds Expectations,Team Lead,Begin property time glass politics.
REV02723,EMP0903,2023-11-28,4,81,Exceeds Expectations,Department Manager,Still age boy bank.
REV02724,EMP0903,2024-11-28,4,81,Exceeds Expectations,Team Lead,Can southern though sit.
REV02725,EMP0903,2025-11-28,3,74,Meets Expectations,Department Manager,Mission boy interview stage seat ground mission news.
REV02726,EMP0904,2020-04-16,4,84,Exceeds Expectations,Department Manager,Fly benefit write specific charge.
REV02727,EMP0904,2021-04-16,4,86,Exceeds Expectations,Team Lead,Bring with size.
REV02728,EMP0904,2022-04-16,3,79,Meets Expectations,Team Lead,Able movement little box finally get.
REV02729,EMP0905,2022-06-01,5,98,Outstanding,HR Department,Community low toward oil provide trade.
REV02730,EMP0905,2023-06-01,5,98,Outstanding,HR Department,Such ground center article anyone.
REV02731,EMP0905,2024-06-01,3,79,Meets Expectations,HR Department,Tell thought writer recently common feel middle.
REV02732,EMP0905,2025-06-01,3,75,Meets Expectations,Department Manager,Phone radio present indicate analysis he poor hope.
REV02733,EMP0906,2020-06-01,3,73,Meets Expectations,HR Department,Film necessary other year significant firm small.
REV02734,EMP0906,2021-06-01,4,83,Exceeds Expectations,Team Lead,Foot only this particular picture energy age.
REV02735,EMP0906,2022-06-01,2,64,Needs Improvement,HR Department,Toward each degree evidence religious try.
REV02736,EMP0907,2026-12-18,3,79,Meets Expectations,HR Department,International especially special lose.
REV02737,EMP0907,2027-12-18,2,64,Needs Improvement,Team Lead,Should right then suffer future always.
REV02738,EMP0908,2023-05-28,3,71,Meets Expectations,HR Department,Already positive out early.
REV02739,EMP0908,2024-05-28,4,84,Exceeds Expectations,HR Department,Kitchen eye size career.
REV02740,EMP0909,2014-01-09,2,69,Needs Improvement,Department Manager,Project international raise.
REV02741,EMP0909,2015-01-09,3,75,Meets Expectations,Department Manager,Tv market hope man nation build.
REV02742,EMP0909,2016-01-09,4,82,Exceeds Expectations,Department Manager,Explain understand organization vote recently wrong.
REV02743,EMP0909,2017-01-09,4,81,Exceeds Expectations,HR Department,Pull explain life color toward rule.
REV02744,EMP0910,2020-09-23,1,47,Poor,Department Manager,Send service better develop office poor education.
REV02745,EMP0910,2021-09-23,3,79,Meets Expectations,Department Manager,Maintain security it above leg day.
REV02746,EMP0910,2022-09-23,4,83,Exceeds Expectations,Team Lead,Cut prevent along remember.
REV02747,EMP0911,2013-06-06,4,87,Exceeds Expectations,HR Department,Impact good fly win democratic woman.
REV02748,EMP0911,2014-06-06,4,80,Exceeds Expectations,HR Department,Campaign action should level hotel like design.
REV02749,EMP0911,2015-06-06,4,86,Exceeds Expectations,Team Lead,Allow small together sister girl start.
REV02750,EMP0912,2017-09-02,4,80,Exceeds Expectations,HR Department,Minute personal boy discover.
REV02751,EMP0912,2018-09-02,3,76,Meets Expectations,HR Department,Anyone student mind meeting box last common collection.
REV02752,EMP0912,2019-09-02,2,60,Needs Improvement,Department Manager,Plant help none kind.
REV02753,EMP0912,2020-09-02,3,71,Meets Expectations,Team Lead,Service officer role student either account into.
REV02754,EMP0913,2016-03-18,5,95,Outstanding,Team Lead,Move represent follow man.
REV02755,EMP0913,2017-03-18,4,80,Exceeds Expectations,HR Department,Student increase scientist may.
REV02756,EMP0914,2013-08-11,3,78,Meets Expectations,Team Lead,Bring north process pattern majority majority become.
REV02757,EMP0914,2014-08-11,5,90,Outstanding,Department Manager,Eat direction employee way this development.
REV02758,EMP0914,2015-08-11,4,84,Exceeds Expectations,Department Manager,Business view home unit.
REV02759,EMP0915,2018-09-27,4,88,Exceeds Expectations,Team Lead,Bit dream hold.
REV02760,EMP0915,2019-09-27,4,85,Exceeds Expectations,Department Manager,Civil beautiful increase religious good upon.
REV02761,EMP0916,2015-02-18,4,88,Exceeds Expectations,HR Department,Couple onto place nation.
REV02762,EMP0916,2016-02-18,3,78,Meets Expectations,Team Lead,Defense chance drug each big from inside why.
REV02763,EMP0917,2014-12-07,3,71,Meets Expectations,HR Department,Source prepare research large crime everything standard.
REV02764,EMP0917,2015-12-07,3,78,Meets Expectations,HR Department,Question laugh take training television place.
REV02765,EMP0918,2026-01-29,3,74,Meets Expectations,Department Manager,Vote black entire understand face box record.
REV02766,EMP0918,2027-01-29,3,75,Meets Expectations,HR Department,Success might manager all federal.
REV02767,EMP0918,2028-01-29,4,83,Exceeds Expectations,Team Lead,Record in term space onto.
REV02768,EMP0918,2029-01-29,5,96,Outstanding,Team Lead,Arm herself partner response issue simply.
REV02769,EMP0919,2014-02-19,1,42,Poor,Department Manager,Window outside hope meeting throughout.
REV02770,EMP0919,2015-02-19,4,85,Exceeds Expectations,Team Lead,Out speak social reason Mrs notice.
REV02771,EMP0919,2016-02-19,4,85,Exceeds Expectations,Team Lead,Movie say manager protect sport also prepare.
REV02772,EMP0919,2017-02-19,4,88,Exceeds Expectations,HR Department,Story seek make.
REV02773,EMP0920,2013-09-06,3,76,Meets Expectations,Team Lead,He begin population position expect start fast.
REV02774,EMP0920,2014-09-06,4,84,Exceeds Expectations,Team Lead,Environmental this present air.
REV02775,EMP0920,2015-09-06,5,92,Outstanding,Team Lead,Ever support sometimes.
REV02776,EMP0921,2025-10-03,3,77,Meets Expectations,Team Lead,Other detail such happen democratic ahead boy determine.
REV02777,EMP0921,2026-10-03,3,76,Meets Expectations,Department Manager,Open consumer send low organization.
REV02778,EMP0921,2027-10-03,5,100,Outstanding,Team Lead,Cultural sometimes war company.
REV02779,EMP0922,2023-01-08,3,72,Meets Expectations,Team Lead,Poor business course their.
REV02780,EMP0922,2024-01-08,4,83,Exceeds Expectations,HR Department,Left drug Congress it either mention adult field.
REV02781,EMP0923,2027-01-20,3,76,Meets Expectations,HR Department,Various new event most speak.
REV02782,EMP0923,2028-01-20,4,81,Exceeds Expectations,Team Lead,Item ask eight.
REV02783,EMP0924,2024-03-09,3,74,Meets Expectations,Department Manager,Man above knowledge interview lead price.
REV02784,EMP0924,2025-03-09,3,76,Meets Expectations,Team Lead,Project trade national road hundred college.
REV02785,EMP0924,2026-03-09,3,73,Meets Expectations,Team Lead,Nothing thing of brother.
REV02786,EMP0924,2027-03-09,5,96,Outstanding,Team Lead,Whatever per want me American.
REV02787,EMP0925,2014-09-09,2,69,Needs Improvement,Department Manager,Most wish production ability wife piece something.
REV02788,EMP0925,2015-09-09,3,74,Meets Expectations,HR Department,Across cold national commercial play thus.
REV02789,EMP0925,2016-09-09,3,76,Meets Expectations,HR Department,General floor add hand during center.
REV02790,EMP0925,2017-09-09,3,77,Meets Expectations,Team Lead,Check direction lead too school.
REV02791,EMP0926,2018-01-07,3,76,Meets Expectations,Team Lead,Little land writer term cultural.
REV02792,EMP0926,2019-01-07,3,79,Meets Expectations,HR Department,After window able amount among too.
REV02793,EMP0926,2020-01-07,4,80,Exceeds Expectations,Team Lead,Lawyer sell maybe identify organization own.
REV02794,EMP0927,2021-10-21,3,75,Meets Expectations,HR Department,Century meet particularly me throw.
REV02795,EMP0927,2022-10-21,1,58,Poor,Department Manager,Teacher national say husband.
REV02796,EMP0928,2020-08-09,4,85,Exceeds Expectations,Department Manager,Sister develop wrong town yard size.
REV02797,EMP0928,2021-08-09,4,88,Exceeds Expectations,Department Manager,Behind person institution nor thousand former concern better.
REV02798,EMP0928,2022-08-09,5,100,Outstanding,Team Lead,Later policy remain scene young whole source again.
REV02799,EMP0929,2013-10-20,3,77,Meets Expectations,HR Department,Pretty machine suddenly admit instead.
REV02800,EMP0929,2014-10-20,3,79,Meets Expectations,HR Department,Him consider growth training gun peace.
REV02801,EMP0930,2021-08-17,2,62,Needs Improvement,Department Manager,Ask many treatment method explain hospital.
REV02802,EMP0930,2022-08-17,4,85,Exceeds Expectations,HR Department,Whole whatever course could why race one.
REV02803,EMP0931,2017-03-03,3,74,Meets Expectations,Team Lead,Discussion consumer on century perhaps speech present low.
REV02804,EMP0931,2018-03-03,3,78,Meets Expectations,HR Department,Civil and human doctor decision ask item capital.
REV02805,EMP0931,2019-03-03,3,76,Meets Expectations,Team Lead,Lose suddenly maybe.
REV02806,EMP0931,2020-03-03,4,80,Exceeds Expectations,Department Manager,Serious health site general.
REV02807,EMP0932,2014-01-25,1,58,Poor,Team Lead,Him history month two rock teach professional.
REV02808,EMP0932,2015-01-25,3,70,Meets Expectations,Team Lead,Heavy religious soldier old bad almost.
REV02809,EMP0933,2015-01-24,2,61,Needs Improvement,Department Manager,Town brother yeah plant.
REV02810,EMP0933,2016-01-24,4,89,Exceeds Expectations,Team Lead,Late open enough thought.
REV02811,EMP0933,2017-01-24,3,76,Meets Expectations,Department Manager,Have evening address series positive.
REV02812,EMP0933,2018-01-24,4,83,Exceeds Expectations,Team Lead,Record smile eat safe speak with.
REV02813,EMP0934,2027-03-26,3,77,Meets Expectations,Team Lead,Shake adult central top.
REV02814,EMP0934,2028-03-26,3,70,Meets Expectations,Team Lead,Discover trip back.
REV02815,EMP0935,2019-05-23,4,80,Exceeds Expectations,Team Lead,Animal value white hour will accept.
REV02816,EMP0935,2020-05-23,4,85,Exceeds Expectations,Team Lead,He need cut.
REV02817,EMP0935,2021-05-23,3,72,Meets Expectations,HR Department,Artist black space outside art tough drive.
REV02818,EMP0935,2022-05-23,5,100,Outstanding,Team Lead,Campaign expert laugh arm fall girl side.
REV02819,EMP0936,2018-05-19,3,71,Meets Expectations,Department Manager,Sport total collection energy staff require capital.
REV02820,EMP0936,2019-05-19,2,66,Needs Improvement,HR Department,Leave city machine election.
REV02821,EMP0936,2020-05-19,5,94,Outstanding,HR Department,Make likely agreement very hit question outside.
REV02822,EMP0937,2017-07-19,2,69,Needs Improvement,Department Manager,Mother herself baby life.
REV02823,EMP0937,2018-07-19,3,78,Meets Expectations,HR Department,Movie office food whose.
REV02824,EMP0937,2019-07-19,5,98,Outstanding,Team Lead,Imagine quite suggest image natural.
REV02825,EMP0938,2023-12-17,4,81,Exceeds Expectations,Team Lead,Popular development address skill.
REV02826,EMP0938,2024-12-17,2,67,Needs Improvement,HR Department,Order western feeling case left.
REV02827,EMP0938,2025-12-17,5,95,Outstanding,Department Manager,Science happen himself participant.
REV02828,EMP0939,2024-01-19,5,95,Outstanding,Department Manager,Next ready since decade large sport.
REV02829,EMP0939,2025-01-19,4,86,Exceeds Expectations,Department Manager,Security ball serve support bed trouble.
REV02830,EMP0939,2026-01-19,4,80,Exceeds Expectations,HR Department,Run everybody allow member still drug economy.
REV02831,EMP0939,2027-01-19,4,85,Exceeds Expectations,Team Lead,Television exactly their ground do staff around.
REV02832,EMP0940,2023-01-16,2,62,Needs Improvement,Department Manager,Similar design chance after develop fight under population.
REV02833,EMP0940,2024-01-16,4,82,Exceeds Expectations,Team Lead,Program along voice no mother whether second.
REV02834,EMP0940,2025-01-16,4,88,Exceeds Expectations,Team Lead,Major wall official reach phone.
REV02835,EMP0940,2026-01-16,4,80,Exceeds Expectations,Team Lead,Operation south image boy security choice food strong.
REV02836,EMP0941,2013-11-14,3,70,Meets Expectations,Department Manager,Care successful behavior notice eat three.
REV02837,EMP0941,2014-11-14,5,98,Outstanding,Team Lead,Suggest challenge before least hard.
REV02838,EMP0942,2020-09-13,3,77,Meets Expectations,HR Department,Face season head truth.
REV02839,EMP0942,2021-09-13,4,82,Exceeds Expectations,HR Department,Executive which even stop.
REV02840,EMP0943,2024-03-25,4,85,Exceeds Expectations,HR Department,Large improve full lay language charge.
REV02841,EMP0943,2025-03-25,3,75,Meets Expectations,HR Department,Opportunity shake cup physical us shoulder can.
REV02842,EMP0943,2026-03-25,3,72,Meets Expectations,HR Department,Better president pressure local environment.
REV02843,EMP0944,2026-01-11,3,74,Meets Expectations,HR Department,Production look bar feeling.
REV02844,EMP0944,2027-01-11,3,70,Meets Expectations,Department Manager,Add environment market specific after forward.
REV02845,EMP0944,2028-01-11,2,62,Needs Improvement,Department Manager,Finally task owner.
REV02846,EMP0945,2014-11-26,2,65,Needs Improvement,Department Manager,She assume seat pressure drive others.
REV02847,EMP0945,2015-11-26,5,93,Outstanding,HR Department,Article yeah cost painting.
REV02848,EMP0945,2016-11-26,3,78,Meets Expectations,HR Department,Contain old possible ever now rate.
REV02849,EMP0945,2017-11-26,5,91,Outstanding,Department Manager,Lot hit sit baby remember have.
REV02850,EMP0946,2025-10-11,3,72,Meets Expectations,Department Manager,Education response education interview you car.
REV02851,EMP0946,2026-10-11,4,89,Exceeds Expectations,Department Manager,Usually statement parent buy.
REV02852,EMP0947,2024-01-01,5,96,Outstanding,Department Manager,Job describe Republican couple business.
REV02853,EMP0947,2025-01-01,3,75,Meets Expectations,HR Department,Majority girl bag cover expect minute.
REV02854,EMP0947,2026-01-01,5,92,Outstanding,Team Lead,Election social accept two view pick.
REV02855,EMP0948,2015-12-11,4,82,Exceeds Expectations,Team Lead,Best development performance case lay.
REV02856,EMP0948,2016-12-11,3,70,Meets Expectations,Team Lead,Tax member federal.
REV02857,EMP0949,2016-03-17,3,76,Meets Expectations,Department Manager,It score themselves throw provide involve.
REV02858,EMP0949,2017-03-17,4,84,Exceeds Expectations,Department Manager,Work choose everybody risk according road dinner.
REV02859,EMP0950,2025-11-18,4,88,Exceeds Expectations,Team Lead,Room trial able suffer standard act.
REV02860,EMP0950,2026-11-18,4,81,Exceeds Expectations,Department Manager,Season kitchen deal up stay nearly professor.
REV02861,EMP0951,2015-11-11,3,76,Meets Expectations,HR Department,Day son range argue.
REV02862,EMP0951,2016-11-11,3,76,Meets Expectations,Team Lead,You born wonder school.
REV02863,EMP0952,2025-01-01,2,65,Needs Improvement,Department Manager,Edge we practice.
REV02864,EMP0952,2026-01-01,2,65,Needs Improvement,Department Manager,Economic along kind already friend imagine certain.
REV02865,EMP0953,2023-01-28,4,85,Exceeds Expectations,Department Manager,Official Democrat story rate speak by employee institution.
REV02866,EMP0953,2024-01-28,5,91,Outstanding,Department Manager,Church road service note.
REV02867,EMP0954,2026-07-31,4,85,Exceeds Expectations,Team Lead,Budget artist president professional property worker deal.
REV02868,EMP0954,2027-07-31,3,77,Meets Expectations,Team Lead,Marriage each medical field mother.
REV02869,EMP0955,2012-10-04,2,63,Needs Improvement,Department Manager,Practice friend hope fight.
REV02870,EMP0955,2013-10-04,3,70,Meets Expectations,Team Lead,Affect green meet claim war edge.
REV02871,EMP0955,2014-10-04,4,83,Exceeds Expectations,Department Manager,Around quite despite particularly.
REV02872,EMP0956,2026-12-01,5,97,Outstanding,Team Lead,Morning military enter remember able.
REV02873,EMP0956,2027-12-01,3,70,Meets Expectations,Department Manager,These those other green three nice might total.
REV02874,EMP0956,2028-12-01,5,99,Outstanding,Team Lead,Eat must clear save.
REV02875,EMP0957,2022-03-15,3,71,Meets Expectations,HR Department,Create camera pressure.
REV02876,EMP0957,2023-03-15,3,71,Meets Expectations,HR Department,Attorney interesting could tough southern without player contain.
REV02877,EMP0957,2024-03-15,5,97,Outstanding,Department Manager,Environment full blue.
REV02878,EMP0957,2025-03-15,3,70,Meets Expectations,Team Lead,Step recently ready quickly create.
REV02879,EMP0958,2023-04-01,4,83,Exceeds Expectations,HR Department,Network somebody onto field increase.
REV02880,EMP0958,2024-04-01,3,79,Meets Expectations,Department Manager,Marriage energy style certainly.
REV02881,EMP0959,2018-04-03,1,55,Poor,Team Lead,And hear structure growth start teacher its.
REV02882,EMP0959,2019-04-03,3,72,Meets Expectations,Department Manager,Hit act again.
REV02883,EMP0960,2015-04-14,5,96,Outstanding,Department Manager,Pay agent police air.
REV02884,EMP0960,2016-04-14,2,66,Needs Improvement,Department Manager,Goal turn his yet city.
REV02885,EMP0960,2017-04-14,3,78,Meets Expectations,Team Lead,Including all from not pay.
REV02886,EMP0961,2026-06-12,4,87,Exceeds Expectations,Team Lead,Improve almost fast environment.
REV02887,EMP0961,2027-06-12,4,81,Exceeds Expectations,HR Department,Crime memory recognize door late bill nothing.
REV02888,EMP0962,2020-10-22,4,87,Exceeds Expectations,Department Manager,Already try tend want new second.
REV02889,EMP0962,2021-10-22,4,80,Exceeds Expectations,HR Department,Movie staff style condition receive sound skin.
REV02890,EMP0962,2022-10-22,4,89,Exceeds Expectations,HR Department,The especially avoid establish large.
REV02891,EMP0962,2023-10-22,3,77,Meets Expectations,Team Lead,Attorney town food everybody.
REV02892,EMP0963,2021-01-20,3,77,Meets Expectations,Team Lead,Drop piece particularly also activity.
REV02893,EMP0963,2022-01-20,4,82,Exceeds Expectations,HR Department,List can president than upon write offer.
REV02894,EMP0963,2023-01-20,3,74,Meets Expectations,HR Department,According parent example buy.
REV02895,EMP0964,2025-10-17,1,48,Poor,HR Department,About fear certainly lose.
REV02896,EMP0964,2026-10-17,4,82,Exceeds Expectations,HR Department,Wear of quickly middle poor later me better.
REV02897,EMP0964,2027-10-17,5,100,Outstanding,Team Lead,Sell young build available concern.
REV02898,EMP0964,2028-10-17,2,60,Needs Improvement,HR Department,Church successful fight believe.
REV02899,EMP0965,2012-08-17,3,75,Meets Expectations,Department Manager,Of age sometimes show so many project during.
REV02900,EMP0965,2013-08-17,5,100,Outstanding,HR Department,Just although parent week film less hope.
REV02901,EMP0965,2014-08-17,5,90,Outstanding,Department Manager,He fly themselves.
REV02902,EMP0965,2015-08-17,4,87,Exceeds Expectations,Team Lead,Treatment future hair entire American traditional level.
REV02903,EMP0966,2018-05-02,4,84,Exceeds Expectations,Team Lead,Training great management tax not really.
REV02904,EMP0966,2019-05-02,3,72,Meets Expectations,HR Department,Coach various receive light.
REV02905,EMP0967,2018-04-26,2,66,Needs Improvement,HR Department,Sign according week three garden.
REV02906,EMP0967,2019-04-26,3,70,Meets Expectations,HR Department,Station character research garden contain.
REV02907,EMP0967,2020-04-26,4,87,Exceeds Expectations,Department Manager,Society what camera former court us more break.
REV02908,EMP0967,2021-04-26,4,86,Exceeds Expectations,HR Department,Chance make remember candidate woman.
REV02909,EMP0968,2014-12-09,3,76,Meets Expectations,Department Manager,Program early far prepare couple save.
REV02910,EMP0968,2015-12-09,4,89,Exceeds Expectations,Team Lead,Their development story sing type compare our whatever.
REV02911,EMP0968,2016-12-09,5,95,Outstanding,Department Manager,Tree significant knowledge person.
REV02912,EMP0968,2017-12-09,3,78,Meets Expectations,Department Manager,Job culture be under.
REV02913,EMP0969,2019-01-07,4,85,Exceeds Expectations,Team Lead,Recent adult seven western daughter.
REV02914,EMP0969,2020-01-07,5,93,Outstanding,Department Manager,Mission cup assume day minute.
REV02915,EMP0970,2013-04-16,3,71,Meets Expectations,HR Department,Join bar section structure learn color nice.
REV02916,EMP0970,2014-04-16,4,83,Exceeds Expectations,HR Department,Owner exist edge actually.
REV02917,EMP0971,2026-08-24,5,90,Outstanding,Department Manager,Say really they approach stock.
REV02918,EMP0971,2027-08-24,4,84,Exceeds Expectations,HR Department,Should store east.
REV02919,EMP0971,2028-08-24,5,94,Outstanding,Department Manager,Store bit pick step.
REV02920,EMP0971,2029-08-24,3,79,Meets Expectations,Department Manager,So include who eat.
REV02921,EMP0972,2019-05-30,1,51,Poor,Department Manager,He cost laugh adult.
REV02922,EMP0972,2020-05-30,3,70,Meets Expectations,Department Manager,Between understand few shake sure tonight top community.
REV02923,EMP0973,2015-10-06,5,99,Outstanding,Department Manager,Project sure case loss.
REV02924,EMP0973,2016-10-06,3,78,Meets Expectations,Department Manager,Institution future challenge close research.
REV02925,EMP0973,2017-10-06,4,80,Exceeds Expectations,Team Lead,Interview quality once public toward real education item.
REV02926,EMP0974,2016-05-04,4,88,Exceeds Expectations,Team Lead,Final big hold civil middle.
REV02927,EMP0974,2017-05-04,4,85,Exceeds Expectations,HR Department,Notice thank down.
REV02928,EMP0974,2018-05-04,2,64,Needs Improvement,Department Manager,Such argue husband total within base charge.
REV02929,EMP0974,2019-05-04,4,89,Exceeds Expectations,Department Manager,Security over difference manage.
REV02930,EMP0975,2018-05-07,4,80,Exceeds Expectations,Department Manager,Trip building raise nothing.
REV02931,EMP0975,2019-05-07,3,74,Meets Expectations,Department Manager,Hour activity movie make firm lead.
REV02932,EMP0976,2014-10-05,4,80,Exceeds Expectations,HR Department,Involve region Democrat sure wish whole field use.
REV02933,EMP0976,2015-10-05,5,92,Outstanding,HR Department,Traditional rule ok cup.
REV02934,EMP0976,2016-10-05,5,100,Outstanding,Department Manager,Book least fire add way.
REV02935,EMP0976,2017-10-05,1,52,Poor,Team Lead,Country former treat easy information eat.
REV02936,EMP0977,2014-02-03,3,70,Meets Expectations,Department Manager,Theory consider top study.
REV02937,EMP0977,2015-02-03,3,78,Meets Expectations,Department Manager,Admit maybe black themselves save charge until.
REV02938,EMP0977,2016-02-03,5,100,Outstanding,HR Department,To home tree improve may structure someone.
REV02939,EMP0978,2027-06-07,2,67,Needs Improvement,Department Manager,Most tonight leader town trade property.
REV02940,EMP0978,2028-06-07,4,82,Exceeds Expectations,Team Lead,Stand treat them commercial local human right.
REV02941,EMP0978,2029-06-07,3,79,Meets Expectations,HR Department,Recent manage bag career cause.
REV02942,EMP0978,2030-06-07,3,78,Meets Expectations,Team Lead,Gas daughter situation church four.
REV02943,EMP0979,2026-02-19,3,76,Meets Expectations,HR Department,Miss reality street skill management us trip.
REV02944,EMP0979,2027-02-19,3,72,Meets Expectations,Department Manager,Business close fire major.
REV02945,EMP0979,2028-02-19,4,87,Exceeds Expectations,Department Manager,Us yard effort gun.
REV02946,EMP0980,2012-10-18,2,67,Needs Improvement,Department Manager,Front section job prepare.
REV02947,EMP0980,2013-10-18,3,79,Meets Expectations,HR Department,Support accept cup describe avoid.
REV02948,EMP0981,2022-09-20,3,75,Meets Expectations,Team Lead,News artist feeling break stage raise Republican notice.
REV02949,EMP0981,2023-09-20,5,93,Outstanding,Team Lead,Tax list yeah family road.
REV02950,EMP0982,2026-09-04,3,74,Meets Expectations,Team Lead,Above fill member more general message address.
REV02951,EMP0982,2027-09-04,3,77,Meets Expectations,Department Manager,Doctor song far fill along huge.
REV02952,EMP0982,2028-09-04,4,87,Exceeds Expectations,Team Lead,Property or protect draw.
REV02953,EMP0982,2029-09-04,3,79,Meets Expectations,Team Lead,Election visit sometimes cell blood focus try drug.
REV02954,EMP0983,2026-03-09,4,81,Exceeds Expectations,Department Manager,The behind church smile.
REV02955,EMP0983,2027-03-09,3,74,Meets Expectations,Team Lead,State apply law among edge lose.
REV02956,EMP0983,2028-03-09,4,86,Exceeds Expectations,HR Department,Through list even tax week minute part.
REV02957,EMP0984,2021-11-15,3,78,Meets Expectations,Department Manager,Attention democratic reason.
REV02958,EMP0984,2022-11-15,4,88,Exceeds Expectations,HR Department,Join audience full treatment.
REV02959,EMP0984,2023-11-15,3,73,Meets Expectations,Team Lead,Difference PM work coach capital save though.
REV02960,EMP0984,2024-11-15,2,68,Needs Improvement,Department Manager,Ground his huge visit family anything.
REV02961,EMP0985,2025-12-04,4,84,Exceeds Expectations,Team Lead,Change seek line student during whose as.
REV02962,EMP0985,2026-12-04,3,77,Meets Expectations,Team Lead,Relationship perform nearly bad add wear game quality.
REV02963,EMP0985,2027-12-04,4,88,Exceeds Expectations,Department Manager,Coach wall hour purpose.
REV02964,EMP0985,2028-12-04,1,55,Poor,HR Department,Responsibility town all dream side what it.
REV02965,EMP0986,2023-06-26,4,86,Exceeds Expectations,Team Lead,Event lot PM pick always middle pass.
REV02966,EMP0986,2024-06-26,1,56,Poor,HR Department,Eight voice give fill upon somebody consumer.
REV02967,EMP0987,2026-09-18,3,74,Meets Expectations,Department Manager,Game star worker position push whatever wait.
REV02968,EMP0987,2027-09-18,4,84,Exceeds Expectations,Team Lead,Above training group together.
REV02969,EMP0987,2028-09-18,5,100,Outstanding,Team Lead,Son effort later husband.
REV02970,EMP0987,2029-09-18,5,98,Outstanding,Team Lead,Will must bring modern forget remain special responsibility.
REV02971,EMP0988,2025-09-07,4,85,Exceeds Expectations,Department Manager,Remember staff difference staff pay.
REV02972,EMP0988,2026-09-07,3,77,Meets Expectations,HR Department,Politics security manager be hard person.
REV02973,EMP0988,2027-09-07,3,75,Meets Expectations,HR Department,Participant crime too school finally health.
REV02974,EMP0989,2024-09-04,4,89,Exceeds Expectations,HR Department,Mr support heart movement hope.
REV02975,EMP0989,2025-09-04,4,87,Exceeds Expectations,Team Lead,Capital cost radio process dog.
REV02976,EMP0989,2026-09-04,4,80,Exceeds Expectations,Team Lead,Should threat start executive commercial sign.
REV02977,EMP0990,2013-10-16,4,88,Exceeds Expectations,Department Manager,Experience themselves team product drop build.
REV02978,EMP0990,2014-10-16,2,69,Needs Improvement,Department Manager,Understand good wait remember much national family food.
REV02979,EMP0991,2018-10-11,4,80,Exceeds Expectations,HR Department,Accept thus ability admit player tell public catch.
REV02980,EMP0991,2019-10-11,4,86,Exceeds Expectations,Team Lead,Road during office recognize eye guess.
REV02981,EMP0991,2020-10-11,4,87,Exceeds Expectations,HR Department,Fish site thank community democratic.
REV02982,EMP0991,2021-10-11,4,82,Exceeds Expectations,Department Manager,Loss side degree far.
REV02983,EMP0992,2013-11-19,5,90,Outstanding,Department Manager,Cause explain line prevent single number.
REV02984,EMP0992,2014-11-19,4,89,Exceeds Expectations,Department Manager,Story represent education field analysis exist hit.
REV02985,EMP0992,2015-11-19,3,79,Meets Expectations,HR Department,Mrs college course evidence practice.
REV02986,EMP0992,2016-11-19,3,74,Meets Expectations,Department Manager,Conference ball price.
REV02987,EMP0993,2027-04-03,3,77,Meets Expectations,HR Department,Effect break what television ability foreign experience.
REV02988,EMP0993,2028-04-03,4,80,Exceeds Expectations,Department Manager,Start maintain foreign cup summer increase fall.
REV02989,EMP0994,2025-03-04,4,85,Exceeds Expectations,Team Lead,Young contain idea total light.
REV02990,EMP0994,2026-03-04,4,89,Exceeds Expectations,Team Lead,Walk together this home bring movement be.
REV02991,EMP0994,2027-03-04,2,62,Needs Improvement,Department Manager,Voice on explain whose grow.
REV02992,EMP0994,2028-03-04,5,93,Outstanding,Team Lead,Out husband course.
REV02993,EMP0995,2017-01-17,2,67,Needs Improvement,Department Manager,President tough offer different protect recognize.
REV02994,EMP0995,2018-01-17,5,93,Outstanding,Department Manager,Year instead fact charge goal court.
REV02995,EMP0995,2019-01-17,4,80,Exceeds Expectations,Department Manager,Think must approach moment main.
REV02996,EMP0995,2020-01-17,3,75,Meets Expectations,Team Lead,According matter each thought.
REV02997,EMP0996,2019-12-18,4,89,Exceeds Expectations,Team Lead,News herself baby later continue safe treat production.
REV02998,EMP0996,2020-12-18,5,98,Outstanding,Team Lead,Improve idea remember black watch hotel.
REV02999,EMP0996,2021-12-18,3,71,Meets Expectations,Department Manager,Event cause consider far ask leave character.
REV03000,EMP0996,2022-12-18,3,78,Meets Expectations,Team Lead,Level federal hair many exist and forward born.
REV03001,EMP0997,2021-07-26,3,71,Meets Expectations,Department Manager,Federal foreign authority avoid.
REV03002,EMP0997,2022-07-26,4,82,Exceeds Expectations,HR Department,Finish mission receive either like ground concern.
REV03003,EMP0998,2016-04-07,3,71,Meets Expectations,HR Department,Stuff law hard remember individual street star.
REV03004,EMP0998,2017-04-07,4,89,Exceeds Expectations,Department Manager,Lay according history meet.
REV03005,EMP0998,2018-04-07,4,80,Exceeds Expectations,HR Department,Upon between total seem life carry.
REV03006,EMP0998,2019-04-07,4,85,Exceeds Expectations,Team Lead,Nor seven sit smile nor war professor.
REV03007,EMP0999,2017-10-01,4,80,Exceeds Expectations,Department Manager,Seem agreement carry similar learn address apply.
REV03008,EMP0999,2018-10-01,3,72,Meets Expectations,Team Lead,Feeling yeah various idea.
REV03009,EMP0999,2019-10-01,4,87,Exceeds Expectations,Team Lead,Evidence receive successful pull little civil.
REV03010,EMP1000,2025-03-27,5,96,Outstanding,Department Manager,Couple air black positive until yourself quickly.
REV03011,EMP1000,2026-03-27,5,98,Outstanding,Team Lead,On election not color serious.
