employee_id,first_name,last_name,gender,date_of_birth,hire_date,department,job_title,job_level,employment_type,education_level,marital_status,location,years_experience,manager_id
EMP0001,Emily,Collins,Male,1970-03-19,2023-02-15,Sales,Sales Team Lead,Lead,Full-Time,Bachelor,Divorced,Cairo,16,
EMP0002,Christopher,Barber,Male,1993-06-18,2021-07-05,Sales,Account Executive,Mid Level,Full-Time,PhD,Divorced,Jeddah,6,
EMP0003,Joe,Patton,Male,1991-04-29,2012-01-27,Customer Service,Customer Support Specialist,Mid Level,Full-Time,Diploma,Divorced,London,7,
EMP0004,Tiffany,Evans,Male,1967-03-14,2021-11-21,Sales,Senior Sales Representative,Senior,Full-Time,Bachelor,Divorced,Dubai,12,
EMP0005,Christopher,Levy,Male,1976-12-14,2017-02-11,Administration,Administrative Assistant,Entry Level,Full-Time,Bachelor,Single,Dubai,1,
EMP0006,Alexis,Turner,Male,1983-04-03,2018-11-03,Operations,Operations Specialist,Mid Level,Part-Time,Bachelor,Married,Dubai,4,
EMP0007,Jeremiah,Smith,Female,2004-07-01,2013-11-26,Sales,Sales Representative,Mid Level,Part-Time,Master,Married,Dubai,4,
EMP0008,Lauren,Smith,Female,1979-08-21,2017-04-25,IT,Network Engineer,Mid Level,Part-Time,Bachelor,Divorced,Jeddah,3,
EMP0009,Jason,Mercado,Female,2000-06-19,2018-06-13,Customer Service,Senior Customer Support Specialist,Senior,Full-Time,Master,Married,Jeddah,8,
EMP0010,Joseph,Barnes,Female,1978-04-24,2025-11-09,IT,IT Manager,Manager,Contract,Bachelor,Divorced,London,23,
EMP0011,Michelle,Delacruz,Male,2002-05-06,2023-06-23,Engineering,Software Engineer,Mid Level,Contract,Bachelor,Divorced,Cairo,6,
EMP0012,Heather,Adams,Male,1967-05-23,2019-05-19,IT,Senior Network Engineer,Senior,Full-Time,Bachelor,Single,London,9,
EMP0013,Heidi,Saunders,Female,1985-06-19,2015-08-05,Sales,Junior Sales Representative,Entry Level,Full-Time,Bachelor,Single,London,1,
EMP0014,Sharon,Anderson,Female,1981-11-16,2015-12-20,Engineering,Backend Developer,Mid Level,Full-Time,Master,Married,Cairo,3,
EMP0015,Nathan,Barker,Male,1988-03-27,2013-11-26,Engineering,Senior Data Engineer,Senior,Full-Time,Bachelor,Married,Cairo,9,
EMP0016,Maria,Eaton,Female,1982-07-21,2012-09-26,IT,IT Manager,Manager,Part-Time,Bachelor,Divorced,Cairo,19,
EMP0017,Marie,Harris,Male,1992-02-09,2024-04-26,Engineering,Data Engineer,Mid Level,Full-Time,Master,Divorced,Cairo,5,
EMP0018,Cheryl,Thomas,Female,1968-05-25,2021-02-03,Engineering,Engineering Manager,Manager,Part-Time,Bachelor,Divorced,Dubai,22,
EMP0019,Samuel,Moore,Male,1973-10-09,2025-02-06,Engineering,Engineering Manager,Manager,Part-Time,Bachelor,Single,Dubai,22,
EMP0020,Kyle,Jordan,Female,2000-10-20,2013-02-09,Engineering,Frontend Developer,Mid Level,Full-Time,Bachelor,Divorced,Riyadh,4,
EMP0021,John,Brandt,Male,1972-06-25,2022-08-27,Marketing,Senior Marketing Specialist,Senior,Full-Time,Master,Divorced,Jeddah,11,
EMP0022,Brooke,Gonzalez,Male,1977-08-10,2017-04-23,Sales,Sales Manager,Manager,Full-Time,Bachelor,Single,Riyadh,19,
EMP0023,Anita,Ortiz,Female,1977-07-21,2020-06-18,Customer Service,Senior Customer Success Specialist,Senior,Full-Time,Diploma,Divorced,Dubai,8,
EMP0024,Brittany,Wells,Female,1967-05-03,2024-04-22,Finance,Finance Manager,Manager,Full-Time,Bachelor,Single,London,22,
EMP0025,Brian,Hart,Female,1968-09-05,2016-12-18,IT,Senior IT Support Specialist,Senior,Full-Time,Bachelor,Divorced,Cairo,11,
EMP0026,Jonathan,Gutierrez,Male,1992-09-17,2017-03-07,Engineering,Backend Developer,Mid Level,Full-Time,Bachelor,Single,Cairo,4,
EMP0027,Haley,Gardner,Female,1983-03-26,2023-11-29,Finance,Finance Lead,Lead,Full-Time,Bachelor,Divorced,Cairo,18,
EMP0028,Stephanie,Hall,Male,2002-01-01,2023-06-15,Marketing,Junior SEO Specialist,Entry Level,Full-Time,Bachelor,Married,Dubai,2,
EMP0029,Jonathan,Baxter,Male,1991-12-03,2018-04-11,Sales,Senior Account Executive,Senior,Full-Time,Bachelor,Divorced,Dubai,12,
EMP0030,Christopher,Wilson,Female,1997-12-11,2015-12-19,IT,Network Engineer,Mid Level,Full-Time,Bachelor,Single,Cairo,7,
EMP0031,Thomas,Wilson,Male,1999-07-18,2022-09-30,Engineering,Frontend Developer,Mid Level,Full-Time,Diploma,Married,Riyadh,4,
EMP0032,Rebecca,Navarro,Male,1995-10-02,2012-04-23,Sales,Sales Representative,Mid Level,Full-Time,Bachelor,Married,Riyadh,6,
EMP0033,Christine,Mcneil,Female,1969-12-24,2020-05-05,Engineering,Data Engineer,Mid Level,Full-Time,Bachelor,Single,Jeddah,5,
EMP0034,Nathan,Lowe,Male,2002-04-08,2024-10-28,IT,Network Engineer,Mid Level,Full-Time,Bachelor,Divorced,Jeddah,6,
EMP0035,Stephen,Kelly,Female,1991-09-24,2022-08-02,Engineering,Data Engineer,Mid Level,Full-Time,Bachelor,Divorced,Cairo,4,
EMP0036,Gwendolyn,Barajas,Male,1998-01-08,2022-09-13,Sales,Sales Representative,Mid Level,Full-Time,Diploma,Married,Dubai,5,
EMP0037,Mark,Cobb,Male,1967-10-21,2015-09-13,Engineering,Engineering Lead,Lead,Part-Time,Bachelor,Divorced,Dubai,15,
EMP0038,Alexander,Nelson,Male,1990-12-26,2020-07-09,Engineering,Junior Backend Developer,Entry Level,Full-Time,Bachelor,Married,Dubai,0,
EMP0039,Kaitlyn,Shaw,Male,1990-03-30,2018-02-07,Sales,Junior Sales Representative,Entry Level,Full-Time,Master,Divorced,London,1,
EMP0040,Julie,Rogers,Female,1992-03-12,2012-09-27,HR,Recruiter,Mid Level,Full-Time,Bachelor,Married,Jeddah,6,
EMP0041,Zachary,Long,Male,1979-08-13,2025-02-21,Sales,Sales Manager,Manager,Full-Time,Bachelor,Divorced,Dubai,21,
EMP0042,Nancy,Murray,Female,1980-05-11,2025-10-29,IT,IT Manager,Manager,Full-Time,Bachelor,Divorced,London,21,
EMP0043,Jason,James,Male,1983-12-07,2016-12-27,Finance,Finance Lead,Lead,Full-Time,Diploma,Divorced,Dubai,16,
EMP0044,Michele,Padilla,Male,1970-03-25,2020-07-01,IT,IT Team Lead,Lead,Part-Time,Bachelor,Divorced,Cairo,14,
EMP0045,Christian,Hawkins,Male,1995-10-20,2023-06-11,Sales,Account Executive,Mid Level,Full-Time,Master,Divorced,Jeddah,4,
EMP0046,Danielle,King,Male,1995-11-19,2022-01-29,HR,Junior HR Specialist,Entry Level,Full-Time,Bachelor,Divorced,London,2,
EMP0047,Melissa,Johnson,Male,1967-09-16,2022-09-11,Engineering,Junior Data Engineer,Entry Level,Full-Time,Bachelor,Single,Cairo,2,
EMP0048,Thomas,Henson,Male,2000-04-12,2022-09-01,IT,IT Support Specialist,Mid Level,Full-Time,Bachelor,Single,Dubai,3,
EMP0049,Crystal,Torres,Female,1983-10-13,2015-04-18,Legal,Senior Legal Advisor,Senior,Full-Time,Master,Single,Riyadh,10,
EMP0050,Jaclyn,Wilson,Male,1977-02-06,2017-05-17,Engineering,Senior Frontend Developer,Senior,Full-Time,Bachelor,Single,Cairo,11,
EMP0051,Nicole,Peterson,Male,1988-10-19,2018-08-29,Sales,Sales Team Lead,Lead,Contract,Bachelor,Single,Jeddah,13,
EMP0052,Megan,Wilson,Female,1968-02-14,2012-12-04,Operations,Operations Lead,Lead,Full-Time,Bachelor,Married,London,16,
EMP0053,Gabriella,Bird,Male,1975-04-12,2024-05-01,Finance,Finance Manager,Manager,Full-Time,Bachelor,Single,Riyadh,19,
EMP0054,Michelle,Hall,Male,1995-10-02,2023-04-18,Engineering,Frontend Developer,Mid Level,Full-Time,Bachelor,Married,Dubai,7,
EMP0055,Frank,Brown,Female,1997-08-09,2025-03-16,HR,Junior HR Specialist,Entry Level,Full-Time,PhD,Single,London,0,
EMP0056,John,Johnson,Male,1989-01-01,2017-05-02,Finance,Junior Accountant,Entry Level,Full-Time,Bachelor,Married,Dubai,2,
EMP0057,Francisco,Moore,Male,1979-01-23,2017-12-06,Operations,Operations Lead,Lead,Full-Time,Bachelor,Single,Riyadh,16,
EMP0058,David,Atkinson,Male,1977-12-26,2024-06-22,Engineering,Senior Frontend Developer,Senior,Full-Time,Bachelor,Divorced,Jeddah,9,
EMP0059,Sandra,Bender,Male,1993-08-28,2021-10-03,Engineering,Senior Backend Developer,Senior,Part-Time,Bachelor,Single,Dubai,8,
EMP0060,Kathryn,Hicks,Male,1979-11-12,2013-12-28,Finance,Finance Lead,Lead,Full-Time,Bachelor,Divorced,Jeddah,14,
EMP0061,Joseph,Mills,Male,1972-10-23,2021-03-19,Legal,Legal Advisor,Mid Level,Full-Time,Bachelor,Married,Jeddah,4,
EMP0062,Jill,Martin,Female,1982-10-24,2012-04-08,Sales,Sales Team Lead,Lead,Full-Time,Bachelor,Married,Riyadh,14,
EMP0063,Laura,Nichols,Male,1974-02-26,2012-10-07,Sales,Senior Sales Representative,Senior,Full-Time,Bachelor,Divorced,Riyadh,12,
EMP0064,Rodney,Hicks,Female,1982-10-05,2025-08-01,HR,HR Lead,Lead,Contract,Master,Single,London,13,
EMP0065,Dennis,Shaffer,Male,1988-08-17,2022-09-01,Sales,Account Executive,Mid Level,Full-Time,Bachelor,Divorced,Riyadh,5,
EMP0066,Mario,Bowers,Male,2000-08-23,2016-02-22,Customer Service,Junior Customer Support,Entry Level,Full-Time,Bachelor,Single,Jeddah,0,
EMP0067,Lisa,Brock,Female,2004-01-23,2012-06-13,Customer Service,Customer Support Specialist,Mid Level,Full-Time,Bachelor,Single,London,4,
EMP0068,Patrick,Jimenez,Female,1987-05-04,2019-07-16,Operations,Operations Lead,Lead,Full-Time,Master,Married,Dubai,16,
EMP0069,Michael,Thomas,Male,2002-08-12,2022-11-25,Administration,Administrative Assistant,Entry Level,Part-Time,Bachelor,Married,London,0,
EMP0070,Ryan,Underwood,Male,1999-10-15,2014-07-15,Marketing,SEO Specialist,Mid Level,Full-Time,Diploma,Divorced,Dubai,4,
EMP0071,Ian,Horn,Male,1984-08-21,2018-11-18,IT,Senior Network Engineer,Senior,Part-Time,Bachelor,Married,Cairo,8,
EMP0072,Regina,Castro,Male,1969-01-01,2018-01-04,Administration,Administration Manager,Manager,Full-Time,Master,Divorced,Riyadh,23,
EMP0073,Maria,Bennett,Male,1988-09-17,2018-10-23,Sales,Junior Sales Representative,Entry Level,Full-Time,Bachelor,Single,Riyadh,1,
EMP0074,Brittney,Myers,Male,1971-11-23,2015-06-03,Finance,Finance Lead,Lead,Full-Time,Bachelor,Divorced,Dubai,15,
EMP0075,Michael,Lin,Female,1986-01-19,2013-08-19,Administration,Administrative Assistant,Entry Level,Full-Time,Diploma,Single,Riyadh,1,
EMP0076,Trevor,Donovan,Female,1996-07-30,2018-03-25,Customer Service,Junior Customer Support,Entry Level,Full-Time,Bachelor,Single,Cairo,1,
EMP0077,Kelly,Martin,Male,1999-04-18,2026-01-11,IT,System Administrator,Mid Level,Full-Time,Bachelor,Single,Cairo,5,
EMP0078,Michael,Manning,Male,1990-02-08,2011-11-18,Engineering,Junior Software Engineer,Entry Level,Full-Time,Bachelor,Single,Riyadh,0,
EMP0079,Crystal,Crosby,Female,1977-05-22,2013-10-31,Marketing,Marketing Lead,Lead,Full-Time,Bachelor,Single,Cairo,16,
EMP0080,Stephen,Castillo,Male,1972-04-16,2016-08-01,Engineering,Software Engineer,Mid Level,Full-Time,Bachelor,Divorced,London,4,
EMP0081,Anthony,Kelley,Male,1975-08-10,2024-10-20,Engineering,Engineering Lead,Lead,Full-Time,Master,Married,Cairo,13,
EMP0082,Keith,Silva,Male,1986-01-17,2018-08-18,IT,IT Manager,Manager,Contract,Bachelor,Married,Riyadh,22,
EMP0083,Earl,White,Female,2000-03-11,2026-03-12,Engineering,Senior Frontend Developer,Senior,Full-Time,Bachelor,Married,Jeddah,8,
EMP0084,Richard,Lam,Male,1987-02-23,2025-05-24,Engineering,Junior Data Engineer,Entry Level,Full-Time,Bachelor,Married,Riyadh,0,
EMP0085,Susan,Rodriguez,Female,1996-01-21,2014-12-04,Customer Service,Senior Customer Success Specialist,Senior,Full-Time,Bachelor,Married,Jeddah,8,
EMP0086,Charles,Clements,Female,1971-07-07,2023-09-29,Engineering,Senior Backend Developer,Senior,Full-Time,Master,Divorced,London,9,
EMP0087,Jonathan,Krueger,Female,1975-12-20,2017-05-22,Administration,Administration Lead,Lead,Full-Time,Bachelor,Married,Riyadh,16,
EMP0088,Courtney,Oneal,Male,1978-02-15,2017-04-27,HR,HR Manager,Manager,Full-Time,Bachelor,Married,Jeddah,25,
EMP0089,Kevin,Mcdonald,Male,1977-02-14,2014-06-19,Customer Service,Customer Support Lead,Lead,Full-Time,Bachelor,Married,Dubai,13,
EMP0090,Ryan,Christensen,Male,1976-03-19,2015-03-20,Customer Service,Senior Customer Success Specialist,Senior,Full-Time,Bachelor,Divorced,London,12,
EMP0091,Kaitlyn,Estrada,Female,1974-02-27,2022-07-03,Engineering,Senior Software Engineer,Senior,Full-Time,Bachelor,Divorced,London,11,
EMP0092,Emily,White,Male,1983-04-28,2025-02-02,Customer Service,Customer Success Specialist,Mid Level,Contract,Bachelor,Single,Jeddah,5,
EMP0093,Scott,York,Female,2000-02-26,2025-10-05,Engineering,Junior Frontend Developer,Entry Level,Full-Time,Master,Single,Cairo,0,
EMP0094,Don,Avila,Male,1999-01-30,2020-10-24,IT,Junior Network Engineer,Entry Level,Full-Time,Bachelor,Single,Cairo,1,
EMP0095,Kelly,Perez,Female,1983-11-08,2018-06-01,IT,IT Support Specialist,Mid Level,Full-Time,Bachelor,Married,London,3,
EMP0096,Brooke,Murillo,Male,1995-05-27,2015-07-06,Sales,Sales Representative,Mid Level,Full-Time,PhD,Single,Jeddah,7,
EMP0097,Matthew,Anderson,Female,1989-04-12,2018-11-17,Engineering,Backend Developer,Mid Level,Full-Time,Diploma,Married,Dubai,4,
EMP0098,Robert,Brown,Female,1981-01-26,2018-04-19,HR,Senior HR Specialist,Senior,Full-Time,Diploma,Married,Jeddah,12,
EMP0099,Sarah,Robinson,Male,2000-07-31,2022-03-23,Finance,Financial Analyst,Mid Level,Full-Time,Master,Single,London,4,
EMP0100,Tracy,Singleton,Male,1993-12-06,2023-10-18,Sales,Sales Representative,Mid Level,Full-Time,Bachelor,Divorced,London,5,
EMP0101,Michael,Brooks,Male,1971-12-21,2015-02-09,Sales,Sales Manager,Manager,Full-Time,PhD,Married,Riyadh,20,
EMP0102,Karen,Moon,Female,1973-12-01,2021-12-22,Marketing,Senior Marketing Specialist,Senior,Full-Time,Diploma,Married,Dubai,8,
EMP0103,Lisa,Gomez,Male,1988-05-08,2018-01-06,Sales,Account Executive,Mid Level,Full-Time,Bachelor,Married,Jeddah,6,
EMP0104,Amanda,Harper,Female,1978-01-31,2019-02-26,HR,Senior HR Specialist,Senior,Full-Time,Bachelor,Divorced,London,8,
EMP0105,Carol,Tucker,Male,1975-03-24,2015-12-04,Engineering,Senior Backend Developer,Senior,Full-Time,Bachelor,Divorced,Jeddah,9,
EMP0106,Shannon,Bennett,Male,1983-01-09,2017-04-23,IT,IT Team Lead,Lead,Full-Time,Bachelor,Single,Riyadh,13,
EMP0107,Jocelyn,Walters,Male,2002-05-08,2012-10-03,Customer Service,Customer Support Specialist,Mid Level,Full-Time,Diploma,Single,Cairo,3,
EMP0108,Kayla,Jackson,Male,1990-08-13,2012-09-02,Customer Service,Customer Success Specialist,Mid Level,Full-Time,Diploma,Single,Cairo,3,
EMP0109,Christopher,Petty,Male,2000-11-03,2019-08-15,Sales,Account Executive,Mid Level,Full-Time,Bachelor,Divorced,London,4,
EMP0110,Christopher,Little,Male,1981-01-26,2017-03-29,Engineering,Engineering Manager,Manager,Full-Time,Master,Single,Dubai,21,
EMP0111,Julie,Thompson,Female,1970-04-09,2015-07-22,Sales,Sales Team Lead,Lead,Full-Time,Bachelor,Single,Cairo,16,
EMP0112,Thomas,Thomas,Male,2001-02-10,2011-08-17,Legal,Junior Legal Advisor,Entry Level,Full-Time,Bachelor,Divorced,Riyadh,2,
EMP0113,Joseph,Wood,Male,1971-02-14,2026-04-05,Sales,Senior Account Executive,Senior,Contract,Bachelor,Married,Dubai,9,
EMP0114,Sarah,Bishop,Male,2000-08-14,2019-05-08,IT,System Administrator,Mid Level,Full-Time,Master,Married,Cairo,7,
EMP0115,Rachel,Coleman,Male,1974-10-05,2023-04-07,Finance,Finance Lead,Lead,Full-Time,Bachelor,Divorced,Cairo,17,
EMP0116,Maria,Thompson,Male,1981-10-11,2017-11-04,IT,System Administrator,Mid Level,Full-Time,Bachelor,Single,Riyadh,3,
EMP0117,Michelle,Yoder,Female,1978-08-30,2026-06-25,Operations,Operations Specialist,Mid Level,Full-Time,Bachelor,Divorced,Jeddah,7,
EMP0118,John,Frye,Female,1973-04-05,2014-08-28,Marketing,SEO Specialist,Mid Level,Full-Time,Bachelor,Single,Dubai,7,
EMP0119,Matthew,Valentine,Female,1969-08-22,2023-02-01,IT,IT Manager,Manager,Full-Time,Bachelor,Single,Cairo,25,
EMP0120,Destiny,Lynn,Male,1994-02-03,2012-03-21,Sales,Senior Sales Representative,Senior,Full-Time,Bachelor,Single,London,9,
EMP0121,Zachary,Riley,Male,1993-07-04,2013-03-17,Customer Service,Customer Support Specialist,Mid Level,Full-Time,Bachelor,Single,London,5,
EMP0122,Daniel,Shaw,Male,2003-05-25,2014-12-20,IT,System Administrator,Mid Level,Full-Time,Master,Married,Dubai,5,
EMP0123,Margaret,Johnson,Male,1983-07-14,2019-06-09,HR,HR Lead,Lead,Full-Time,Bachelor,Single,London,15,
EMP0124,Clinton,Murillo,Male,1972-07-01,2021-08-28,Engineering,Senior Software Engineer,Senior,Full-Time,Master,Divorced,London,9,
EMP0125,John,Smith,Male,2000-06-29,2025-06-12,Sales,Account Executive,Mid Level,Full-Time,Bachelor,Divorced,Jeddah,3,
EMP0126,Sherry,Estrada,Male,1982-07-21,2022-09-21,Sales,Senior Account Executive,Senior,Full-Time,Bachelor,Single,London,10,
EMP0127,Michelle,Sandoval,Female,1974-08-28,2023-10-18,Sales,Junior Sales Representative,Entry Level,Full-Time,PhD,Married,London,1,
EMP0128,Rhonda,Rodgers,Male,1977-06-15,2018-11-17,Finance,Finance Manager,Manager,Full-Time,Bachelor,Single,Jeddah,23,
EMP0129,Alyssa,Palmer,Male,1997-05-04,2013-06-11,Sales,Account Executive,Mid Level,Full-Time,Diploma,Married,Jeddah,3,
EMP0130,Michael,Hughes,Female,1978-08-02,2020-10-08,IT,IT Manager,Manager,Full-Time,Master,Single,Dubai,20,
EMP0131,Travis,Cooper,Male,1985-03-16,2021-11-17,Engineering,Software Engineer,Mid Level,Full-Time,PhD,Married,Dubai,7,
EMP0132,Nathan,Jones,Female,1995-06-15,2012-11-29,Administration,Senior Office Administrator,Senior,Full-Time,Bachelor,Single,Jeddah,10,
EMP0133,Eduardo,Doyle,Female,1988-12-07,2025-05-05,Sales,Junior Sales Representative,Entry Level,Contract,Bachelor,Single,Dubai,1,
EMP0134,Susan,Gonzalez,Male,1975-06-15,2021-10-25,Sales,Senior Sales Representative,Senior,Full-Time,Bachelor,Single,Jeddah,11,
EMP0135,Chelsea,Hunter,Female,1972-06-15,2019-05-25,Sales,Sales Manager,Manager,Full-Time,Bachelor,Married,Dubai,22,
EMP0136,Kari,Navarro,Male,1999-02-10,2016-09-21,Engineering,Junior Backend Developer,Entry Level,Full-Time,Master,Divorced,Dubai,1,
EMP0137,Lisa,Case,Female,1971-06-09,2022-07-30,Engineering,Senior Data Engineer,Senior,Full-Time,Bachelor,Divorced,Riyadh,11,
EMP0138,Heather,Daniels,Male,1999-09-15,2014-02-09,IT,Senior Network Engineer,Senior,Full-Time,Bachelor,Divorced,Dubai,8,
EMP0139,Seth,Contreras,Female,2002-06-22,2018-06-29,Finance,Junior Accountant,Entry Level,Full-Time,Bachelor,Divorced,Riyadh,2,
EMP0140,Victor,Jensen,Male,1997-03-28,2023-08-01,IT,Junior Network Engineer,Entry Level,Part-Time,Bachelor,Single,Dubai,2,
EMP0141,Andrea,Jackson,Male,1979-08-18,2018-10-17,Engineering,Senior Data Engineer,Senior,Full-Time,Bachelor,Married,Riyadh,10,
EMP0142,Patricia,Fernandez,Male,1972-12-18,2022-02-17,Engineering,Senior Frontend Developer,Senior,Full-Time,Bachelor,Single,London,12,
EMP0143,Kevin,Doyle,Female,1974-11-26,2022-12-30,Legal,Senior Legal Advisor,Senior,Part-Time,Master,Divorced,Dubai,9,
EMP0144,Richard,Porter,Female,1973-05-15,2020-09-06,Marketing,Junior SEO Specialist,Entry Level,Full-Time,Master,Divorced,Jeddah,2,
EMP0145,Kim,Butler,Female,1985-03-07,2022-10-07,Customer Service,Customer Service Manager,Manager,Full-Time,Bachelor,Married,London,22,
EMP0146,Patricia,Vasquez,Male,1976-08-08,2020-10-09,Marketing,SEO Specialist,Mid Level,Full-Time,Bachelor,Divorced,Jeddah,5,
EMP0147,Michael,Dougherty,Female,1969-03-25,2026-04-23,Sales,Sales Team Lead,Lead,Full-Time,Master,Single,Dubai,17,
EMP0148,Sandra,Hall,Male,1982-06-12,2014-06-26,Customer Service,Customer Service Manager,Manager,Full-Time,Bachelor,Divorced,Jeddah,19,
EMP0149,Shelley,Jones,Female,1971-02-20,2021-12-29,Engineering,Junior Backend Developer,Entry Level,Full-Time,Bachelor,Divorced,Riyadh,0,
EMP0150,Natasha,Hughes,Male,1991-08-09,2024-04-15,Customer Service,Senior Customer Support Specialist,Senior,Full-Time,Bachelor,Divorced,Cairo,9,
EMP0151,Nicholas,Simon,Male,1967-03-17,2017-05-31,Sales,Sales Manager,Manager,Full-Time,Bachelor,Single,Cairo,24,
EMP0152,James,Gomez,Female,1991-03-19,2017-10-06,Sales,Senior Sales Representative,Senior,Full-Time,Bachelor,Married,Cairo,11,
EMP0153,Kaitlin,Hernandez,Male,1972-04-29,2017-08-08,HR,HR Manager,Manager,Full-Time,PhD,Divorced,Jeddah,24,
EMP0154,Lauren,Rodriguez,Female,1984-07-01,2018-03-04,Operations,Operations Specialist,Mid Level,Full-Time,Bachelor,Married,Jeddah,7,
EMP0155,Maria,Johns,Male,1981-06-19,2020-01-21,Administration,Office Administrator,Mid Level,Part-Time,Master,Married,Jeddah,6,
EMP0156,Helen,Evans,Male,1993-12-22,2015-05-25,Finance,Senior Financial Analyst,Senior,Full-Time,Bachelor,Married,Cairo,10,
EMP0157,Lauren,Shaw,Male,1995-01-08,2023-04-27,IT,Junior Network Engineer,Entry Level,Full-Time,Bachelor,Divorced,London,0,
EMP0158,William,Gray,Female,1967-04-29,2015-08-24,HR,Junior HR Specialist,Entry Level,Full-Time,Bachelor,Single,Cairo,0,
EMP0159,Phillip,Bell,Male,1990-04-03,2026-04-12,Engineering,Tech Lead,Lead,Full-Time,Bachelor,Married,Cairo,13,
EMP0160,Nathan,Shepherd,Male,1975-07-29,2024-04-07,Engineering,Data Engineer,Mid Level,Part-Time,Bachelor,Divorced,Jeddah,7,
EMP0161,Lindsey,Daniels,Female,1968-12-03,2018-08-08,Marketing,Marketing Lead,Lead,Contract,Bachelor,Single,Jeddah,13,
EMP0162,Brett,Stephens,Male,1973-01-10,2015-01-15,IT,System Administrator,Mid Level,Full-Time,Bachelor,Divorced,London,4,
EMP0163,Lori,Rocha,Male,1970-10-09,2024-04-18,Operations,Operations Manager,Manager,Part-Time,Diploma,Divorced,Jeddah,22,
EMP0164,Donna,Strickland,Male,1987-05-25,2026-06-30,Legal,Legal Advisor,Mid Level,Part-Time,Master,Divorced,Riyadh,5,
EMP0165,Tim,Knight,Female,1990-12-18,2020-12-06,Marketing,Marketing Lead,Lead,Full-Time,Bachelor,Married,Riyadh,13,
EMP0166,James,Johnson,Female,2000-04-09,2011-10-07,Engineering,Junior Software Engineer,Entry Level,Full-Time,PhD,Married,London,0,
EMP0167,Patrick,Higgins,Male,1968-12-10,2012-04-09,IT,IT Team Lead,Lead,Full-Time,Bachelor,Married,Jeddah,16,
EMP0168,Jennifer,Joseph,Male,1966-09-04,2025-02-14,Engineering,Senior Frontend Developer,Senior,Full-Time,Diploma,Single,Dubai,11,
EMP0169,Oscar,Wilson,Female,1999-07-28,2013-07-31,IT,System Administrator,Mid Level,Contract,Bachelor,Single,London,7,
EMP0170,Jason,Kelly,Male,1977-04-11,2019-07-27,Customer Service,Junior Customer Support,Entry Level,Full-Time,Bachelor,Single,Cairo,1,
EMP0171,Jessica,Mathews,Female,1995-09-25,2023-12-16,Customer Service,Customer Success Specialist,Mid Level,Full-Time,PhD,Single,Jeddah,4,
EMP0172,Erica,Wilson,Female,1967-09-10,2026-06-24,Customer Service,Customer Success Specialist,Mid Level,Full-Time,Bachelor,Married,London,4,
EMP0173,Erika,Montgomery,Male,1999-03-12,2023-10-18,Finance,Accountant,Mid Level,Full-Time,Bachelor,Divorced,Dubai,4,
EMP0174,Laura,Watts,Male,1989-01-07,2011-10-02,IT,IT Support Specialist,Mid Level,Full-Time,Bachelor,Single,Riyadh,5,
EMP0175,Erik,Herrera,Male,2000-06-25,2021-09-28,IT,IT Support Specialist,Mid Level,Full-Time,Bachelor,Divorced,Riyadh,3,
EMP0176,Michael,Williamson,Male,1990-02-24,2017-06-30,Engineering,Software Engineer,Mid Level,Full-Time,Master,Single,London,4,
EMP0177,Travis,Murphy,Male,1993-02-24,2015-08-26,Engineering,Tech Lead,Lead,Full-Time,Master,Single,Cairo,13,
EMP0178,Joshua,Taylor,Female,1989-10-23,2013-02-16,Engineering,Junior Frontend Developer,Entry Level,Full-Time,Bachelor,Single,Riyadh,0,
EMP0179,Julie,Holt,Male,1979-06-05,2026-06-26,Engineering,Engineering Manager,Manager,Full-Time,Master,Married,Dubai,22,
EMP0180,Susan,Bryant,Female,1992-04-14,2017-08-30,Engineering,Engineering Lead,Lead,Full-Time,Master,Married,Cairo,13,
EMP0181,Erik,Jackson,Male,2003-08-11,2022-10-25,Marketing,Marketing Specialist,Mid Level,Full-Time,Bachelor,Married,Jeddah,3,
EMP0182,John,Randall,Female,1968-01-05,2014-10-18,Customer Service,Senior Customer Success Specialist,Senior,Full-Time,Bachelor,Single,London,12,
EMP0183,Christopher,Sandoval,Female,1984-11-23,2021-03-24,HR,HR Specialist,Mid Level,Part-Time,Bachelor,Married,Riyadh,3,
EMP0184,Tanya,Butler,Female,1998-05-26,2022-04-10,IT,IT Support Specialist,Mid Level,Full-Time,Master,Single,London,7,
EMP0185,Amanda,Stuart,Male,1994-04-30,2013-01-12,Finance,Junior Accountant,Entry Level,Full-Time,Diploma,Divorced,Dubai,2,
EMP0186,Julia,Murray,Male,1979-09-26,2012-02-02,Sales,Sales Team Lead,Lead,Full-Time,Master,Divorced,Jeddah,17,
EMP0187,Michael,Ford,Female,1996-04-01,2015-05-04,Engineering,Backend Developer,Mid Level,Full-Time,Bachelor,Married,Jeddah,3,
EMP0188,Patrick,Gonzales,Female,2002-12-04,2026-07-12,Engineering,Junior Frontend Developer,Entry Level,Full-Time,Bachelor,Divorced,Riyadh,0,
EMP0189,Nicholas,Ortiz,Female,1979-07-04,2018-10-27,Engineering,Tech Lead,Lead,Full-Time,Diploma,Married,London,18,
EMP0190,Sheila,Ortiz,Male,1998-12-24,2012-12-14,Engineering,Senior Data Engineer,Senior,Full-Time,Bachelor,Married,London,8,
EMP0191,Christopher,Caldwell,Male,1967-04-14,2019-12-05,Engineering,Senior Software Engineer,Senior,Full-Time,Bachelor,Divorced,Cairo,10,
EMP0192,Richard,Young,Female,1988-09-17,2020-09-02,Engineering,Senior Backend Developer,Senior,Full-Time,Bachelor,Married,Jeddah,12,
EMP0193,Kathy,Mills,Male,1981-03-05,2017-11-05,HR,HR Lead,Lead,Part-Time,Bachelor,Single,Jeddah,14,
EMP0194,Nicholas,Montgomery,Male,1994-11-04,2022-03-06,Marketing,Senior SEO Specialist,Senior,Full-Time,Bachelor,Single,Jeddah,8,
EMP0195,Amber,Paul,Male,1966-12-08,2013-09-23,Operations,Operations Manager,Manager,Full-Time,Bachelor,Married,Jeddah,24,
EMP0196,Nicole,Foster,Male,1980-08-28,2014-12-15,Engineering,Engineering Manager,Manager,Full-Time,Bachelor,Single,Cairo,20,
EMP0197,Mark,Soto,Female,1976-03-08,2012-01-29,Engineering,Engineering Manager,Manager,Full-Time,Bachelor,Single,London,24,
EMP0198,Daniel,Higgins,Female,2002-12-10,2025-10-31,Engineering,Frontend Developer,Mid Level,Full-Time,Bachelor,Married,London,3,
EMP0199,Lisa,Moran,Male,1989-05-19,2016-10-09,Engineering,Senior Backend Developer,Senior,Full-Time,Bachelor,Divorced,Dubai,10,
EMP0200,Brandon,Preston,Male,1996-01-14,2014-02-13,Engineering,Software Engineer,Mid Level,Contract,Bachelor,Divorced,Dubai,7,
EMP0201,Brad,Brown,Female,1985-04-08,2026-07-09,IT,IT Manager,Manager,Full-Time,Bachelor,Married,Jeddah,23,
EMP0202,Jamie,Burns,Male,1994-05-01,2012-06-20,Operations,Operations Specialist,Mid Level,Full-Time,Master,Married,Jeddah,3,
EMP0203,Valerie,Proctor,Female,1995-01-16,2021-11-08,Marketing,Junior Marketing Specialist,Entry Level,Full-Time,Bachelor,Divorced,Dubai,2,
EMP0204,Tracey,Randall,Male,1975-07-25,2026-05-26,Legal,Legal Advisor,Mid Level,Full-Time,Bachelor,Married,Jeddah,3,
EMP0205,Victoria,Martin,Male,1985-11-10,2022-06-04,Engineering,Engineering Lead,Lead,Full-Time,PhD,Divorced,Cairo,17,
EMP0206,Cynthia,Santos,Female,1967-05-20,2022-12-15,Engineering,Senior Frontend Developer,Senior,Contract,Bachelor,Divorced,Jeddah,12,
EMP0207,Daniel,Castillo,Male,1967-10-15,2016-02-13,Operations,Operations Manager,Manager,Full-Time,Bachelor,Single,London,22,
EMP0208,William,Black,Female,1984-05-31,2023-09-17,Engineering,Engineering Manager,Manager,Part-Time,Bachelor,Married,Jeddah,24,
EMP0209,Ian,Hall,Female,1971-01-21,2016-01-12,Engineering,Engineering Manager,Manager,Full-Time,Bachelor,Single,Riyadh,23,
EMP0210,Melissa,Smith,Male,1981-08-29,2024-05-17,Engineering,Engineering Manager,Manager,Full-Time,Bachelor,Single,London,21,
EMP0211,Robert,Fitzgerald,Female,1999-01-02,2018-10-08,Marketing,Junior SEO Specialist,Entry Level,Full-Time,Bachelor,Married,London,2,
EMP0212,Kaitlyn,Smith,Female,1996-02-22,2021-04-02,Finance,Senior Accountant,Senior,Full-Time,Bachelor,Single,Jeddah,10,
EMP0213,Wesley,Fox,Female,1972-03-03,2026-01-03,Operations,Operations Specialist,Mid Level,Full-Time,Bachelor,Single,Jeddah,7,
EMP0214,Sarah,King,Female,1979-08-30,2011-12-10,Sales,Sales Manager,Manager,Full-Time,Bachelor,Married,London,25,
EMP0215,Jill,Shannon,Male,1981-12-26,2015-04-12,Customer Service,Customer Support Lead,Lead,Full-Time,Diploma,Divorced,London,15,
EMP0216,Michael,Ball,Male,1986-01-21,2012-10-05,HR,HR Specialist,Mid Level,Full-Time,Bachelor,Divorced,Jeddah,6,
EMP0217,Beverly,Payne,Female,1988-01-08,2024-08-27,Engineering,Data Engineer,Mid Level,Full-Time,Bachelor,Single,Jeddah,5,
EMP0218,Sarah,Ray,Male,1986-11-03,2013-02-01,Sales,Sales Manager,Manager,Full-Time,PhD,Married,Riyadh,20,
EMP0219,Kristin,Williams,Female,1968-08-26,2023-04-03,Sales,Sales Manager,Manager,Full-Time,Bachelor,Divorced,Jeddah,22,
EMP0220,Daniel,Wallace,Male,1972-10-11,2019-01-31,Engineering,Engineering Lead,Lead,Full-Time,Master,Divorced,Dubai,17,
EMP0221,Alice,Mcdonald,Male,1968-01-23,2013-08-20,Engineering,Engineering Lead,Lead,Part-Time,Bachelor,Married,Jeddah,14,
EMP0222,Darin,Lee,Female,1983-11-28,2022-05-04,Operations,Senior Operations Specialist,Senior,Full-Time,Master,Single,Jeddah,11,
EMP0223,Alexander,Ryan,Male,1988-10-10,2015-01-20,Administration,Senior Office Administrator,Senior,Full-Time,Master,Divorced,Cairo,8,
EMP0224,Rose,Smith,Female,1976-07-14,2014-01-30,Sales,Senior Sales Representative,Senior,Full-Time,Bachelor,Divorced,London,12,
EMP0225,Steven,Johnson,Female,1992-05-02,2024-08-25,Sales,Account Executive,Mid Level,Full-Time,Bachelor,Divorced,Dubai,7,
EMP0226,Jerome,Nielsen,Female,1969-02-09,2011-09-25,Operations,Senior Operations Specialist,Senior,Part-Time,Master,Married,Dubai,12,
EMP0227,Gabriella,Harrison,Male,1972-12-22,2020-03-11,Engineering,Frontend Developer,Mid Level,Full-Time,Bachelor,Single,London,4,
EMP0228,Pamela,Gomez,Male,1997-06-10,2024-03-19,Customer Service,Customer Support Specialist,Mid Level,Full-Time,Diploma,Married,Riyadh,6,
EMP0229,Kimberly,Nguyen,Female,1971-07-17,2020-11-09,Engineering,Engineering Manager,Manager,Full-Time,Diploma,Single,London,23,
EMP0230,Charles,Howell,Male,1988-02-08,2015-02-26,Engineering,Senior Software Engineer,Senior,Full-Time,Bachelor,Single,Jeddah,12,
EMP0231,Elizabeth,Warren,Female,1992-04-07,2024-04-13,Sales,Junior Sales Representative,Entry Level,Full-Time,Bachelor,Single,Riyadh,1,
EMP0232,Jason,Lewis,Female,1987-04-05,2016-06-09,Administration,Senior Office Administrator,Senior,Full-Time,Master,Married,London,12,
EMP0233,Natasha,Wallace,Male,1997-04-02,2025-07-23,Administration,Senior Office Administrator,Senior,Part-Time,Bachelor,Single,Dubai,11,
EMP0234,Tara,Holland,Male,1980-12-25,2017-08-09,Customer Service,Customer Support Lead,Lead,Full-Time,Bachelor,Single,Riyadh,13,
EMP0235,Rachel,Perry,Male,2000-08-20,2022-11-10,Engineering,Backend Developer,Mid Level,Full-Time,Diploma,Single,Dubai,3,
EMP0236,Jimmy,Thomas,Male,1987-10-03,2014-01-09,IT,IT Team Lead,Lead,Full-Time,Master,Married,Jeddah,14,
EMP0237,Brian,Sanchez,Male,2003-03-17,2014-09-29,Engineering,Junior Data Engineer,Entry Level,Full-Time,Bachelor,Single,London,2,
EMP0238,Julie,Schmidt,Male,1995-03-11,2024-04-26,Administration,Administrative Assistant,Entry Level,Contract,Bachelor,Divorced,Cairo,2,
EMP0239,Alexis,Austin,Female,1988-04-01,2019-09-18,IT,IT Manager,Manager,Full-Time,Bachelor,Married,Jeddah,20,
EMP0240,Jessica,Davenport,Male,1977-09-28,2026-03-24,Sales,Account Executive,Mid Level,Full-Time,Master,Single,Jeddah,6,
EMP0241,Paula,Jackson,Male,1992-07-12,2019-12-06,Finance,Accountant,Mid Level,Full-Time,Master,Divorced,Cairo,4,
EMP0242,Mary,Mathis,Female,1977-12-31,2025-11-04,Customer Service,Customer Success Specialist,Mid Level,Full-Time,Master,Married,Cairo,5,
EMP0243,Dakota,Horn,Male,2001-03-03,2015-06-07,Administration,Administrative Assistant,Entry Level,Contract,Bachelor,Married,Cairo,1,
EMP0244,James,Wood,Female,1986-08-12,2016-02-28,IT,System Administrator,Mid Level,Full-Time,Master,Single,Riyadh,7,
EMP0245,Christopher,Clark,Male,1978-01-26,2015-08-09,Customer Service,Customer Service Manager,Manager,Full-Time,Bachelor,Married,Jeddah,23,
EMP0246,Jasmin,Campbell,Male,2004-04-22,2017-11-03,Engineering,Junior Software Engineer,Entry Level,Full-Time,Bachelor,Single,Dubai,2,
EMP0247,Ronnie,Reid,Female,1991-12-17,2024-02-13,IT,Senior System Administrator,Senior,Full-Time,Bachelor,Divorced,Riyadh,8,
EMP0248,Chad,Carter,Male,1992-03-17,2012-10-31,Legal,Senior Legal Advisor,Senior,Part-Time,Bachelor,Single,Dubai,12,
EMP0249,Elizabeth,Silva,Female,1978-10-28,2019-01-27,Engineering,Senior Data Engineer,Senior,Full-Time,Bachelor,Single,Dubai,12,
EMP0250,Patrick,Palmer,Female,1971-04-18,2013-11-19,Engineering,Engineering Lead,Lead,Full-Time,Master,Single,Cairo,16,
EMP0251,Rebecca,Alvarez,Male,1987-03-03,2013-12-03,Engineering,Junior Backend Developer,Entry Level,Full-Time,Bachelor,Single,Riyadh,2,
EMP0252,Mark,Schultz,Male,1991-04-11,2026-02-24,IT,IT Team Lead,Lead,Full-Time,Bachelor,Divorced,Dubai,13,
EMP0253,Jason,Patrick,Male,1991-06-14,2024-11-22,Sales,Junior Sales Representative,Entry Level,Full-Time,Bachelor,Single,Riyadh,2,
EMP0254,John,Mcdonald,Female,1977-02-10,2015-01-09,Administration,Office Administrator,Mid Level,Full-Time,Master,Married,Dubai,3,
EMP0255,Christina,Scott,Male,1980-02-14,2013-09-03,Customer Service,Junior Customer Support,Entry Level,Part-Time,Bachelor,Divorced,Jeddah,1,
EMP0256,Edward,Boyer,Female,2002-10-05,2013-09-22,Sales,Sales Representative,Mid Level,Full-Time,Bachelor,Single,Dubai,4,
EMP0257,James,Moore,Female,2001-01-18,2022-06-05,Finance,Junior Accountant,Entry Level,Full-Time,Bachelor,Divorced,Dubai,2,
EMP0258,Bethany,Reed,Male,2003-04-14,2015-04-27,IT,IT Support Specialist,Mid Level,Full-Time,PhD,Divorced,Cairo,5,
EMP0259,Joanne,Harris,Female,1973-12-13,2012-05-12,Legal,Legal Lead,Lead,Contract,Master,Divorced,Dubai,15,
EMP0260,Ryan,Williamson,Female,1982-01-26,2016-06-04,Customer Service,Customer Service Manager,Manager,Full-Time,Master,Single,Riyadh,23,
EMP0261,Kristin,Lane,Male,1997-02-27,2017-04-14,Finance,Financial Analyst,Mid Level,Full-Time,Bachelor,Married,Jeddah,5,
EMP0262,Edgar,Mckenzie,Male,1968-10-25,2014-12-16,Engineering,Engineering Lead,Lead,Full-Time,Master,Divorced,Cairo,14,
EMP0263,Paige,Middleton,Male,1973-08-01,2013-07-03,IT,IT Manager,Manager,Part-Time,Master,Divorced,Dubai,21,
EMP0264,Laurie,Rios,Female,1991-02-02,2019-10-22,Engineering,Senior Data Engineer,Senior,Full-Time,Bachelor,Married,Dubai,11,
EMP0265,John,Williams,Male,1973-12-27,2023-02-24,Legal,Senior Legal Advisor,Senior,Full-Time,Bachelor,Divorced,Jeddah,9,
EMP0266,Marie,Lee,Male,1992-11-23,2020-07-05,Marketing,Content Specialist,Mid Level,Full-Time,Bachelor,Divorced,Dubai,7,
EMP0267,Kayla,Hill,Male,1990-01-28,2013-02-22,Administration,Office Administrator,Mid Level,Full-Time,Bachelor,Divorced,Dubai,3,
EMP0268,Luis,Parks,Male,1991-09-18,2014-01-26,Engineering,Backend Developer,Mid Level,Full-Time,Bachelor,Single,Jeddah,3,
EMP0269,Justin,Mccoy,Male,2002-12-30,2019-11-18,Engineering,Junior Frontend Developer,Entry Level,Full-Time,Master,Married,Riyadh,2,
EMP0270,Chad,Murray,Female,1991-08-28,2017-10-23,Marketing,Marketing Lead,Lead,Full-Time,Master,Married,London,14,
EMP0271,Jenna,Decker,Male,1997-12-30,2013-02-06,Engineering,Software Engineer,Mid Level,Full-Time,Bachelor,Divorced,Dubai,7,
EMP0272,Sharon,Arroyo,Male,1997-04-03,2024-03-06,Sales,Senior Account Executive,Senior,Part-Time,Bachelor,Married,London,8,
EMP0273,Elizabeth,Harvey,Male,1996-10-14,2025-07-14,Marketing,Junior Marketing Specialist,Entry Level,Full-Time,Bachelor,Single,Dubai,0,
EMP0274,Brittany,Holmes,Female,1968-08-14,2026-02-09,Marketing,Content Specialist,Mid Level,Full-Time,Bachelor,Single,Dubai,4,
EMP0275,Kathy,Jones,Female,1990-01-22,2011-12-21,Engineering,Senior Backend Developer,Senior,Full-Time,Master,Divorced,Riyadh,11,
EMP0276,Matthew,Smith,Female,1988-11-17,2012-05-29,HR,Recruiter,Mid Level,Full-Time,Bachelor,Single,Jeddah,5,
EMP0277,Ronald,Robinson,Female,1994-09-09,2020-05-10,Customer Service,Junior Customer Support,Entry Level,Full-Time,Bachelor,Married,Cairo,2,
EMP0278,Katrina,Sanchez,Female,1967-07-30,2013-02-26,HR,HR Manager,Manager,Part-Time,Bachelor,Divorced,Cairo,21,
EMP0279,Matthew,Allen,Male,1967-02-26,2016-08-17,HR,HR Lead,Lead,Full-Time,Diploma,Single,Riyadh,15,
EMP0280,John,Benjamin,Male,1968-10-15,2020-07-26,IT,IT Manager,Manager,Full-Time,Master,Divorced,Riyadh,24,
EMP0281,Nicholas,Hicks,Male,1977-03-30,2014-02-13,Engineering,Junior Frontend Developer,Entry Level,Full-Time,Master,Divorced,Cairo,2,
EMP0282,Rachel,Bailey,Female,1966-08-29,2019-08-26,Customer Service,Customer Support Lead,Lead,Full-Time,Bachelor,Single,Riyadh,13,
EMP0283,Judith,Juarez,Female,1994-08-09,2025-12-10,IT,IT Support Specialist,Mid Level,Full-Time,Bachelor,Single,Riyadh,7,
EMP0284,Michael,King,Male,1996-05-26,2020-04-24,Engineering,Junior Software Engineer,Entry Level,Part-Time,PhD,Single,Jeddah,1,
EMP0285,Kimberly,Mcneil,Male,1991-09-30,2019-05-20,Engineering,Senior Backend Developer,Senior,Full-Time,Bachelor,Married,Riyadh,8,
EMP0286,Tracey,Barnes,Male,1996-05-16,2018-08-25,Marketing,Senior SEO Specialist,Senior,Full-Time,Bachelor,Married,London,11,
EMP0287,Gary,Medina,Female,2003-12-06,2018-08-07,Engineering,Software Engineer,Mid Level,Full-Time,Bachelor,Married,Cairo,5,
EMP0288,Joseph,Kim,Female,2000-11-20,2025-02-08,IT,Junior IT Support,Entry Level,Full-Time,Bachelor,Married,Cairo,0,
EMP0289,Michael,Mccall,Male,2000-11-24,2017-12-21,Engineering,Data Engineer,Mid Level,Full-Time,Master,Married,Cairo,6,
EMP0290,Jason,Williams,Male,1982-08-17,2012-10-25,IT,IT Manager,Manager,Full-Time,Bachelor,Married,London,23,
EMP0291,Brandy,Crane,Female,1973-07-04,2015-02-17,Administration,Senior Office Administrator,Senior,Contract,Master,Divorced,Dubai,9,
EMP0292,Michael,Cooley,Female,1985-10-14,2012-03-14,HR,HR Manager,Manager,Full-Time,Master,Single,Jeddah,21,
EMP0293,Charles,Gutierrez,Female,1991-06-02,2013-05-19,Engineering,Data Engineer,Mid Level,Full-Time,Bachelor,Single,Cairo,6,
EMP0294,Nicole,Mercado,Female,2001-05-18,2016-06-03,Engineering,Software Engineer,Mid Level,Full-Time,Bachelor,Divorced,Riyadh,3,
EMP0295,Dawn,Roberts,Male,1999-08-30,2016-08-31,Engineering,Software Engineer,Mid Level,Full-Time,Bachelor,Married,Jeddah,5,
EMP0296,Madison,Butler,Male,1993-09-20,2022-03-19,Sales,Junior Sales Representative,Entry Level,Full-Time,Bachelor,Married,Cairo,1,
EMP0297,Timothy,Gardner,Male,1990-03-09,2019-03-16,Operations,Senior Operations Specialist,Senior,Full-Time,Master,Married,London,11,
EMP0298,Megan,Jarvis,Male,1987-12-06,2024-03-24,Engineering,Engineering Lead,Lead,Full-Time,Bachelor,Divorced,London,15,
EMP0299,Margaret,Weber,Female,1993-08-04,2017-07-05,Marketing,Marketing Lead,Lead,Full-Time,Bachelor,Married,Cairo,15,
EMP0300,Christopher,Norris,Male,1975-10-07,2022-09-15,IT,Junior Network Engineer,Entry Level,Full-Time,Master,Single,Cairo,1,
EMP0301,Tyler,Johnson,Female,1993-09-10,2016-03-14,IT,Senior System Administrator,Senior,Full-Time,Bachelor,Single,Cairo,11,
EMP0302,Jill,Wilson,Male,1995-04-21,2026-01-18,Finance,Senior Financial Analyst,Senior,Full-Time,Diploma,Single,London,9,
EMP0303,Aimee,Fletcher,Male,2001-05-17,2016-08-04,HR,HR Specialist,Mid Level,Full-Time,Bachelor,Married,Dubai,3,
EMP0304,Patrick,Williams,Male,1991-09-01,2017-03-29,Marketing,Content Specialist,Mid Level,Full-Time,Bachelor,Married,Riyadh,4,
EMP0305,Susan,Ford,Male,1988-11-27,2020-12-01,Marketing,Senior Marketing Specialist,Senior,Full-Time,Master,Single,Dubai,10,
EMP0306,Joyce,Cross,Female,1982-12-16,2024-12-02,IT,IT Team Lead,Lead,Full-Time,Bachelor,Single,Cairo,15,
EMP0307,Natalie,Morris,Female,1971-09-05,2014-05-03,Engineering,Engineering Manager,Manager,Full-Time,Master,Married,Cairo,25,
EMP0308,Rachel,Johnson,Male,1999-10-01,2020-07-17,IT,Junior System Administrator,Entry Level,Full-Time,Master,Single,Jeddah,2,
EMP0309,Karen,Underwood,Female,1988-04-12,2025-09-16,Engineering,Data Engineer,Mid Level,Full-Time,Bachelor,Divorced,Cairo,4,
EMP0310,Alexandra,Carlson,Female,1999-04-18,2020-08-01,Customer Service,Customer Support Specialist,Mid Level,Full-Time,Master,Married,Jeddah,5,
EMP0311,Aaron,White,Male,1975-01-23,2022-09-09,Customer Service,Senior Customer Support Specialist,Senior,Full-Time,Master,Married,London,8,
EMP0312,Kathleen,Kelly,Male,1979-10-13,2012-12-09,IT,Junior IT Support,Entry Level,Full-Time,Master,Married,Riyadh,0,
EMP0313,Charles,Mcmillan,Female,2004-05-18,2012-10-10,Engineering,Software Engineer,Mid Level,Full-Time,Bachelor,Divorced,Jeddah,4,
EMP0314,Stacey,Carr,Male,1987-09-23,2019-09-15,Legal,Senior Legal Advisor,Senior,Full-Time,Master,Married,Cairo,10,
EMP0315,Kimberly,Lane,Female,1985-04-19,2013-09-19,Marketing,Marketing Lead,Lead,Full-Time,Master,Single,Dubai,16,
EMP0316,Amanda,Maxwell,Male,1975-01-17,2023-12-07,Sales,Sales Team Lead,Lead,Full-Time,Master,Divorced,Jeddah,16,
EMP0317,Randy,Buckley,Male,1990-05-03,2012-12-31,Marketing,Junior Marketing Specialist,Entry Level,Part-Time,Bachelor,Married,Dubai,1,
EMP0318,Ethan,Woods,Male,1969-10-11,2019-08-22,Engineering,Engineering Manager,Manager,Full-Time,Master,Single,Jeddah,23,
EMP0319,Molly,Swanson,Male,1978-04-04,2021-06-02,Sales,Sales Manager,Manager,Full-Time,Master,Married,London,21,
EMP0320,Isaac,Anderson,Female,1980-06-02,2017-11-03,IT,IT Team Lead,Lead,Part-Time,Bachelor,Married,Jeddah,14,
EMP0321,Elizabeth,Gibbs,Male,1995-07-10,2020-06-26,Engineering,Backend Developer,Mid Level,Full-Time,Bachelor,Single,Dubai,4,
EMP0322,Joseph,Patrick,Male,1983-08-31,2012-03-18,Engineering,Engineering Lead,Lead,Full-Time,Bachelor,Married,Jeddah,14,
EMP0323,Sherry,Tucker,Female,1999-05-15,2025-05-21,Finance,Financial Analyst,Mid Level,Full-Time,Bachelor,Single,Jeddah,5,
EMP0324,Kristen,Fischer,Male,1983-01-03,2013-03-15,HR,Junior HR Specialist,Entry Level,Full-Time,Bachelor,Divorced,Jeddah,0,
EMP0325,Matthew,Lozano,Female,1976-11-07,2014-07-24,Finance,Financial Analyst,Mid Level,Contract,Bachelor,Single,Cairo,7,
EMP0326,Judy,Thomas,Female,1982-12-27,2025-04-27,HR,HR Specialist,Mid Level,Full-Time,Bachelor,Married,Riyadh,4,
EMP0327,Christopher,Lee,Female,1969-01-11,2024-12-16,Customer Service,Senior Customer Success Specialist,Senior,Contract,Master,Divorced,Cairo,9,
EMP0328,Kathleen,Serrano,Female,1992-08-06,2024-10-05,Engineering,Junior Software Engineer,Entry Level,Full-Time,Bachelor,Married,London,2,
EMP0329,Deanna,Smith,Male,1995-04-03,2020-01-09,Administration,Office Administrator,Mid Level,Full-Time,Master,Single,Jeddah,6,
EMP0330,Alexandra,Orozco,Female,1981-10-12,2013-01-23,Operations,Operations Specialist,Mid Level,Full-Time,Bachelor,Married,Cairo,5,
EMP0331,Robin,Johnson,Male,1995-12-30,2024-04-02,Marketing,Junior SEO Specialist,Entry Level,Full-Time,Bachelor,Married,Jeddah,1,
EMP0332,Daniel,Cole,Male,2002-02-21,2021-03-13,Engineering,Frontend Developer,Mid Level,Full-Time,Bachelor,Single,Cairo,6,
EMP0333,Brooke,Avila,Male,1981-03-14,2022-06-09,Marketing,Marketing Specialist,Mid Level,Full-Time,Diploma,Divorced,London,6,
EMP0334,Elizabeth,Ward,Female,1971-06-24,2021-05-18,Sales,Junior Sales Representative,Entry Level,Full-Time,Master,Divorced,Cairo,1,
EMP0335,Jade,Mccarthy,Male,1998-10-24,2021-07-31,Engineering,Backend Developer,Mid Level,Part-Time,Bachelor,Divorced,Riyadh,5,
EMP0336,Richard,Durham,Female,1994-10-08,2025-07-20,Engineering,Junior Backend Developer,Entry Level,Full-Time,Bachelor,Single,Jeddah,0,
EMP0337,Stephanie,Barrett,Male,1993-10-21,2025-10-22,Customer Service,Junior Customer Support,Entry Level,Full-Time,Bachelor,Married,Dubai,2,
EMP0338,Sheila,Terry,Female,1998-06-23,2022-11-19,Engineering,Backend Developer,Mid Level,Full-Time,Bachelor,Married,Riyadh,3,
EMP0339,Laurie,Gardner,Female,1980-05-02,2011-11-12,IT,IT Team Lead,Lead,Full-Time,Bachelor,Married,London,14,
EMP0340,Nicholas,Green,Male,1980-11-17,2017-04-17,Finance,Finance Manager,Manager,Part-Time,Bachelor,Divorced,London,21,
EMP0341,Michelle,Gardner,Female,1998-10-25,2025-09-03,Engineering,Data Engineer,Mid Level,Full-Time,Bachelor,Married,London,6,
EMP0342,Michael,Morgan,Female,1982-01-28,2020-10-16,Marketing,Junior SEO Specialist,Entry Level,Full-Time,Bachelor,Married,Jeddah,1,
EMP0343,Ernest,Anderson,Male,2001-04-12,2014-04-22,Sales,Account Executive,Mid Level,Full-Time,Bachelor,Divorced,Dubai,5,
EMP0344,Christopher,Berry,Male,1972-11-17,2023-05-28,Operations,Operations Manager,Manager,Full-Time,Bachelor,Married,Dubai,22,
EMP0345,Jennifer,Ortiz,Female,2003-05-17,2024-09-03,Finance,Junior Accountant,Entry Level,Full-Time,Master,Single,Riyadh,1,
EMP0346,Nathan,Davies,Male,1995-11-24,2021-10-22,Customer Service,Junior Customer Support,Entry Level,Part-Time,Bachelor,Married,Riyadh,2,
EMP0347,Sara,Cooke,Female,2002-03-07,2017-09-16,Marketing,Junior SEO Specialist,Entry Level,Full-Time,Bachelor,Single,Jeddah,1,
EMP0348,Monica,Jenkins,Male,1993-04-03,2011-08-03,Engineering,Senior Data Engineer,Senior,Full-Time,Master,Married,Cairo,11,
EMP0349,John,Hoffman,Female,1983-09-19,2025-01-15,Administration,Administration Lead,Lead,Contract,Bachelor,Married,London,14,
EMP0350,Karen,Spencer,Male,1993-10-27,2023-08-04,Engineering,Frontend Developer,Mid Level,Full-Time,Bachelor,Married,Riyadh,4,
EMP0351,Chad,Larsen,Male,1967-09-28,2017-03-31,Sales,Senior Sales Representative,Senior,Full-Time,Bachelor,Single,Riyadh,10,
EMP0352,Gary,Velasquez,Male,1995-05-20,2024-05-02,Finance,Junior Accountant,Entry Level,Full-Time,Bachelor,Single,Jeddah,0,
EMP0353,Jillian,Weber,Female,1973-06-23,2012-01-04,HR,HR Lead,Lead,Contract,Bachelor,Married,Dubai,18,
EMP0354,Kimberly,Banks,Female,1992-05-24,2018-05-23,Sales,Sales Team Lead,Lead,Full-Time,Master,Divorced,Jeddah,15,
EMP0355,Andrew,Bauer,Male,1976-09-21,2018-11-16,Sales,Senior Account Executive,Senior,Full-Time,Bachelor,Divorced,London,8,
EMP0356,Lance,Williams,Female,1990-03-18,2026-05-23,Engineering,Tech Lead,Lead,Full-Time,Bachelor,Married,Dubai,14,
EMP0357,Anne,Frederick,Female,1985-04-14,2011-12-18,Legal,Junior Legal Advisor,Entry Level,Full-Time,Bachelor,Single,Cairo,0,
EMP0358,Angela,Chavez,Female,1992-07-19,2015-04-17,Engineering,Backend Developer,Mid Level,Full-Time,Bachelor,Single,Dubai,3,
EMP0359,Lisa,Ellis,Male,1989-03-06,2021-02-03,Customer Service,Customer Success Specialist,Mid Level,Part-Time,Master,Married,Dubai,7,
EMP0360,Tiffany,Gibson,Female,1986-11-24,2013-01-25,IT,Senior System Administrator,Senior,Full-Time,Bachelor,Married,Jeddah,8,
EMP0361,Brian,Schultz,Male,1980-03-24,2025-05-22,Customer Service,Customer Service Manager,Manager,Full-Time,Master,Married,Jeddah,24,
EMP0362,Lauren,Mcdowell,Male,1989-12-02,2014-04-12,Engineering,Senior Backend Developer,Senior,Full-Time,Bachelor,Married,London,9,
EMP0363,Adam,Olson,Female,1970-08-22,2022-03-01,Legal,Legal Lead,Lead,Contract,Bachelor,Divorced,Jeddah,17,
EMP0364,Stacy,Taylor,Male,1977-12-14,2023-03-22,Sales,Sales Manager,Manager,Part-Time,Diploma,Married,Riyadh,20,
EMP0365,Jason,Craig,Female,1990-07-14,2023-04-05,IT,Junior Network Engineer,Entry Level,Contract,Bachelor,Married,London,1,
EMP0366,Logan,Weeks,Female,2000-10-06,2015-04-07,IT,Senior System Administrator,Senior,Full-Time,Bachelor,Married,Riyadh,8,
EMP0367,Sabrina,Chase,Male,1981-12-26,2015-10-07,Operations,Senior Operations Specialist,Senior,Part-Time,Master,Single,Dubai,11,
EMP0368,Michael,Alvarez,Female,1990-08-06,2023-01-24,HR,Junior HR Specialist,Entry Level,Full-Time,Bachelor,Single,Cairo,0,
EMP0369,Sara,Hahn,Female,1981-02-17,2024-04-26,IT,Senior System Administrator,Senior,Full-Time,Bachelor,Divorced,Riyadh,8,
EMP0370,Jason,Hodge,Female,2001-11-27,2018-06-20,Marketing,Marketing Specialist,Mid Level,Contract,Bachelor,Single,Dubai,3,
EMP0371,Thomas,Parker,Female,1993-11-27,2017-07-28,IT,Junior Network Engineer,Entry Level,Full-Time,PhD,Single,Cairo,2,
EMP0372,David,Key,Female,1991-10-25,2017-07-17,Engineering,Junior Backend Developer,Entry Level,Full-Time,Diploma,Divorced,Riyadh,1,
EMP0373,Elizabeth,Thornton,Male,2002-07-26,2013-03-27,Engineering,Junior Software Engineer,Entry Level,Full-Time,Bachelor,Single,Cairo,2,
EMP0374,Michael,Doyle,Male,1988-07-29,2017-01-19,Administration,Senior Office Administrator,Senior,Full-Time,Bachelor,Single,Riyadh,9,
EMP0375,Craig,Alexander,Male,1970-11-01,2012-02-24,IT,Network Engineer,Mid Level,Full-Time,Diploma,Divorced,Riyadh,3,
EMP0376,Stephen,Fritz,Male,1968-10-20,2018-02-15,Sales,Junior Sales Representative,Entry Level,Full-Time,Bachelor,Married,Dubai,0,
EMP0377,Derek,Miller,Female,1983-06-22,2019-07-24,IT,IT Manager,Manager,Full-Time,Bachelor,Single,London,25,
EMP0378,Whitney,Hernandez,Female,1998-09-27,2025-02-02,Finance,Junior Accountant,Entry Level,Full-Time,Master,Married,London,2,
EMP0379,Meagan,Espinoza,Female,1989-04-01,2022-10-21,Engineering,Senior Software Engineer,Senior,Full-Time,Bachelor,Single,Cairo,8,
EMP0380,Michael,Collins,Female,1968-09-22,2012-04-09,Customer Service,Senior Customer Success Specialist,Senior,Part-Time,Bachelor,Single,Riyadh,12,
EMP0381,Daniel,Payne,Male,1974-08-24,2019-06-25,IT,Network Engineer,Mid Level,Full-Time,Bachelor,Single,Cairo,3,
EMP0382,Lance,Johnson,Male,1988-05-15,2019-04-23,Customer Service,Customer Support Lead,Lead,Full-Time,Bachelor,Divorced,Jeddah,15,
EMP0383,Danielle,Oneal,Male,2000-10-23,2025-09-19,IT,Junior System Administrator,Entry Level,Full-Time,Bachelor,Single,London,2,
EMP0384,Benjamin,Garner,Male,1990-10-24,2023-06-08,Engineering,Senior Backend Developer,Senior,Full-Time,Bachelor,Single,Jeddah,10,
EMP0385,Wesley,Patterson,Male,1986-02-01,2024-05-25,Customer Service,Senior Customer Success Specialist,Senior,Full-Time,Bachelor,Married,London,9,
EMP0386,Andrew,Rodriguez,Male,1997-07-03,2016-04-02,Engineering,Junior Backend Developer,Entry Level,Full-Time,Bachelor,Single,Riyadh,2,
EMP0387,Erica,Cooper,Male,1970-02-09,2024-08-13,Customer Service,Customer Support Specialist,Mid Level,Part-Time,Master,Married,London,4,
EMP0388,Frank,Glass,Female,1994-03-25,2019-11-27,Operations,Operations Specialist,Mid Level,Full-Time,Diploma,Married,Riyadh,4,
EMP0389,Donald,Davis,Male,2003-02-25,2014-07-02,HR,HR Specialist,Mid Level,Full-Time,Bachelor,Married,London,3,
EMP0390,Benjamin,Crawford,Female,1995-03-12,2018-06-16,Legal,Senior Legal Advisor,Senior,Full-Time,Bachelor,Married,Riyadh,8,
EMP0391,Jennifer,Vargas,Female,1966-09-14,2025-06-20,Customer Service,Customer Service Manager,Manager,Full-Time,PhD,Married,Dubai,20,
EMP0392,Melvin,Morton,Male,2003-05-02,2014-04-01,Engineering,Software Engineer,Mid Level,Full-Time,Bachelor,Single,Riyadh,5,
EMP0393,Toni,Meyer,Female,1980-12-07,2022-07-03,Engineering,Senior Frontend Developer,Senior,Full-Time,Bachelor,Married,Dubai,11,
EMP0394,Reginald,Berry,Female,1993-12-27,2018-03-18,IT,IT Team Lead,Lead,Full-Time,Bachelor,Divorced,Dubai,13,
EMP0395,Barbara,Brown,Male,1977-06-24,2026-05-03,Operations,Operations Specialist,Mid Level,Full-Time,Master,Divorced,Riyadh,6,
EMP0396,Kimberly,Williams,Male,1979-02-01,2019-09-22,Sales,Sales Manager,Manager,Part-Time,Bachelor,Married,Riyadh,19,
EMP0397,Richard,Hamilton,Male,2003-01-08,2013-09-01,Engineering,Junior Frontend Developer,Entry Level,Full-Time,Bachelor,Married,Jeddah,2,
EMP0398,Christopher,Johnson,Female,1988-09-18,2022-03-04,Operations,Operations Lead,Lead,Full-Time,Bachelor,Single,London,14,
EMP0399,Michelle,Torres,Male,2001-07-23,2014-02-07,Engineering,Junior Data Engineer,Entry Level,Full-Time,Diploma,Single,Riyadh,1,
EMP0400,Richard,Holt,Male,2001-10-02,2020-09-30,Finance,Junior Accountant,Entry Level,Full-Time,Bachelor,Single,Riyadh,0,
EMP0401,Sheila,Sparks,Female,1993-09-17,2021-06-29,Engineering,Backend Developer,Mid Level,Full-Time,Bachelor,Married,Cairo,7,
EMP0402,Lee,Terrell,Female,1972-10-15,2021-06-06,Engineering,Junior Frontend Developer,Entry Level,Full-Time,Bachelor,Divorced,Cairo,0,
EMP0403,Jason,Graves,Male,1977-03-29,2020-08-25,Administration,Administration Lead,Lead,Part-Time,Master,Married,Jeddah,17,
EMP0404,Patricia,Marshall,Male,2003-04-28,2019-07-28,IT,Junior System Administrator,Entry Level,Full-Time,Bachelor,Divorced,Riyadh,2,
EMP0405,Olivia,Leon,Male,1971-10-31,2011-07-30,Finance,Accountant,Mid Level,Full-Time,Master,Married,Jeddah,3,
EMP0406,Amber,Garcia,Male,1969-01-02,2013-06-25,Engineering,Software Engineer,Mid Level,Full-Time,Bachelor,Divorced,Jeddah,7,
EMP0407,Brendan,Graves,Male,1986-03-14,2024-06-26,Engineering,Engineering Manager,Manager,Full-Time,Bachelor,Divorced,Jeddah,21,
EMP0408,Anna,Nelson,Male,1968-12-05,2014-07-11,Customer Service,Customer Support Lead,Lead,Part-Time,Bachelor,Married,London,18,
EMP0409,Christian,Henderson,Male,2000-07-03,2012-05-31,Marketing,SEO Specialist,Mid Level,Full-Time,Bachelor,Divorced,London,7,
EMP0410,Adam,Nguyen,Male,1979-07-06,2013-10-25,Engineering,Data Engineer,Mid Level,Full-Time,Master,Divorced,Riyadh,6,
EMP0411,David,Wallace,Female,1997-09-18,2016-11-16,Engineering,Senior Backend Developer,Senior,Full-Time,Bachelor,Divorced,London,11,
EMP0412,Tina,Meyer,Male,1975-12-03,2023-12-05,Marketing,Marketing Specialist,Mid Level,Full-Time,Bachelor,Divorced,Cairo,5,
EMP0413,Jose,Freeman,Female,1977-10-31,2012-09-25,Engineering,Software Engineer,Mid Level,Full-Time,Master,Divorced,Riyadh,4,
EMP0414,Marie,Mitchell,Male,1968-07-14,2022-02-01,Finance,Finance Manager,Manager,Full-Time,Bachelor,Married,London,22,
EMP0415,Ian,Ford,Female,1987-11-10,2012-01-20,Finance,Senior Accountant,Senior,Full-Time,Diploma,Divorced,Riyadh,11,
EMP0416,Amy,Allen,Male,1983-10-11,2021-03-02,Engineering,Engineering Manager,Manager,Full-Time,Bachelor,Single,London,25,
EMP0417,Desiree,Holmes,Female,1970-04-12,2017-12-21,Marketing,Marketing Manager,Manager,Full-Time,Bachelor,Married,Cairo,21,
EMP0418,Ryan,Hawkins,Male,1975-01-25,2023-12-22,Operations,Operations Specialist,Mid Level,Full-Time,Bachelor,Single,Dubai,7,
EMP0419,Carlos,Fisher,Female,1987-06-12,2020-01-10,Engineering,Senior Frontend Developer,Senior,Full-Time,Bachelor,Married,Jeddah,12,
EMP0420,Joseph,Butler,Female,1998-11-27,2025-12-20,Administration,Office Administrator,Mid Level,Full-Time,Master,Single,Dubai,7,
EMP0421,Cynthia,Shelton,Male,1998-08-19,2024-01-24,Engineering,Backend Developer,Mid Level,Full-Time,Master,Single,Cairo,3,
EMP0422,Virginia,Perry,Male,1992-12-18,2015-05-27,Customer Service,Senior Customer Success Specialist,Senior,Full-Time,Diploma,Single,Riyadh,8,
EMP0423,Jean,Carey,Female,1980-07-11,2011-08-21,Engineering,Junior Data Engineer,Entry Level,Full-Time,Master,Single,Riyadh,1,
EMP0424,Jeff,Jackson,Female,1985-06-28,2020-04-03,Sales,Sales Manager,Manager,Full-Time,Bachelor,Single,London,20,
EMP0425,Timothy,Woodard,Female,1984-03-13,2011-12-06,Sales,Sales Representative,Mid Level,Full-Time,Bachelor,Divorced,Dubai,6,
EMP0426,Katie,Gilmore,Male,1987-04-20,2013-06-28,Administration,Administration Manager,Manager,Full-Time,Bachelor,Married,Dubai,19,
EMP0427,Kara,Bishop,Male,1984-09-26,2024-07-22,Marketing,Marketing Lead,Lead,Full-Time,Bachelor,Married,London,18,
EMP0428,Taylor,Barry,Male,1986-02-05,2024-09-06,IT,IT Support Specialist,Mid Level,Part-Time,Diploma,Married,Jeddah,3,
EMP0429,Edwin,Holland,Male,2000-01-23,2017-04-17,Engineering,Backend Developer,Mid Level,Full-Time,Bachelor,Single,Cairo,6,
EMP0430,Karina,Cohen,Male,1972-02-05,2018-01-09,Sales,Sales Team Lead,Lead,Full-Time,Master,Single,London,17,
EMP0431,Danny,Johnson,Male,1993-04-08,2026-07-01,Customer Service,Customer Support Lead,Lead,Full-Time,Bachelor,Single,London,15,
EMP0432,Anna,Martinez,Male,1989-09-15,2023-11-10,Engineering,Engineering Lead,Lead,Full-Time,Bachelor,Married,Cairo,15,
EMP0433,Victor,Jackson,Male,1995-04-14,2022-08-12,IT,Senior Network Engineer,Senior,Full-Time,Bachelor,Married,Dubai,9,
EMP0434,Amanda,Harrison,Female,1994-02-16,2020-09-04,Engineering,Frontend Developer,Mid Level,Full-Time,Bachelor,Married,Riyadh,7,
EMP0435,Stephen,Lewis,Male,1983-10-05,2016-01-04,Engineering,Backend Developer,Mid Level,Part-Time,Master,Divorced,Riyadh,4,
EMP0436,John,Mccoy,Male,1977-01-31,2016-12-28,Finance,Junior Accountant,Entry Level,Full-Time,Bachelor,Married,Jeddah,2,
EMP0437,Margaret,Lopez,Male,2002-11-18,2022-10-03,HR,Junior HR Specialist,Entry Level,Full-Time,Diploma,Divorced,Jeddah,1,
EMP0438,Timothy,Adams,Female,1972-11-04,2020-09-20,Engineering,Junior Backend Developer,Entry Level,Full-Time,Master,Divorced,Dubai,0,
EMP0439,Virginia,Miller,Male,1983-07-30,2022-09-14,Engineering,Backend Developer,Mid Level,Full-Time,Bachelor,Single,Riyadh,7,
EMP0440,Todd,Wilson,Female,1971-06-29,2021-01-05,IT,IT Team Lead,Lead,Full-Time,Diploma,Single,London,14,
EMP0441,Richard,White,Male,1999-12-14,2014-07-15,Marketing,SEO Specialist,Mid Level,Part-Time,Bachelor,Single,Cairo,5,
EMP0442,Heather,Richardson,Male,1989-01-17,2025-04-05,IT,Senior System Administrator,Senior,Full-Time,PhD,Single,Jeddah,8,
EMP0443,David,Howell,Female,1979-04-04,2018-11-26,Administration,Administration Manager,Manager,Full-Time,Master,Married,Cairo,21,
EMP0444,Kathleen,Cochran,Female,1994-03-03,2024-02-07,IT,Senior Network Engineer,Senior,Full-Time,Diploma,Divorced,London,9,
EMP0445,Christopher,Brown,Male,1995-09-05,2013-11-13,Finance,Senior Financial Analyst,Senior,Full-Time,Bachelor,Married,London,9,
EMP0446,Timothy,Kim,Female,1974-11-03,2025-08-10,Customer Service,Customer Support Lead,Lead,Full-Time,Bachelor,Single,Cairo,13,
EMP0447,Heather,Morris,Female,1983-06-04,2013-09-18,Engineering,Engineering Lead,Lead,Part-Time,Master,Married,Jeddah,13,
EMP0448,Angela,Simmons,Male,2000-12-12,2024-05-19,IT,System Administrator,Mid Level,Full-Time,Bachelor,Married,Cairo,5,
EMP0449,Melissa,Wilkinson,Male,1970-11-20,2025-01-07,Marketing,Marketing Manager,Manager,Part-Time,Bachelor,Divorced,Jeddah,23,
EMP0450,Nathan,Clark,Male,1967-05-31,2018-02-01,Sales,Senior Sales Representative,Senior,Full-Time,Master,Married,Jeddah,10,
EMP0451,Rebecca,Blevins,Male,1970-10-29,2016-10-23,Engineering,Engineering Manager,Manager,Full-Time,Bachelor,Married,London,24,
EMP0452,Nicholas,Flores,Female,1972-07-01,2014-01-21,Operations,Operations Lead,Lead,Full-Time,Master,Divorced,Riyadh,13,
EMP0453,Christopher,Thompson,Female,1966-12-04,2026-05-13,IT,Senior System Administrator,Senior,Full-Time,Bachelor,Single,Jeddah,8,
EMP0454,Matthew,Sampson,Female,1979-12-28,2017-01-29,Customer Service,Customer Support Lead,Lead,Full-Time,Diploma,Divorced,Cairo,15,
EMP0455,Michelle,Ellis,Female,1982-06-27,2017-10-06,HR,Recruiter,Mid Level,Part-Time,Diploma,Married,London,5,
EMP0456,Ryan,Morrison,Female,1983-05-11,2019-02-02,Engineering,Tech Lead,Lead,Full-Time,Bachelor,Married,Jeddah,17,
EMP0457,Donald,Adams,Male,2003-07-29,2026-01-27,IT,Network Engineer,Mid Level,Full-Time,Bachelor,Married,Cairo,5,
EMP0458,Crystal,Walls,Female,1971-05-19,2021-07-22,Finance,Senior Financial Analyst,Senior,Full-Time,Bachelor,Divorced,Jeddah,8,
EMP0459,Eric,Brown,Male,1984-07-05,2024-10-11,Marketing,SEO Specialist,Mid Level,Full-Time,Bachelor,Single,Riyadh,3,
EMP0460,Jennifer,Marshall,Male,1992-05-05,2026-07-07,Sales,Sales Team Lead,Lead,Full-Time,Diploma,Divorced,Riyadh,13,
EMP0461,Rebecca,Bell,Male,1998-09-17,2015-09-17,Sales,Sales Representative,Mid Level,Full-Time,Master,Married,London,3,
EMP0462,Stacy,Brown,Male,1989-11-12,2013-12-21,IT,Senior Network Engineer,Senior,Full-Time,Bachelor,Married,Dubai,11,
EMP0463,Ernest,Cline,Male,1984-10-12,2013-09-10,Marketing,Junior Marketing Specialist,Entry Level,Full-Time,Bachelor,Divorced,London,2,
EMP0464,Kimberly,Ware,Female,1986-11-08,2014-01-08,Engineering,Backend Developer,Mid Level,Part-Time,Bachelor,Divorced,Riyadh,3,
EMP0465,Melissa,Davis,Female,1998-10-04,2016-11-06,Engineering,Senior Backend Developer,Senior,Full-Time,Bachelor,Married,Riyadh,9,
EMP0466,Rebecca,Blackwell,Male,2002-09-17,2014-06-29,Engineering,Backend Developer,Mid Level,Full-Time,Bachelor,Single,Dubai,3,
EMP0467,Rita,Estrada,Female,1971-02-02,2013-02-04,Engineering,Tech Lead,Lead,Part-Time,Master,Divorced,Cairo,15,
EMP0468,Kelly,Clark,Male,1993-05-25,2022-02-13,Engineering,Senior Data Engineer,Senior,Full-Time,Diploma,Single,London,9,
EMP0469,Nicholas,Walker,Female,1981-09-21,2022-12-04,IT,IT Manager,Manager,Full-Time,PhD,Divorced,Dubai,23,
EMP0470,John,Webb,Male,1971-02-08,2018-05-14,HR,Senior Recruiter,Senior,Full-Time,Bachelor,Single,Dubai,8,
EMP0471,Molly,Snyder,Female,1975-12-17,2024-01-24,Sales,Senior Account Executive,Senior,Full-Time,Bachelor,Married,London,8,
EMP0472,Karen,Proctor,Female,1988-09-24,2016-09-15,Engineering,Senior Data Engineer,Senior,Contract,Bachelor,Divorced,London,9,
EMP0473,Lauren,Morrow,Female,1976-01-07,2012-11-06,Engineering,Engineering Lead,Lead,Full-Time,Bachelor,Single,Dubai,16,
EMP0474,Gabriel,Mann,Male,2002-11-18,2013-10-09,Customer Service,Customer Success Specialist,Mid Level,Full-Time,Master,Divorced,Riyadh,6,
EMP0475,Sandra,Martinez,Male,2003-05-04,2020-09-25,Engineering,Data Engineer,Mid Level,Full-Time,Bachelor,Divorced,Jeddah,3,
EMP0476,Erica,Golden,Male,1975-05-25,2025-11-06,Operations,Operations Specialist,Mid Level,Full-Time,Bachelor,Single,Dubai,5,
EMP0477,Brianna,Lee,Male,1977-11-23,2021-07-23,Engineering,Engineering Manager,Manager,Full-Time,Master,Divorced,Riyadh,24,
EMP0478,Diane,Davidson,Male,1980-08-15,2024-10-28,Sales,Sales Manager,Manager,Full-Time,Bachelor,Divorced,London,19,
EMP0479,Paul,Campbell,Male,1990-10-03,2014-11-02,Sales,Senior Sales Representative,Senior,Full-Time,Bachelor,Divorced,London,10,
EMP0480,Jeremy,Nixon,Male,1981-03-11,2015-09-20,Engineering,Tech Lead,Lead,Full-Time,Bachelor,Single,Riyadh,16,
EMP0481,Scott,Hernandez,Female,2004-01-19,2019-03-23,Customer Service,Junior Customer Support,Entry Level,Full-Time,Master,Single,Riyadh,1,
EMP0482,Tyler,Maxwell,Male,1990-11-10,2021-12-01,Sales,Sales Team Lead,Lead,Full-Time,Master,Single,Dubai,13,
EMP0483,Charles,Ferguson,Male,1966-12-23,2017-04-24,IT,IT Team Lead,Lead,Full-Time,Bachelor,Divorced,London,14,
EMP0484,Edward,Mclean,Male,1975-11-12,2012-05-27,Engineering,Engineering Lead,Lead,Full-Time,Bachelor,Divorced,Jeddah,17,
EMP0485,Christopher,Valenzuela,Male,1976-04-29,2013-11-03,HR,HR Lead,Lead,Full-Time,Diploma,Single,Riyadh,18,
EMP0486,Sara,Miller,Male,1973-10-25,2022-02-27,Engineering,Junior Data Engineer,Entry Level,Full-Time,Bachelor,Divorced,London,1,
EMP0487,Anthony,Gardner,Male,1991-08-25,2016-08-26,Administration,Administration Lead,Lead,Full-Time,Bachelor,Single,London,17,
EMP0488,Christine,Gomez,Female,1997-12-26,2023-01-15,Finance,Senior Accountant,Senior,Full-Time,Bachelor,Married,Riyadh,8,
EMP0489,Nancy,Burke,Male,1979-11-01,2014-06-23,Marketing,Marketing Lead,Lead,Full-Time,Bachelor,Single,London,17,
EMP0490,Eric,Fleming,Male,1983-06-01,2019-05-29,Engineering,Engineering Manager,Manager,Full-Time,Diploma,Single,Jeddah,19,
EMP0491,Renee,Ritter,Female,2000-06-05,2024-05-18,Sales,Junior Sales Representative,Entry Level,Full-Time,Master,Divorced,Dubai,1,
EMP0492,Jason,Brennan,Male,1993-11-02,2020-07-08,Engineering,Backend Developer,Mid Level,Part-Time,Bachelor,Divorced,Cairo,5,
EMP0493,Joseph,Carroll,Male,1991-11-06,2025-04-22,Sales,Sales Team Lead,Lead,Full-Time,Bachelor,Divorced,London,14,
EMP0494,Douglas,Dunlap,Female,1969-08-23,2021-02-19,Operations,Operations Lead,Lead,Full-Time,Master,Single,Dubai,14,
EMP0495,Richard,Rhodes,Male,1972-11-24,2021-05-21,Legal,Legal Manager,Manager,Full-Time,Bachelor,Single,Dubai,20,
EMP0496,Mary,Williams,Male,1984-12-12,2022-06-27,Engineering,Engineering Manager,Manager,Full-Time,Bachelor,Divorced,Dubai,19,
EMP0497,Robin,Stein,Male,1988-04-15,2012-09-07,Engineering,Senior Backend Developer,Senior,Full-Time,Bachelor,Divorced,Jeddah,11,
EMP0498,Andrew,Cunningham,Male,1971-02-15,2013-01-10,Engineering,Junior Data Engineer,Entry Level,Full-Time,Bachelor,Married,Dubai,2,
EMP0499,Victoria,Preston,Female,1977-03-05,2024-07-21,Customer Service,Senior Customer Support Specialist,Senior,Full-Time,Master,Divorced,Jeddah,10,
EMP0500,Misty,Mckenzie,Male,1969-12-16,2016-04-04,Customer Service,Junior Customer Support,Entry Level,Full-Time,Bachelor,Single,London,0,
EMP0501,Susan,Simpson,Male,1987-10-09,2013-04-08,HR,Recruiter,Mid Level,Full-Time,Master,Divorced,Jeddah,6,
EMP0502,Veronica,Davis,Female,1972-11-10,2012-10-31,Engineering,Junior Frontend Developer,Entry Level,Full-Time,Bachelor,Single,Cairo,0,
EMP0503,Samantha,Kirby,Male,1970-03-20,2014-04-17,Engineering,Software Engineer,Mid Level,Full-Time,Bachelor,Divorced,Cairo,5,
EMP0504,Bonnie,Brown,Male,2001-09-05,2023-07-14,Customer Service,Customer Support Specialist,Mid Level,Full-Time,Bachelor,Single,Jeddah,7,
EMP0505,Zachary,Erickson,Male,1995-04-12,2018-04-28,Operations,Operations Specialist,Mid Level,Full-Time,Bachelor,Single,Riyadh,7,
EMP0506,Jacqueline,Jones,Male,1997-10-26,2023-10-13,Customer Service,Customer Support Specialist,Mid Level,Full-Time,Bachelor,Divorced,London,6,
EMP0507,Julia,Poole,Female,1978-07-05,2017-08-11,Engineering,Engineering Manager,Manager,Part-Time,Bachelor,Single,Dubai,25,
EMP0508,Lisa,Baker,Male,1972-07-14,2025-06-28,Engineering,Senior Backend Developer,Senior,Full-Time,Bachelor,Single,London,8,
EMP0509,Nicholas,Kelly,Female,1968-06-11,2023-12-12,IT,Senior IT Support Specialist,Senior,Part-Time,Diploma,Married,Dubai,9,
EMP0510,Judy,Cummings,Male,1985-09-11,2024-08-06,Sales,Sales Team Lead,Lead,Full-Time,Bachelor,Married,Riyadh,16,
EMP0511,Yolanda,Willis,Male,1985-07-03,2019-03-20,Customer Service,Customer Support Lead,Lead,Full-Time,Master,Divorced,Jeddah,18,
EMP0512,Donna,Wu,Male,2000-04-24,2023-03-03,Legal,Legal Advisor,Mid Level,Full-Time,Master,Divorced,Jeddah,6,
EMP0513,Scott,Ramos,Female,1967-11-16,2012-07-13,Engineering,Junior Backend Developer,Entry Level,Full-Time,Bachelor,Divorced,London,0,
EMP0514,Hannah,Banks,Male,2000-10-15,2017-06-28,Marketing,Junior SEO Specialist,Entry Level,Full-Time,Master,Married,Riyadh,1,
EMP0515,Jessica,Haynes,Female,1998-02-16,2014-02-20,Operations,Operations Specialist,Mid Level,Full-Time,PhD,Single,London,4,
EMP0516,Shelly,Park,Female,1967-02-24,2019-06-15,IT,IT Manager,Manager,Full-Time,Diploma,Single,Riyadh,22,
EMP0517,Kevin,Cummings,Male,1977-12-01,2017-02-18,Administration,Senior Office Administrator,Senior,Part-Time,Bachelor,Married,Riyadh,9,
EMP0518,Larry,Brown,Female,1988-08-30,2015-01-04,IT,Senior IT Support Specialist,Senior,Full-Time,Bachelor,Single,Riyadh,9,
EMP0519,Patricia,Medina,Female,1993-10-22,2012-10-30,Customer Service,Senior Customer Support Specialist,Senior,Full-Time,Master,Divorced,Dubai,12,
EMP0520,Eric,Stephens,Male,1971-04-14,2015-10-11,IT,System Administrator,Mid Level,Full-Time,Bachelor,Divorced,Riyadh,6,
EMP0521,Vincent,Archer,Male,1979-10-03,2024-07-06,Engineering,Tech Lead,Lead,Contract,Bachelor,Single,Dubai,13,
EMP0522,Angelica,Campbell,Male,1978-07-19,2020-04-27,Engineering,Tech Lead,Lead,Full-Time,Bachelor,Single,Riyadh,14,
EMP0523,Dana,Jenkins,Male,1971-08-03,2023-12-29,Engineering,Senior Data Engineer,Senior,Full-Time,Master,Divorced,Riyadh,10,
EMP0524,Michael,Romero,Female,1983-10-27,2016-04-27,IT,Junior System Administrator,Entry Level,Full-Time,Bachelor,Divorced,London,0,
EMP0525,Kimberly,Cook,Male,1986-08-21,2021-05-06,Finance,Accountant,Mid Level,Contract,PhD,Single,Riyadh,4,
EMP0526,Brandi,Lopez,Female,1988-06-22,2022-06-24,HR,HR Specialist,Mid Level,Full-Time,Bachelor,Divorced,London,7,
EMP0527,Katherine,Beck,Female,1980-12-05,2020-04-06,IT,Network Engineer,Mid Level,Contract,Bachelor,Married,Dubai,4,
EMP0528,Cynthia,Young,Male,1983-07-13,2023-06-03,Operations,Operations Manager,Manager,Full-Time,Master,Divorced,Jeddah,24,
EMP0529,Amanda,Clark,Male,1968-11-18,2022-05-07,Engineering,Engineering Lead,Lead,Full-Time,Bachelor,Single,Cairo,16,
EMP0530,Marcus,Ramirez,Male,2004-01-06,2025-06-12,IT,IT Support Specialist,Mid Level,Full-Time,Bachelor,Divorced,Cairo,4,
EMP0531,Jose,Jimenez,Male,1975-02-08,2019-01-14,Engineering,Engineering Manager,Manager,Full-Time,Master,Divorced,Dubai,20,
EMP0532,Mark,Hess,Female,1998-10-29,2021-10-01,Customer Service,Senior Customer Success Specialist,Senior,Full-Time,Master,Single,Jeddah,8,
EMP0533,Bailey,Jacobs,Female,1971-01-21,2017-07-29,Engineering,Senior Data Engineer,Senior,Part-Time,Bachelor,Divorced,Riyadh,12,
EMP0534,April,Lang,Male,1989-09-27,2023-10-31,Operations,Operations Lead,Lead,Full-Time,Bachelor,Married,Dubai,13,
EMP0535,Timothy,Hall,Male,1975-12-18,2015-05-15,Legal,Senior Legal Advisor,Senior,Full-Time,Bachelor,Married,Riyadh,8,
EMP0536,Ashlee,Guerrero,Male,1995-01-29,2014-02-25,HR,Senior HR Specialist,Senior,Part-Time,Master,Married,Cairo,9,
EMP0537,Yvonne,Smith,Male,1977-05-08,2022-12-16,Marketing,Content Specialist,Mid Level,Full-Time,Bachelor,Divorced,London,7,
EMP0538,David,Wheeler,Male,1984-08-16,2017-03-18,IT,Senior IT Support Specialist,Senior,Part-Time,Bachelor,Married,Dubai,8,
EMP0539,Darryl,Richardson,Female,1987-10-07,2024-06-14,Engineering,Senior Backend Developer,Senior,Full-Time,Bachelor,Divorced,Cairo,12,
EMP0540,Shannon,Richards,Male,2003-02-18,2015-07-03,Administration,Administrative Assistant,Entry Level,Part-Time,Diploma,Divorced,Dubai,2,
EMP0541,Andrew,Crawford,Male,1998-12-27,2025-06-26,Engineering,Backend Developer,Mid Level,Full-Time,Diploma,Married,London,3,
EMP0542,Kristine,Carpenter,Female,2000-05-08,2017-06-24,Engineering,Frontend Developer,Mid Level,Contract,Bachelor,Married,Dubai,4,
EMP0543,Jasmine,Barker,Female,1994-07-10,2026-01-12,IT,System Administrator,Mid Level,Full-Time,Master,Divorced,Cairo,5,
EMP0544,Deborah,Proctor,Female,1972-01-15,2017-06-15,HR,Senior Recruiter,Senior,Full-Time,Bachelor,Divorced,London,10,
EMP0545,Jason,Drake,Female,1971-12-14,2013-02-12,Finance,Junior Accountant,Entry Level,Full-Time,Diploma,Divorced,London,0,
EMP0546,Luke,Roberson,Male,1994-03-22,2013-09-03,Sales,Account Executive,Mid Level,Full-Time,Bachelor,Divorced,Dubai,5,
EMP0547,Samantha,Perry,Male,1994-04-12,2016-11-28,Operations,Senior Operations Specialist,Senior,Full-Time,Bachelor,Divorced,London,8,
EMP0548,Crystal,Mcclain,Female,1995-03-13,2015-02-20,Customer Service,Senior Customer Support Specialist,Senior,Full-Time,Bachelor,Divorced,Riyadh,9,
EMP0549,Vicki,Newman,Female,1986-09-12,2014-07-24,Administration,Administration Lead,Lead,Contract,Bachelor,Single,Jeddah,17,
EMP0550,Nathan,Carter,Male,1995-07-12,2018-04-16,Engineering,Software Engineer,Mid Level,Full-Time,Diploma,Married,Jeddah,6,
EMP0551,Tara,Rose,Male,1979-06-29,2020-05-15,Engineering,Engineering Lead,Lead,Full-Time,Bachelor,Single,London,15,
EMP0552,April,Myers,Female,1970-04-18,2023-08-31,Sales,Sales Manager,Manager,Full-Time,Master,Divorced,Riyadh,20,
EMP0553,Paul,Foster,Male,1975-07-26,2020-09-04,Customer Service,Customer Support Lead,Lead,Full-Time,Bachelor,Married,London,18,
EMP0554,Lisa,Pacheco,Male,1978-04-07,2014-08-09,Operations,Senior Operations Specialist,Senior,Full-Time,Diploma,Single,Jeddah,10,
EMP0555,Robert,Simon,Male,1990-09-15,2023-07-17,Marketing,Content Specialist,Mid Level,Full-Time,Bachelor,Married,Jeddah,6,
EMP0556,Juan,Salazar,Male,1997-10-19,2021-03-03,IT,Junior IT Support,Entry Level,Full-Time,Bachelor,Single,Riyadh,1,
EMP0557,Jason,Reynolds,Male,1968-12-23,2013-10-01,Sales,Junior Sales Representative,Entry Level,Full-Time,Bachelor,Divorced,London,0,
EMP0558,Jonathan,Smith,Male,1970-09-23,2017-05-19,Operations,Senior Operations Specialist,Senior,Full-Time,Diploma,Single,Dubai,10,
EMP0559,Timothy,Davis,Female,1988-07-02,2018-07-09,Engineering,Data Engineer,Mid Level,Full-Time,Bachelor,Married,Dubai,4,
EMP0560,Michael,Peterson,Male,1991-12-12,2025-09-26,Administration,Senior Office Administrator,Senior,Full-Time,Master,Single,Riyadh,9,
EMP0561,Barbara,Garcia,Female,1993-06-19,2013-10-02,Sales,Junior Sales Representative,Entry Level,Full-Time,Bachelor,Single,Cairo,0,
EMP0562,Kimberly,Thomas,Male,1997-08-23,2019-08-04,Sales,Account Executive,Mid Level,Full-Time,Bachelor,Single,Riyadh,5,
EMP0563,Christian,Morales,Female,1969-04-11,2017-04-12,Engineering,Senior Frontend Developer,Senior,Full-Time,Diploma,Divorced,Jeddah,10,
EMP0564,Robert,Wilson,Male,1999-04-02,2018-05-20,IT,Network Engineer,Mid Level,Full-Time,Master,Single,Jeddah,5,
EMP0565,Debbie,Rivera,Female,1977-07-11,2012-10-18,Engineering,Engineering Lead,Lead,Full-Time,Master,Single,Cairo,15,
EMP0566,Sierra,Rodriguez,Male,1971-06-20,2018-10-29,Customer Service,Junior Customer Support,Entry Level,Full-Time,Master,Divorced,Jeddah,0,
EMP0567,Marcus,Fleming,Male,1968-11-10,2019-10-26,Engineering,Engineering Manager,Manager,Full-Time,Bachelor,Divorced,Riyadh,21,
EMP0568,Daniel,Shelton,Male,1968-04-07,2017-09-17,Administration,Administration Manager,Manager,Full-Time,Bachelor,Divorced,Dubai,22,
EMP0569,Mary,Terry,Male,2002-12-03,2014-12-01,IT,System Administrator,Mid Level,Full-Time,Master,Single,Riyadh,4,
EMP0570,Adam,Wells,Male,1998-02-07,2012-08-18,Engineering,Senior Backend Developer,Senior,Full-Time,Master,Divorced,Cairo,10,
EMP0571,Richard,Rivera,Female,1974-03-18,2012-12-21,IT,Senior IT Support Specialist,Senior,Full-Time,Master,Single,Jeddah,9,
EMP0572,Robin,Jackson,Female,1988-04-01,2019-04-28,Legal,Legal Advisor,Mid Level,Full-Time,Master,Married,Riyadh,6,
EMP0573,Kimberly,Faulkner,Female,1991-04-25,2014-01-13,IT,Network Engineer,Mid Level,Full-Time,PhD,Divorced,London,3,
EMP0574,Nicholas,Ramirez,Male,2000-02-23,2015-01-20,Engineering,Junior Frontend Developer,Entry Level,Full-Time,Master,Single,Jeddah,1,
EMP0575,Dennis,Cline,Male,1996-02-15,2018-08-08,Engineering,Data Engineer,Mid Level,Full-Time,PhD,Single,London,6,
EMP0576,Wayne,Thompson,Female,1972-11-07,2014-11-12,IT,IT Manager,Manager,Contract,Bachelor,Divorced,Dubai,23,
EMP0577,Hunter,Shepard,Male,1975-09-09,2023-10-25,Engineering,Engineering Lead,Lead,Full-Time,Bachelor,Divorced,Cairo,14,
EMP0578,Michael,Simmons,Male,1970-11-07,2017-06-24,Customer Service,Junior Customer Support,Entry Level,Full-Time,Master,Married,Riyadh,0,
EMP0579,Richard,Clark,Male,1979-01-31,2022-08-08,Sales,Sales Team Lead,Lead,Full-Time,Bachelor,Married,London,13,
EMP0580,Sonya,Adams,Female,1966-09-25,2015-04-21,IT,IT Team Lead,Lead,Full-Time,Master,Single,Jeddah,16,
EMP0581,Erica,Graham,Female,1998-02-07,2025-03-17,HR,Senior HR Specialist,Senior,Full-Time,Master,Divorced,London,9,
EMP0582,Kyle,Walton,Female,1978-06-26,2020-06-24,Engineering,Engineering Manager,Manager,Full-Time,Master,Single,Riyadh,21,
EMP0583,Anna,Peck,Male,1998-01-21,2017-12-25,Sales,Junior Sales Representative,Entry Level,Full-Time,Bachelor,Married,Jeddah,2,
EMP0584,Kimberly,Bell,Male,1985-09-20,2025-05-16,IT,IT Manager,Manager,Full-Time,Bachelor,Divorced,London,22,
EMP0585,David,Dawson,Female,2001-12-02,2020-09-22,Marketing,Junior SEO Specialist,Entry Level,Full-Time,Bachelor,Married,Jeddah,1,
EMP0586,Randy,Johnston,Male,1985-09-28,2012-08-09,Finance,Finance Manager,Manager,Full-Time,Bachelor,Married,Jeddah,20,
EMP0587,Lynn,Davis,Male,1990-04-23,2021-07-09,IT,Junior IT Support,Entry Level,Full-Time,Bachelor,Single,Cairo,2,
EMP0588,Erin,Ross,Male,1987-03-08,2018-12-07,Customer Service,Customer Support Lead,Lead,Full-Time,Diploma,Single,Cairo,13,
EMP0589,Jennifer,Jones,Male,1974-08-28,2020-09-29,Administration,Administrative Assistant,Entry Level,Full-Time,Bachelor,Divorced,Cairo,2,
EMP0590,Jane,Mullins,Male,1974-11-25,2015-12-21,Customer Service,Customer Service Manager,Manager,Full-Time,Bachelor,Single,London,23,
EMP0591,Arthur,Shaw,Male,1971-11-20,2012-01-19,Administration,Administration Manager,Manager,Full-Time,Bachelor,Married,Cairo,22,
EMP0592,Jennifer,Rivas,Male,1975-03-25,2019-11-27,Engineering,Senior Backend Developer,Senior,Full-Time,Bachelor,Single,Cairo,8,
EMP0593,Charles,Davidson,Male,1968-10-04,2024-10-15,Customer Service,Customer Support Lead,Lead,Full-Time,Bachelor,Single,Cairo,18,
EMP0594,Patrick,Hood,Female,1994-07-10,2015-08-17,Marketing,Marketing Specialist,Mid Level,Full-Time,Bachelor,Divorced,London,3,
EMP0595,Michael,Cole,Female,1974-05-25,2024-04-03,Administration,Senior Office Administrator,Senior,Full-Time,Bachelor,Divorced,Riyadh,10,
EMP0596,Stephanie,Silva,Female,1986-07-28,2024-02-11,Engineering,Engineering Lead,Lead,Full-Time,Bachelor,Divorced,London,13,
EMP0597,Denise,Tapia,Male,1979-02-11,2024-04-14,Marketing,Junior Marketing Specialist,Entry Level,Full-Time,Bachelor,Divorced,Dubai,1,
EMP0598,Kathleen,Turner,Male,1966-12-18,2024-12-17,Engineering,Engineering Lead,Lead,Full-Time,Master,Married,London,15,
EMP0599,Reginald,Brennan,Male,1977-01-19,2025-04-16,Marketing,Marketing Lead,Lead,Full-Time,Bachelor,Single,Cairo,13,
EMP0600,Donna,Gonzales,Female,1990-08-29,2020-02-15,Sales,Senior Account Executive,Senior,Full-Time,Bachelor,Married,Cairo,10,
EMP0601,Jennifer,Kerr,Male,1985-02-25,2016-06-05,Engineering,Senior Software Engineer,Senior,Full-Time,Bachelor,Single,Dubai,12,
EMP0602,Sabrina,Parks,Male,2002-07-02,2017-02-24,Engineering,Data Engineer,Mid Level,Full-Time,Master,Single,Jeddah,6,
EMP0603,Mary,Morgan,Male,1977-04-23,2025-06-08,Finance,Financial Analyst,Mid Level,Full-Time,Master,Divorced,London,4,
EMP0604,Mark,Wilson,Male,1988-06-14,2019-11-29,Engineering,Backend Developer,Mid Level,Full-Time,Bachelor,Married,Cairo,5,
EMP0605,Steven,Jenkins,Male,1988-02-19,2025-06-16,Engineering,Senior Software Engineer,Senior,Full-Time,Bachelor,Married,Cairo,12,
EMP0606,Robin,Taylor,Male,2002-02-02,2012-12-18,Marketing,Marketing Specialist,Mid Level,Full-Time,Bachelor,Married,Dubai,3,
EMP0607,Andrew,Gillespie,Male,1979-06-21,2015-03-19,HR,HR Manager,Manager,Full-Time,Bachelor,Divorced,Cairo,25,
EMP0608,Nicole,Flores,Male,2000-06-04,2020-08-31,IT,Network Engineer,Mid Level,Full-Time,Master,Married,London,5,
EMP0609,Lisa,Delacruz,Male,2004-06-12,2017-01-08,Engineering,Frontend Developer,Mid Level,Full-Time,Bachelor,Married,Cairo,4,
EMP0610,Benjamin,Robinson,Female,1995-11-30,2024-07-08,Marketing,Senior SEO Specialist,Senior,Full-Time,Bachelor,Married,Cairo,8,
EMP0611,Joseph,Lewis,Male,1983-03-29,2017-08-30,Administration,Administration Manager,Manager,Full-Time,Master,Divorced,Dubai,20,
EMP0612,Wendy,Davidson,Male,1996-12-25,2026-05-22,Sales,Senior Sales Representative,Senior,Full-Time,Bachelor,Divorced,Dubai,8,
EMP0613,Danielle,Sweeney,Male,1989-03-31,2017-01-18,Engineering,Software Engineer,Mid Level,Full-Time,Bachelor,Divorced,Dubai,7,
EMP0614,Tara,Odonnell,Female,1974-03-26,2022-08-11,Sales,Sales Team Lead,Lead,Full-Time,Bachelor,Married,Cairo,14,
EMP0615,Richard,Morgan,Male,1983-11-21,2019-02-15,Engineering,Tech Lead,Lead,Full-Time,Bachelor,Divorced,Riyadh,14,
EMP0616,Katelyn,Hays,Female,1998-04-28,2017-11-16,IT,IT Support Specialist,Mid Level,Full-Time,Master,Single,Riyadh,3,
EMP0617,Joel,Chapman,Male,1972-08-26,2022-08-20,Engineering,Senior Software Engineer,Senior,Full-Time,Bachelor,Single,London,12,
EMP0618,Melanie,Fisher,Male,1996-03-11,2024-12-04,IT,System Administrator,Mid Level,Full-Time,Bachelor,Single,Jeddah,4,
EMP0619,Ann,Sandoval,Female,1972-07-08,2017-02-23,Sales,Sales Team Lead,Lead,Contract,Diploma,Single,London,13,
EMP0620,Amanda,Stewart,Female,1982-03-20,2024-04-08,IT,Junior System Administrator,Entry Level,Full-Time,Bachelor,Married,Riyadh,1,
EMP0621,Shannon,Fowler,Male,1999-12-01,2026-05-08,Administration,Office Administrator,Mid Level,Full-Time,Master,Married,London,3,
EMP0622,Kim,Larson,Male,2000-11-20,2020-06-05,Engineering,Junior Data Engineer,Entry Level,Contract,Master,Divorced,Cairo,1,
EMP0623,Leslie,Johnson,Male,2003-10-22,2014-09-25,HR,Junior HR Specialist,Entry Level,Full-Time,Bachelor,Divorced,Jeddah,2,
EMP0624,Sophia,Hoffman,Male,1978-06-01,2013-10-19,Engineering,Senior Frontend Developer,Senior,Full-Time,Bachelor,Single,London,11,
EMP0625,Kimberly,Hernandez,Female,1993-09-22,2024-02-07,Finance,Senior Financial Analyst,Senior,Full-Time,Bachelor,Divorced,Dubai,10,
EMP0626,Katie,Brown,Female,1996-12-25,2022-01-12,IT,Network Engineer,Mid Level,Full-Time,Bachelor,Divorced,Jeddah,6,
EMP0627,Gina,Harrell,Male,1975-11-19,2015-04-22,Finance,Finance Manager,Manager,Full-Time,Bachelor,Married,London,23,
EMP0628,Sara,Bennett,Female,1985-04-11,2018-10-02,Engineering,Backend Developer,Mid Level,Full-Time,Bachelor,Divorced,Dubai,3,
EMP0629,Julie,Lamb,Female,1982-09-16,2012-07-03,Marketing,Junior SEO Specialist,Entry Level,Contract,Bachelor,Divorced,Dubai,0,
EMP0630,Shannon,Mcdaniel,Male,1983-03-23,2024-01-05,Finance,Finance Manager,Manager,Full-Time,Master,Single,Riyadh,19,
EMP0631,Jessica,Donaldson,Female,1995-05-12,2015-01-17,Legal,Senior Legal Advisor,Senior,Full-Time,Bachelor,Divorced,London,12,
EMP0632,Corey,Robertson,Female,2002-09-05,2022-09-19,Marketing,SEO Specialist,Mid Level,Full-Time,Bachelor,Divorced,Jeddah,3,
EMP0633,Tina,Bruce,Female,1988-06-25,2021-06-01,Engineering,Senior Backend Developer,Senior,Full-Time,Master,Single,London,8,
EMP0634,Richard,Casey,Male,1995-11-28,2021-09-29,Engineering,Junior Backend Developer,Entry Level,Full-Time,Diploma,Married,Riyadh,1,
EMP0635,Richard,Lawson,Male,1991-12-20,2017-01-15,Customer Service,Customer Support Lead,Lead,Full-Time,Master,Married,Riyadh,13,
EMP0636,Kevin,Bird,Male,1973-09-06,2025-09-19,IT,IT Support Specialist,Mid Level,Contract,Bachelor,Single,Cairo,4,
EMP0637,Robert,Pham,Male,2003-02-07,2025-09-06,Engineering,Frontend Developer,Mid Level,Full-Time,Master,Divorced,Dubai,3,
EMP0638,Kenneth,Jones,Female,1987-09-22,2016-09-02,Engineering,Frontend Developer,Mid Level,Part-Time,Bachelor,Single,Dubai,5,
EMP0639,Pamela,Morgan,Female,1975-10-07,2024-10-08,Engineering,Backend Developer,Mid Level,Full-Time,Bachelor,Married,Jeddah,7,
EMP0640,Kelly,Bruce,Male,1970-09-04,2024-11-22,Sales,Sales Representative,Mid Level,Full-Time,Master,Divorced,London,7,
EMP0641,Jacob,Pierce,Female,1973-12-13,2020-01-24,IT,IT Team Lead,Lead,Full-Time,Bachelor,Single,Dubai,16,
EMP0642,Monica,Mills,Female,2003-01-22,2021-04-10,HR,Junior HR Specialist,Entry Level,Full-Time,Bachelor,Single,Dubai,2,
EMP0643,Sandra,Nguyen,Male,1984-01-12,2015-05-17,IT,Junior Network Engineer,Entry Level,Full-Time,Bachelor,Divorced,Riyadh,0,
EMP0644,Kenneth,Herman,Male,1993-12-29,2015-04-20,Engineering,Junior Backend Developer,Entry Level,Part-Time,Diploma,Married,Dubai,1,
EMP0645,Jason,Burgess,Male,1974-11-12,2019-03-09,HR,Senior Recruiter,Senior,Full-Time,Bachelor,Single,Cairo,8,
EMP0646,James,Jimenez,Female,2000-06-23,2013-11-13,IT,System Administrator,Mid Level,Full-Time,Bachelor,Divorced,Cairo,3,
EMP0647,Shelley,Cortez,Male,1983-09-20,2025-10-12,Finance,Finance Manager,Manager,Full-Time,Bachelor,Single,Jeddah,21,
EMP0648,Scott,Sweeney,Female,1990-05-03,2023-11-16,IT,IT Team Lead,Lead,Part-Time,Bachelor,Single,London,18,
EMP0649,Whitney,Perry,Female,1987-04-26,2024-04-12,Engineering,Software Engineer,Mid Level,Full-Time,Master,Married,Dubai,4,
EMP0650,Brianna,Harper,Female,1988-08-13,2023-04-06,Engineering,Engineering Lead,Lead,Full-Time,Bachelor,Single,Riyadh,16,
EMP0651,Timothy,Rodgers,Male,1999-08-06,2011-08-22,Marketing,Junior Marketing Specialist,Entry Level,Full-Time,Bachelor,Married,Cairo,1,
EMP0652,James,Cross,Male,1990-08-22,2017-12-23,IT,IT Team Lead,Lead,Full-Time,Bachelor,Divorced,Dubai,16,
EMP0653,Brandon,Conley,Male,1969-06-02,2016-07-29,Engineering,Data Engineer,Mid Level,Contract,Master,Single,Cairo,5,
EMP0654,Janet,Flores,Male,1988-12-25,2015-08-27,Customer Service,Customer Support Lead,Lead,Full-Time,Bachelor,Divorced,Cairo,15,
EMP0655,Ellen,Arnold,Male,1985-11-30,2022-12-19,IT,IT Team Lead,Lead,Full-Time,Bachelor,Single,Dubai,18,
EMP0656,Adrian,Hernandez,Male,1972-01-06,2014-11-26,Customer Service,Customer Support Lead,Lead,Full-Time,Master,Married,Dubai,14,
EMP0657,Roy,West,Male,1980-12-31,2012-02-24,Engineering,Engineering Manager,Manager,Full-Time,Diploma,Married,Dubai,24,
EMP0658,Kim,Hancock,Male,2003-02-17,2014-10-18,Administration,Administrative Assistant,Entry Level,Contract,Bachelor,Single,Riyadh,0,
EMP0659,Brianna,Jackson,Male,1983-03-08,2025-03-28,Engineering,Junior Software Engineer,Entry Level,Full-Time,Bachelor,Single,Dubai,0,
EMP0660,Autumn,Meyer,Male,1975-08-19,2016-07-30,Engineering,Frontend Developer,Mid Level,Full-Time,Master,Divorced,Cairo,5,
EMP0661,Steven,Lewis,Male,1974-09-20,2012-11-27,Sales,Sales Team Lead,Lead,Part-Time,Bachelor,Divorced,London,13,
EMP0662,Stephanie,Snyder,Male,1987-07-17,2018-12-18,Engineering,Senior Backend Developer,Senior,Full-Time,Bachelor,Single,Jeddah,10,
EMP0663,Grace,Stevenson,Male,1983-09-22,2014-11-25,Finance,Accountant,Mid Level,Full-Time,Bachelor,Married,London,4,
EMP0664,Amy,Turner,Female,1971-03-24,2015-06-01,IT,IT Manager,Manager,Full-Time,Bachelor,Married,Cairo,21,
EMP0665,William,Valencia,Male,1995-05-08,2013-12-23,Engineering,Junior Software Engineer,Entry Level,Full-Time,Master,Married,Dubai,2,
EMP0666,Melissa,Harrell,Female,1993-06-18,2019-07-18,IT,IT Team Lead,Lead,Full-Time,Bachelor,Single,Dubai,13,
EMP0667,Jennifer,Liu,Male,1973-08-04,2021-08-03,Operations,Junior Operations Specialist,Entry Level,Full-Time,Bachelor,Divorced,London,0,
EMP0668,Erin,Freeman,Male,1967-05-15,2017-03-30,IT,Junior IT Support,Entry Level,Full-Time,Bachelor,Divorced,Riyadh,1,
EMP0669,Patrick,Castro,Male,1988-08-04,2021-03-25,HR,HR Lead,Lead,Full-Time,Master,Single,Cairo,17,
EMP0670,Charles,Harrison,Female,1969-01-15,2026-04-17,IT,Senior IT Support Specialist,Senior,Full-Time,Bachelor,Single,Cairo,12,
EMP0671,Jonathan,Smith,Male,1971-07-09,2022-06-14,Administration,Senior Office Administrator,Senior,Part-Time,Bachelor,Single,Riyadh,9,
EMP0672,Marcus,Castillo,Female,1982-03-03,2017-11-05,Customer Service,Customer Service Manager,Manager,Full-Time,Bachelor,Married,London,22,
EMP0673,Zoe,House,Male,1999-05-25,2022-01-08,Engineering,Frontend Developer,Mid Level,Full-Time,Bachelor,Divorced,London,4,
EMP0674,Nichole,Riley,Female,1969-05-02,2015-11-21,Marketing,Marketing Lead,Lead,Full-Time,Diploma,Divorced,Dubai,15,
EMP0675,David,Wong,Female,1975-08-13,2015-05-17,IT,Junior System Administrator,Entry Level,Full-Time,Bachelor,Single,Cairo,2,
EMP0676,Jessica,Whitaker,Male,1995-06-19,2022-11-29,Finance,Accountant,Mid Level,Full-Time,Master,Divorced,Cairo,3,
EMP0677,David,Fleming,Female,1979-02-14,2022-10-05,Legal,Legal Advisor,Mid Level,Full-Time,Bachelor,Single,Dubai,7,
EMP0678,Michelle,Gutierrez,Female,1983-01-27,2015-08-01,Customer Service,Customer Service Manager,Manager,Full-Time,Master,Married,Jeddah,21,
EMP0679,Angela,Cabrera,Female,1985-02-21,2018-08-25,Finance,Accountant,Mid Level,Full-Time,Bachelor,Married,Riyadh,3,
EMP0680,Kristina,Kelly,Male,1974-12-14,2018-11-26,Engineering,Backend Developer,Mid Level,Full-Time,Bachelor,Married,London,3,
EMP0681,Trevor,Mejia,Female,1976-05-26,2013-08-04,Marketing,Marketing Lead,Lead,Full-Time,Bachelor,Single,Dubai,17,
EMP0682,Amanda,Martinez,Male,1967-03-25,2025-02-07,IT,IT Manager,Manager,Full-Time,Bachelor,Single,Dubai,25,
EMP0683,Caroline,Mccall,Female,1984-03-27,2018-07-08,Engineering,Engineering Manager,Manager,Full-Time,Bachelor,Married,Riyadh,20,
EMP0684,Jason,Perry,Male,1979-05-12,2020-10-19,Engineering,Engineering Lead,Lead,Full-Time,Bachelor,Single,Riyadh,15,
EMP0685,Robert,Roberts,Male,1991-03-31,2024-11-04,Engineering,Senior Software Engineer,Senior,Full-Time,Bachelor,Divorced,Dubai,9,
EMP0686,Christopher,Parks,Male,1974-12-11,2024-12-26,Engineering,Software Engineer,Mid Level,Part-Time,Master,Single,London,7,
EMP0687,Sarah,Chapman,Female,1981-02-06,2022-05-12,IT,IT Support Specialist,Mid Level,Full-Time,PhD,Married,Jeddah,5,
EMP0688,Michelle,Wilson,Male,1992-08-10,2023-06-23,IT,System Administrator,Mid Level,Full-Time,Master,Single,Dubai,5,
EMP0689,Gregory,Lee,Female,2001-09-10,2023-01-03,Finance,Accountant,Mid Level,Full-Time,Diploma,Married,Cairo,7,
EMP0690,Raven,Hall,Male,1994-06-21,2018-02-10,Sales,Sales Team Lead,Lead,Full-Time,PhD,Married,London,13,
EMP0691,John,Carpenter,Male,1982-05-23,2019-03-02,Engineering,Senior Frontend Developer,Senior,Full-Time,Bachelor,Single,Dubai,9,
EMP0692,Joshua,Higgins,Male,1986-12-17,2016-07-25,Engineering,Software Engineer,Mid Level,Full-Time,Bachelor,Single,London,6,
EMP0693,Pam,Bradley,Female,1971-09-22,2013-02-03,Engineering,Junior Frontend Developer,Entry Level,Full-Time,Diploma,Married,London,0,
EMP0694,Rebekah,Lopez,Female,1982-08-17,2012-07-16,Engineering,Tech Lead,Lead,Full-Time,Bachelor,Married,Cairo,13,
EMP0695,James,Johnson,Male,1967-11-26,2021-12-16,Legal,Senior Legal Advisor,Senior,Full-Time,Bachelor,Single,Jeddah,11,
EMP0696,John,Adams,Male,1966-09-09,2012-12-04,Customer Service,Customer Support Specialist,Mid Level,Full-Time,Bachelor,Single,Dubai,3,
EMP0697,Thomas,Schmidt,Male,1982-10-10,2026-02-04,IT,IT Manager,Manager,Full-Time,Bachelor,Divorced,Dubai,19,
EMP0698,Christina,Stanley,Male,1984-03-23,2014-03-04,Sales,Account Executive,Mid Level,Full-Time,Master,Married,Riyadh,7,
EMP0699,Jason,Guerrero,Male,1988-03-14,2025-08-11,Engineering,Backend Developer,Mid Level,Full-Time,PhD,Divorced,Jeddah,6,
EMP0700,Tiffany,Goodwin,Male,1997-12-18,2019-12-08,Operations,Operations Specialist,Mid Level,Full-Time,Bachelor,Married,Riyadh,3,
EMP0701,Rhonda,Gomez,Female,1990-05-16,2016-07-22,Administration,Administration Lead,Lead,Full-Time,Bachelor,Divorced,Dubai,16,
EMP0702,John,Price,Male,1986-02-17,2019-04-21,Engineering,Senior Frontend Developer,Senior,Contract,Bachelor,Single,Cairo,11,
EMP0703,Catherine,Camacho,Female,1983-03-08,2017-01-06,Operations,Operations Specialist,Mid Level,Full-Time,Bachelor,Divorced,Jeddah,7,
EMP0704,Micheal,Ellis,Male,2004-05-04,2015-02-06,Customer Service,Junior Customer Support,Entry Level,Full-Time,Master,Single,Dubai,0,
EMP0705,Jeremy,Johnson,Male,1995-05-08,2023-11-03,Engineering,Junior Data Engineer,Entry Level,Part-Time,Master,Married,London,1,
EMP0706,Jackson,Cooper,Female,1986-04-01,2022-10-02,Engineering,Junior Data Engineer,Entry Level,Full-Time,Diploma,Single,Riyadh,0,
EMP0707,Ryan,Obrien,Male,1990-07-05,2012-12-10,Marketing,Content Specialist,Mid Level,Full-Time,Bachelor,Single,London,7,
EMP0708,Allison,Peterson,Male,2004-04-04,2012-03-19,Sales,Junior Sales Representative,Entry Level,Full-Time,Master,Divorced,Dubai,2,
EMP0709,Shannon,James,Male,1982-11-22,2015-02-22,HR,HR Lead,Lead,Full-Time,Bachelor,Single,London,17,
EMP0710,Lauren,Franco,Male,1991-07-23,2021-06-11,Marketing,Senior Marketing Specialist,Senior,Full-Time,Bachelor,Single,Riyadh,9,
EMP0711,Mary,Ramirez,Female,1991-10-24,2024-10-20,Engineering,Senior Software Engineer,Senior,Full-Time,Bachelor,Single,Cairo,9,
EMP0712,Jody,Nguyen,Male,1980-06-02,2013-01-03,Finance,Finance Manager,Manager,Full-Time,Bachelor,Divorced,Riyadh,21,
EMP0713,Matthew,Garcia,Female,1968-03-18,2021-07-24,Customer Service,Customer Support Specialist,Mid Level,Full-Time,Bachelor,Divorced,Riyadh,3,
EMP0714,James,Johnson,Male,1998-10-08,2019-02-14,Customer Service,Customer Success Specialist,Mid Level,Part-Time,Bachelor,Single,London,4,
EMP0715,David,Fleming,Female,1992-10-31,2014-06-02,Engineering,Senior Data Engineer,Senior,Full-Time,Bachelor,Single,Riyadh,11,
EMP0716,David,Hart,Female,1980-07-25,2019-11-29,Engineering,Backend Developer,Mid Level,Full-Time,Bachelor,Single,London,6,
EMP0717,Courtney,Norris,Male,1990-10-24,2013-02-23,IT,IT Team Lead,Lead,Full-Time,Bachelor,Single,Riyadh,15,
EMP0718,Courtney,Christensen,Female,1979-01-02,2020-02-29,Marketing,Marketing Lead,Lead,Full-Time,Master,Divorced,Jeddah,18,
EMP0719,Karen,Soto,Female,1989-04-30,2021-02-06,Customer Service,Senior Customer Success Specialist,Senior,Full-Time,Master,Married,Riyadh,10,
EMP0720,Kevin,Castaneda,Male,1979-05-22,2012-06-13,Administration,Administration Manager,Manager,Full-Time,Diploma,Single,London,20,
EMP0721,Paula,Hendricks,Female,1966-09-26,2024-07-01,Administration,Administration Lead,Lead,Full-Time,Bachelor,Married,Dubai,17,
EMP0722,Garrett,Frazier,Male,1973-03-05,2021-04-16,Customer Service,Customer Support Specialist,Mid Level,Part-Time,Master,Single,Cairo,7,
EMP0723,Katrina,Hall,Male,1989-06-14,2019-01-08,IT,System Administrator,Mid Level,Full-Time,Master,Divorced,Dubai,3,
EMP0724,Danielle,Cannon,Male,2003-12-31,2018-08-05,Finance,Junior Accountant,Entry Level,Full-Time,Bachelor,Single,Cairo,1,
EMP0725,Sandy,Espinoza,Male,1993-08-09,2025-09-30,Engineering,Tech Lead,Lead,Part-Time,Bachelor,Married,Dubai,13,
EMP0726,David,Johnson,Male,1977-12-24,2018-01-24,Legal,Junior Legal Advisor,Entry Level,Full-Time,Bachelor,Divorced,London,0,
EMP0727,Michael,Ashley,Female,1990-12-12,2022-09-26,Marketing,Junior Marketing Specialist,Entry Level,Contract,Bachelor,Single,Cairo,0,
EMP0728,Manuel,Maxwell,Male,1978-11-18,2013-03-29,Marketing,Junior SEO Specialist,Entry Level,Full-Time,Master,Divorced,Cairo,2,
EMP0729,Peter,Wilson,Female,1972-04-30,2016-01-07,IT,IT Manager,Manager,Full-Time,Bachelor,Divorced,Dubai,19,
EMP0730,Rebecca,Hamilton,Female,1968-11-12,2013-08-28,Engineering,Tech Lead,Lead,Full-Time,Bachelor,Single,Cairo,13,
EMP0731,Joshua,Jones,Male,1995-08-05,2026-03-12,Finance,Junior Accountant,Entry Level,Contract,Bachelor,Single,Riyadh,1,
EMP0732,Anthony,Terrell,Female,1987-01-13,2015-10-06,Engineering,Senior Data Engineer,Senior,Full-Time,Diploma,Single,Riyadh,12,
EMP0733,Tanner,Perkins,Male,1999-09-18,2021-06-01,Marketing,Senior SEO Specialist,Senior,Full-Time,Bachelor,Married,London,8,
EMP0734,Randy,Mullins,Male,1996-07-23,2024-03-14,Customer Service,Customer Support Specialist,Mid Level,Full-Time,Bachelor,Single,Dubai,3,
EMP0735,Deanna,Lambert,Female,1968-05-31,2017-04-06,Engineering,Software Engineer,Mid Level,Full-Time,Bachelor,Single,London,6,
EMP0736,Jennifer,Leonard,Female,1999-07-14,2012-10-19,HR,Senior HR Specialist,Senior,Full-Time,Diploma,Divorced,Jeddah,9,
EMP0737,Lisa,Lane,Male,1993-11-11,2014-09-28,Administration,Administrative Assistant,Entry Level,Full-Time,Master,Single,Dubai,2,
EMP0738,Brenda,Rodgers,Male,1987-04-06,2021-11-25,Engineering,Data Engineer,Mid Level,Full-Time,Master,Married,London,5,
EMP0739,Monica,Cooper,Female,2003-07-23,2019-07-01,Engineering,Data Engineer,Mid Level,Full-Time,Bachelor,Married,London,3,
EMP0740,Michael,Ramos,Male,1988-03-11,2024-02-13,Engineering,Senior Software Engineer,Senior,Full-Time,Master,Divorced,Cairo,11,
EMP0741,Mike,Koch,Male,1996-01-02,2024-11-24,Operations,Operations Specialist,Mid Level,Full-Time,Bachelor,Married,London,7,
EMP0742,Maria,Mccall,Male,1978-09-26,2016-06-06,Engineering,Engineering Manager,Manager,Full-Time,Bachelor,Divorced,Dubai,23,
EMP0743,Amber,Knight,Female,1970-07-21,2013-07-24,IT,Senior Network Engineer,Senior,Contract,Bachelor,Married,Dubai,11,
EMP0744,Kimberly,Turner,Female,2004-06-21,2020-12-15,Sales,Junior Sales Representative,Entry Level,Full-Time,Bachelor,Single,Cairo,0,
EMP0745,Jeremy,Sanchez,Male,1972-11-26,2011-12-19,Engineering,Engineering Lead,Lead,Full-Time,Bachelor,Divorced,Jeddah,18,
EMP0746,Douglas,Orr,Female,1976-01-19,2024-12-25,Engineering,Engineering Manager,Manager,Part-Time,Bachelor,Single,Cairo,20,
EMP0747,Christina,Browning,Female,1983-07-10,2013-08-03,Engineering,Engineering Lead,Lead,Full-Time,Diploma,Married,Riyadh,13,
EMP0748,Melanie,Thomas,Male,1993-06-17,2023-01-02,Customer Service,Customer Success Specialist,Mid Level,Full-Time,Bachelor,Single,London,6,
EMP0749,Julie,Sanders,Female,1982-05-18,2012-09-25,Engineering,Engineering Manager,Manager,Full-Time,Bachelor,Divorced,London,19,
EMP0750,Wendy,Johnson,Male,1992-04-17,2022-11-07,Sales,Sales Team Lead,Lead,Full-Time,Bachelor,Married,Dubai,16,
EMP0751,Lisa,Williams,Male,1972-02-11,2014-01-31,IT,IT Manager,Manager,Full-Time,Diploma,Married,Dubai,24,
EMP0752,Patrick,Santiago,Male,1981-06-25,2017-09-19,Engineering,Tech Lead,Lead,Full-Time,Master,Married,Cairo,14,
EMP0753,Robert,Larsen,Male,1982-07-05,2020-09-24,Sales,Junior Sales Representative,Entry Level,Full-Time,Bachelor,Divorced,Cairo,2,
EMP0754,Donna,Aguirre,Male,1976-05-18,2017-06-19,Marketing,Marketing Manager,Manager,Contract,Bachelor,Single,Riyadh,25,
EMP0755,Michelle,Hall,Female,1982-06-27,2020-02-28,IT,System Administrator,Mid Level,Full-Time,Bachelor,Divorced,Riyadh,7,
EMP0756,Linda,Baxter,Male,1989-03-08,2019-01-02,Operations,Operations Lead,Lead,Full-Time,Bachelor,Divorced,Jeddah,18,
EMP0757,Miranda,Clark,Male,1980-08-06,2024-09-13,Sales,Account Executive,Mid Level,Full-Time,Bachelor,Married,Riyadh,7,
EMP0758,Felicia,Durham,Female,1973-04-04,2012-04-19,Administration,Senior Office Administrator,Senior,Full-Time,Bachelor,Divorced,Cairo,10,
EMP0759,Miguel,Preston,Female,1967-01-14,2014-08-09,IT,IT Team Lead,Lead,Full-Time,Bachelor,Single,Dubai,17,
EMP0760,Anna,Mclaughlin,Female,1983-10-04,2015-11-21,Engineering,Senior Backend Developer,Senior,Full-Time,Bachelor,Married,Cairo,12,
EMP0761,Jeanette,Miranda,Female,1995-03-03,2013-12-22,IT,Junior IT Support,Entry Level,Full-Time,Diploma,Divorced,Dubai,0,
EMP0762,Lisa,Atkins,Male,2003-07-17,2018-11-24,Operations,Junior Operations Specialist,Entry Level,Full-Time,Bachelor,Married,Jeddah,1,
EMP0763,Maurice,Mckay,Male,1997-04-23,2023-07-25,HR,Junior HR Specialist,Entry Level,Full-Time,Bachelor,Married,Dubai,0,
EMP0764,Jessica,Phillips,Female,1997-12-03,2026-07-06,Engineering,Junior Software Engineer,Entry Level,Full-Time,Bachelor,Divorced,Riyadh,2,
EMP0765,Rachel,Lopez,Male,1980-11-10,2012-06-08,IT,IT Manager,Manager,Full-Time,PhD,Married,London,21,
EMP0766,Matthew,Bennett,Male,2003-10-07,2011-10-03,IT,Junior System Administrator,Entry Level,Full-Time,Bachelor,Married,Riyadh,0,
EMP0767,Patricia,Mcdowell,Female,1989-11-06,2019-02-19,Finance,Finance Manager,Manager,Part-Time,Master,Divorced,Cairo,19,
EMP0768,Taylor,Roberts,Male,1990-06-20,2014-07-12,HR,HR Specialist,Mid Level,Full-Time,Bachelor,Married,Jeddah,4,
EMP0769,Jennifer,Stone,Male,1983-07-19,2024-06-07,Sales,Senior Sales Representative,Senior,Full-Time,Bachelor,Divorced,Cairo,8,
EMP0770,Kelly,Ward,Male,2001-11-24,2011-12-07,Marketing,Junior SEO Specialist,Entry Level,Full-Time,Master,Divorced,Dubai,2,
EMP0771,Kevin,Vega,Male,1982-01-22,2023-04-14,Sales,Sales Team Lead,Lead,Full-Time,Bachelor,Single,Riyadh,15,
EMP0772,Brett,Cortez,Female,1988-11-12,2020-09-13,HR,Junior HR Specialist,Entry Level,Part-Time,Master,Single,Riyadh,2,
EMP0773,Michael,Smith,Female,1992-09-04,2019-05-28,Engineering,Senior Software Engineer,Senior,Full-Time,Master,Divorced,Cairo,10,
EMP0774,Brenda,Morales,Male,1972-12-25,2023-12-04,Engineering,Senior Software Engineer,Senior,Full-Time,PhD,Married,Riyadh,11,
EMP0775,Kristen,Austin,Male,2001-05-08,2016-11-03,Engineering,Frontend Developer,Mid Level,Full-Time,Bachelor,Divorced,Riyadh,7,
EMP0776,Thomas,Chandler,Male,1979-07-16,2021-01-09,Finance,Finance Lead,Lead,Full-Time,Bachelor,Single,Riyadh,14,
EMP0777,Susan,Gilmore,Female,1989-09-22,2011-10-27,Customer Service,Senior Customer Success Specialist,Senior,Full-Time,Diploma,Married,Jeddah,9,
EMP0778,William,Braun,Female,1977-05-31,2021-04-10,Sales,Sales Representative,Mid Level,Full-Time,Master,Single,Jeddah,5,
EMP0779,Jasmine,Bryant,Female,1996-03-29,2015-08-24,Customer Service,Customer Success Specialist,Mid Level,Full-Time,Bachelor,Married,Jeddah,4,
EMP0780,David,Alexander,Male,1987-12-25,2026-06-06,Sales,Senior Sales Representative,Senior,Full-Time,Master,Single,Riyadh,8,
EMP0781,Allison,Clark,Male,1970-12-05,2019-03-21,Engineering,Engineering Manager,Manager,Full-Time,Bachelor,Married,Riyadh,23,
EMP0782,Greg,Avila,Female,1978-06-15,2014-10-05,Engineering,Junior Backend Developer,Entry Level,Full-Time,Bachelor,Single,London,1,
EMP0783,Mitchell,Jimenez,Female,1999-06-01,2017-07-22,Customer Service,Customer Success Specialist,Mid Level,Full-Time,Diploma,Divorced,London,4,
EMP0784,David,Clark,Male,1970-07-17,2018-12-07,IT,IT Manager,Manager,Full-Time,Bachelor,Divorced,Dubai,24,
EMP0785,Diana,Burke,Male,2004-04-15,2014-08-08,Customer Service,Junior Customer Support,Entry Level,Full-Time,Bachelor,Married,Cairo,1,
EMP0786,Gabriella,Schwartz,Male,1978-09-24,2019-08-31,HR,HR Specialist,Mid Level,Full-Time,Bachelor,Single,Cairo,5,
EMP0787,Joshua,Garcia,Female,2001-11-06,2026-06-13,Operations,Junior Operations Specialist,Entry Level,Full-Time,Bachelor,Married,Cairo,1,
EMP0788,Natalie,Nguyen,Female,1987-09-15,2014-10-11,Sales,Junior Sales Representative,Entry Level,Full-Time,Bachelor,Single,Jeddah,2,
EMP0789,Christopher,Munoz,Female,1999-08-29,2018-08-18,Operations,Junior Operations Specialist,Entry Level,Full-Time,Bachelor,Divorced,Riyadh,0,
EMP0790,Jacob,Kelly,Male,1971-02-14,2017-10-19,Sales,Senior Account Executive,Senior,Full-Time,Bachelor,Married,Riyadh,8,
EMP0791,Kimberly,Bird,Male,1971-12-23,2019-01-31,IT,IT Manager,Manager,Full-Time,Bachelor,Married,Riyadh,25,
EMP0792,Laura,Williams,Female,1980-04-06,2022-11-21,Marketing,Senior SEO Specialist,Senior,Full-Time,Diploma,Married,Jeddah,12,
EMP0793,Christopher,Cox,Male,1975-05-10,2019-03-25,Finance,Finance Lead,Lead,Full-Time,Bachelor,Married,Riyadh,16,
EMP0794,Lawrence,Hoover,Male,1978-03-08,2014-04-19,Engineering,Tech Lead,Lead,Full-Time,Bachelor,Divorced,London,14,
EMP0795,Janet,Owens,Male,1996-03-19,2014-12-31,Sales,Account Executive,Mid Level,Full-Time,Bachelor,Married,Jeddah,5,
EMP0796,Michelle,Graham,Male,2000-10-17,2016-05-22,Sales,Junior Sales Representative,Entry Level,Full-Time,Bachelor,Single,Cairo,2,
EMP0797,Morgan,Bernard,Male,1998-11-03,2015-04-23,Sales,Account Executive,Mid Level,Full-Time,Bachelor,Single,Riyadh,7,
EMP0798,Cynthia,Crosby,Female,1973-03-19,2016-02-07,Legal,Legal Advisor,Mid Level,Full-Time,Master,Single,Jeddah,5,
EMP0799,Curtis,Delgado,Male,1968-09-12,2025-12-12,Customer Service,Senior Customer Support Specialist,Senior,Part-Time,Bachelor,Single,Riyadh,10,
EMP0800,Gary,James,Male,1995-10-04,2019-05-26,Engineering,Frontend Developer,Mid Level,Full-Time,Diploma,Single,Dubai,7,
EMP0801,Kathleen,Johnson,Male,1968-10-17,2016-04-23,IT,Network Engineer,Mid Level,Full-Time,Bachelor,Single,Riyadh,3,
EMP0802,Chad,Gonzalez,Female,1978-10-23,2024-07-05,HR,HR Lead,Lead,Full-Time,Bachelor,Divorced,Jeddah,16,
EMP0803,Michelle,Williams,Male,1990-08-26,2014-02-19,Engineering,Senior Data Engineer,Senior,Full-Time,Bachelor,Married,Jeddah,12,
EMP0804,Eric,Miller,Female,1987-09-25,2024-09-24,IT,IT Team Lead,Lead,Full-Time,Master,Single,Riyadh,15,
EMP0805,Joseph,Brown,Male,1981-12-11,2020-07-31,Finance,Financial Analyst,Mid Level,Part-Time,Master,Single,London,7,
EMP0806,Brian,Russo,Female,1999-08-24,2017-12-12,Customer Service,Customer Support Specialist,Mid Level,Full-Time,Bachelor,Married,Cairo,7,
EMP0807,Samantha,Meza,Male,1977-12-20,2017-09-30,Engineering,Software Engineer,Mid Level,Full-Time,Bachelor,Divorced,Dubai,6,
EMP0808,Brandon,Nash,Female,1992-10-16,2022-08-25,Engineering,Engineering Lead,Lead,Full-Time,Master,Divorced,Dubai,16,
EMP0809,Michael,Berg,Female,1981-09-08,2018-03-13,Operations,Junior Operations Specialist,Entry Level,Full-Time,Bachelor,Married,Dubai,2,
EMP0810,Christine,Jensen,Male,1966-12-02,2012-03-22,Administration,Administrative Assistant,Entry Level,Full-Time,Bachelor,Married,Dubai,1,
EMP0811,John,Herman,Male,1979-01-22,2022-12-30,Engineering,Engineering Manager,Manager,Full-Time,Bachelor,Single,Jeddah,20,
EMP0812,Christina,Farmer,Male,1981-03-24,2014-03-10,Customer Service,Customer Service Manager,Manager,Full-Time,Bachelor,Divorced,Dubai,20,
EMP0813,Sonia,Mccoy,Male,1994-10-18,2022-04-14,Engineering,Senior Backend Developer,Senior,Full-Time,Diploma,Married,Jeddah,12,
EMP0814,Mark,Reynolds,Female,1993-11-08,2024-01-24,Finance,Accountant,Mid Level,Full-Time,Diploma,Married,Riyadh,5,
EMP0815,Sean,Joseph,Female,1982-11-04,2026-01-20,Finance,Finance Manager,Manager,Full-Time,Bachelor,Married,Riyadh,24,
EMP0816,Daniel,Smith,Female,2001-02-16,2017-06-22,Engineering,Junior Software Engineer,Entry Level,Full-Time,Master,Single,London,0,
EMP0817,Lori,Contreras,Male,1969-07-16,2013-08-01,Operations,Operations Specialist,Mid Level,Full-Time,Bachelor,Divorced,Jeddah,3,
EMP0818,John,Black,Female,1991-05-14,2017-09-02,Engineering,Senior Data Engineer,Senior,Full-Time,Bachelor,Married,Cairo,10,
EMP0819,Alexander,Parsons,Male,1995-08-24,2012-08-13,IT,System Administrator,Mid Level,Full-Time,Bachelor,Married,Riyadh,3,
EMP0820,Jonathon,Moore,Male,1975-05-13,2012-03-15,Marketing,Marketing Manager,Manager,Full-Time,Bachelor,Single,London,22,
EMP0821,Sherri,Jackson,Male,1977-08-05,2013-11-13,Engineering,Engineering Lead,Lead,Full-Time,Bachelor,Divorced,London,15,
EMP0822,Allison,Wall,Female,1995-12-22,2021-05-23,Sales,Sales Team Lead,Lead,Full-Time,Bachelor,Married,London,13,
EMP0823,Philip,Macdonald,Male,1972-10-23,2012-12-01,Customer Service,Customer Service Manager,Manager,Full-Time,Bachelor,Married,London,23,
EMP0824,Jacqueline,Adams,Male,1975-11-22,2016-10-05,Engineering,Senior Software Engineer,Senior,Full-Time,Diploma,Married,London,10,
EMP0825,Shelly,Johnson,Female,1970-01-23,2020-08-03,Engineering,Tech Lead,Lead,Full-Time,Bachelor,Single,Cairo,14,
EMP0826,Jonathan,Brooks,Male,1981-05-08,2022-10-02,IT,IT Manager,Manager,Full-Time,Bachelor,Single,Jeddah,19,
EMP0827,Jessica,Martinez,Female,1993-10-25,2026-01-02,IT,Junior Network Engineer,Entry Level,Full-Time,PhD,Divorced,Jeddah,2,
EMP0828,Tammy,Adkins,Male,1998-07-11,2018-12-31,IT,Junior Network Engineer,Entry Level,Full-Time,Bachelor,Single,Riyadh,1,
EMP0829,Robert,Thomas,Male,1996-06-11,2019-04-11,Engineering,Senior Data Engineer,Senior,Full-Time,Bachelor,Married,Jeddah,12,
EMP0830,Alison,Lucas,Female,1998-05-29,2017-01-28,Engineering,Backend Developer,Mid Level,Full-Time,Master,Married,Dubai,7,
EMP0831,Ashley,Rodriguez,Female,1971-11-25,2022-01-25,Finance,Financial Analyst,Mid Level,Full-Time,Diploma,Divorced,Riyadh,4,
EMP0832,Glenda,Riley,Female,1981-07-03,2021-08-26,Marketing,Marketing Lead,Lead,Part-Time,Bachelor,Divorced,Riyadh,17,
EMP0833,William,Lewis,Male,1999-05-14,2016-02-20,HR,Senior Recruiter,Senior,Full-Time,Bachelor,Single,Jeddah,9,
EMP0834,Eric,Anthony,Female,1981-02-18,2012-07-17,Engineering,Backend Developer,Mid Level,Full-Time,Bachelor,Married,Riyadh,6,
EMP0835,Phillip,Cruz,Male,1981-04-13,2022-03-01,Marketing,Marketing Lead,Lead,Full-Time,Bachelor,Married,Jeddah,13,
EMP0836,Jose,Walker,Male,1986-11-21,2018-07-25,Sales,Junior Sales Representative,Entry Level,Full-Time,Bachelor,Single,Jeddah,0,
EMP0837,Michael,Fuller,Male,1997-03-24,2019-09-01,Customer Service,Customer Success Specialist,Mid Level,Full-Time,PhD,Single,Cairo,6,
EMP0838,Philip,Bender,Female,1994-12-12,2019-04-03,Finance,Financial Analyst,Mid Level,Full-Time,Bachelor,Divorced,Jeddah,4,
EMP0839,Amber,David,Male,1990-10-06,2014-10-29,Sales,Junior Sales Representative,Entry Level,Full-Time,Bachelor,Divorced,Dubai,0,
EMP0840,Alicia,Olsen,Male,1971-01-30,2013-08-15,Engineering,Junior Backend Developer,Entry Level,Full-Time,Bachelor,Single,Riyadh,2,
EMP0841,Katelyn,Lee,Female,1967-05-05,2013-06-13,Marketing,Marketing Lead,Lead,Full-Time,Bachelor,Single,Jeddah,18,
EMP0842,Kristen,Hunter,Male,1990-11-06,2019-06-25,Customer Service,Senior Customer Success Specialist,Senior,Full-Time,Master,Divorced,Jeddah,8,
EMP0843,Robert,Smith,Male,1997-11-06,2026-06-26,Finance,Senior Financial Analyst,Senior,Full-Time,Bachelor,Single,London,10,
EMP0844,Laura,Morgan,Female,1974-12-26,2011-12-21,Marketing,Senior SEO Specialist,Senior,Full-Time,Master,Married,London,8,
EMP0845,Christine,Walker,Female,1999-02-14,2023-11-26,HR,HR Specialist,Mid Level,Full-Time,Bachelor,Single,Jeddah,6,
EMP0846,Mary,Shepherd,Male,1975-04-12,2025-08-16,Sales,Sales Manager,Manager,Full-Time,Bachelor,Divorced,Dubai,21,
EMP0847,Melissa,Webster,Female,1995-03-31,2023-02-11,Sales,Senior Account Executive,Senior,Full-Time,Master,Single,Jeddah,12,
EMP0848,Stephen,Ibarra,Female,1989-06-12,2013-08-22,IT,Senior System Administrator,Senior,Full-Time,Bachelor,Divorced,Cairo,12,
EMP0849,Jason,Hamilton,Female,2000-10-07,2016-10-06,Customer Service,Junior Customer Support,Entry Level,Full-Time,Bachelor,Married,Riyadh,1,
EMP0850,Paige,Johnson,Female,1978-02-03,2012-01-15,Finance,Junior Accountant,Entry Level,Full-Time,Master,Married,Dubai,1,
EMP0851,Nicholas,Cunningham,Female,1992-06-18,2023-07-27,Engineering,Data Engineer,Mid Level,Full-Time,Master,Divorced,Riyadh,6,
EMP0852,Lindsey,Ray,Male,2000-12-02,2020-06-10,IT,Junior System Administrator,Entry Level,Part-Time,Bachelor,Divorced,Jeddah,1,
EMP0853,Matthew,Perkins,Male,1995-04-15,2022-05-07,IT,Network Engineer,Mid Level,Full-Time,Bachelor,Married,Jeddah,7,
EMP0854,Cassie,Gordon,Female,1972-12-08,2024-09-24,Customer Service,Senior Customer Support Specialist,Senior,Full-Time,Master,Divorced,Cairo,12,
EMP0855,Sarah,Keller,Female,1973-05-08,2014-11-03,Sales,Senior Account Executive,Senior,Full-Time,Bachelor,Single,Riyadh,12,
EMP0856,Willie,Gray,Female,1978-08-07,2023-05-08,Engineering,Engineering Lead,Lead,Full-Time,Bachelor,Divorced,Jeddah,18,
EMP0857,Anthony,Preston,Female,1989-05-29,2013-08-23,Marketing,Marketing Specialist,Mid Level,Part-Time,Master,Divorced,Cairo,5,
EMP0858,Elizabeth,Gonzalez,Female,1967-07-16,2021-12-03,HR,HR Lead,Lead,Full-Time,Bachelor,Married,Riyadh,13,
EMP0859,Kelsey,Hayes,Female,2000-10-07,2020-02-25,Customer Service,Customer Support Specialist,Mid Level,Full-Time,Bachelor,Single,Jeddah,3,
EMP0860,Lisa,Lopez,Female,2002-08-11,2015-10-06,Engineering,Junior Frontend Developer,Entry Level,Full-Time,Bachelor,Divorced,Riyadh,0,
EMP0861,Sean,Garrett,Male,1992-12-05,2019-07-02,Administration,Senior Office Administrator,Senior,Full-Time,Bachelor,Married,Jeddah,8,
EMP0862,Rachel,Johnson,Male,1998-02-08,2022-04-04,Operations,Senior Operations Specialist,Senior,Full-Time,Master,Married,Cairo,9,
EMP0863,Douglas,Hayes,Male,2000-03-10,2015-04-25,Engineering,Software Engineer,Mid Level,Full-Time,Bachelor,Divorced,Riyadh,4,
EMP0864,Raymond,Vaughan,Female,1988-12-04,2021-08-22,Marketing,Marketing Lead,Lead,Full-Time,Bachelor,Married,Dubai,15,
EMP0865,Joshua,Flores,Male,1972-08-19,2024-08-17,Marketing,Marketing Lead,Lead,Full-Time,Bachelor,Single,Riyadh,15,
EMP0866,Mary,Cline,Female,1994-08-10,2023-02-06,Finance,Junior Accountant,Entry Level,Full-Time,Bachelor,Single,Dubai,0,
EMP0867,Sean,Patel,Female,1994-08-17,2014-11-21,Operations,Operations Specialist,Mid Level,Full-Time,Bachelor,Single,Riyadh,6,
EMP0868,Jillian,Ford,Male,1969-05-02,2021-09-26,Legal,Legal Manager,Manager,Full-Time,Bachelor,Married,Riyadh,20,
EMP0869,Thomas,Roberts,Male,1977-05-01,2014-12-01,Sales,Sales Manager,Manager,Part-Time,Bachelor,Divorced,Riyadh,22,
EMP0870,Amanda,Taylor,Female,1999-08-07,2023-04-18,Operations,Operations Specialist,Mid Level,Part-Time,Bachelor,Married,Dubai,4,
EMP0871,Jillian,Williams,Male,1991-03-16,2016-11-10,Engineering,Tech Lead,Lead,Full-Time,Bachelor,Divorced,Dubai,16,
EMP0872,Amanda,Wilkins,Male,1968-06-13,2015-05-30,Engineering,Senior Software Engineer,Senior,Full-Time,Master,Divorced,Jeddah,9,
EMP0873,Sarah,Estrada,Male,1969-08-05,2014-09-21,Engineering,Senior Data Engineer,Senior,Full-Time,Bachelor,Single,Riyadh,12,
EMP0874,Justin,Guzman,Male,1972-01-27,2022-05-13,Engineering,Tech Lead,Lead,Full-Time,Master,Married,London,15,
EMP0875,Julie,Brown,Female,1999-01-02,2025-03-08,Engineering,Junior Data Engineer,Entry Level,Full-Time,Bachelor,Divorced,Riyadh,0,
EMP0876,Jonathan,Perry,Male,1977-03-20,2026-05-16,Customer Service,Customer Success Specialist,Mid Level,Full-Time,Master,Single,Riyadh,3,
EMP0877,Aaron,House,Male,1979-09-02,2021-10-17,Sales,Sales Manager,Manager,Full-Time,Master,Divorced,Riyadh,24,
EMP0878,Steven,Williams,Female,1972-04-27,2018-10-22,Operations,Senior Operations Specialist,Senior,Full-Time,Bachelor,Divorced,Cairo,8,
EMP0879,Dillon,Phillips,Male,1990-06-18,2022-05-24,Finance,Senior Financial Analyst,Senior,Full-Time,Bachelor,Single,Dubai,10,
EMP0880,Brittany,Ross,Female,1983-11-29,2013-11-26,IT,Junior IT Support,Entry Level,Full-Time,Bachelor,Single,London,0,
EMP0881,Catherine,Benjamin,Male,1984-08-21,2025-11-28,Legal,Senior Legal Advisor,Senior,Full-Time,Diploma,Single,London,8,
EMP0882,Kimberly,Taylor,Female,1997-04-08,2022-10-02,IT,IT Support Specialist,Mid Level,Full-Time,Bachelor,Single,London,7,
EMP0883,Dale,Swanson,Female,2001-12-15,2022-10-26,Administration,Office Administrator,Mid Level,Full-Time,Bachelor,Single,Riyadh,4,
EMP0884,Xavier,Bender,Female,1998-03-06,2018-11-05,Engineering,Data Engineer,Mid Level,Full-Time,Bachelor,Single,London,6,
EMP0885,Scott,Schultz,Female,1968-04-29,2023-01-09,Marketing,Marketing Specialist,Mid Level,Full-Time,Bachelor,Single,Dubai,3,
EMP0886,Christopher,Conner,Female,2003-05-02,2019-10-27,Marketing,Junior Marketing Specialist,Entry Level,Full-Time,Bachelor,Divorced,London,0,
EMP0887,Patrick,Marshall,Female,1981-09-14,2011-12-26,Sales,Sales Manager,Manager,Full-Time,Master,Divorced,London,25,
EMP0888,Andrew,Nguyen,Male,1980-06-10,2022-04-17,Legal,Legal Lead,Lead,Part-Time,Master,Married,Cairo,15,
EMP0889,Megan,Sanchez,Female,1990-06-24,2016-03-07,Marketing,Senior SEO Specialist,Senior,Full-Time,Diploma,Single,Jeddah,11,
EMP0890,Darryl,Martinez,Female,1982-03-02,2020-09-29,Administration,Office Administrator,Mid Level,Full-Time,Bachelor,Married,Cairo,5,
EMP0891,Susan,Fisher,Female,1997-04-24,2024-03-08,Customer Service,Customer Support Specialist,Mid Level,Full-Time,Master,Divorced,Cairo,5,
EMP0892,Shirley,Martin,Male,1991-02-26,2026-05-31,Sales,Senior Sales Representative,Senior,Full-Time,Bachelor,Divorced,Dubai,12,
EMP0893,Walter,Smith,Male,2003-01-24,2012-05-08,Engineering,Frontend Developer,Mid Level,Full-Time,Master,Single,Riyadh,5,
EMP0894,Andrew,Thomas,Male,1998-03-23,2025-03-22,IT,Junior Network Engineer,Entry Level,Full-Time,Diploma,Single,London,2,
EMP0895,Victoria,Schmidt,Female,1972-07-23,2020-02-08,Operations,Operations Manager,Manager,Full-Time,Bachelor,Single,Dubai,22,
EMP0896,Leon,Scott,Male,1966-10-09,2015-03-15,Engineering,Senior Frontend Developer,Senior,Full-Time,Master,Single,Cairo,8,
EMP0897,Thomas,Waters,Female,1979-01-25,2014-08-04,IT,IT Team Lead,Lead,Full-Time,Bachelor,Married,Cairo,14,
EMP0898,Elizabeth,Cooke,Male,1990-04-21,2014-04-25,Engineering,Senior Data Engineer,Senior,Full-Time,Master,Divorced,Jeddah,8,
EMP0899,Catherine,Faulkner,Male,1993-05-29,2016-11-19,Customer Service,Junior Customer Support,Entry Level,Full-Time,Bachelor,Divorced,London,0,
EMP0900,Monica,Boyd,Female,1970-02-25,2012-12-12,Administration,Senior Office Administrator,Senior,Contract,PhD,Single,Jeddah,12,
EMP0901,Katherine,Mitchell,Male,1995-06-27,2025-05-07,Engineering,Senior Backend Developer,Senior,Full-Time,Bachelor,Married,Dubai,12,
EMP0902,Jacqueline,Jones,Male,1982-08-16,2024-02-11,Customer Service,Customer Support Lead,Lead,Full-Time,Bachelor,Single,Dubai,13,
EMP0903,Shelby,Stephens,Male,1968-03-15,2021-11-28,Engineering,Data Engineer,Mid Level,Full-Time,Master,Divorced,Dubai,3,
EMP0904,Laura,Hoffman,Male,1995-01-12,2019-04-16,Engineering,Data Engineer,Mid Level,Full-Time,Bachelor,Divorced,Jeddah,4,
EMP0905,Jenna,Lee,Female,1970-02-20,2021-06-01,Finance,Finance Manager,Manager,Full-Time,Bachelor,Single,London,25,
EMP0906,Samantha,Hartman,Male,1977-05-03,2019-06-01,IT,Junior Network Engineer,Entry Level,Full-Time,Bachelor,Married,London,1,
EMP0907,Deborah,Long,Female,1982-04-06,2025-12-18,Sales,Sales Team Lead,Lead,Part-Time,Bachelor,Divorced,Jeddah,17,
EMP0908,Olivia,Hines,Female,1970-07-30,2022-05-28,IT,IT Manager,Manager,Full-Time,Master,Divorced,Dubai,21,
EMP0909,Frederick,Mcdaniel,Male,2002-08-08,2013-01-09,Finance,Junior Accountant,Entry Level,Full-Time,Master,Single,Cairo,2,
EMP0910,Taylor,Burke,Male,1988-08-09,2019-09-23,Engineering,Senior Backend Developer,Senior,Full-Time,Bachelor,Single,Riyadh,11,
EMP0911,Savannah,Barnes,Male,1998-02-13,2012-06-06,IT,Senior Network Engineer,Senior,Part-Time,Bachelor,Divorced,Dubai,8,
EMP0912,Jennifer,Torres,Male,1975-04-09,2016-09-02,Sales,Senior Sales Representative,Senior,Full-Time,Bachelor,Divorced,Dubai,10,
EMP0913,Stacy,Roman,Female,1968-10-12,2015-03-18,Administration,Administration Lead,Lead,Full-Time,Master,Divorced,Jeddah,16,
EMP0914,Dennis,Parker,Male,1992-09-16,2012-08-11,Sales,Senior Account Executive,Senior,Full-Time,Diploma,Married,Cairo,8,
EMP0915,Kelly,Fischer,Female,1983-07-29,2017-09-27,Engineering,Engineering Lead,Lead,Full-Time,Diploma,Married,Jeddah,14,
EMP0916,Jason,Davis,Male,1982-01-08,2014-02-18,Sales,Sales Team Lead,Lead,Full-Time,Bachelor,Single,Riyadh,13,
EMP0917,Kayla,Maldonado,Male,1993-08-23,2013-12-07,Sales,Account Executive,Mid Level,Full-Time,Master,Divorced,Cairo,6,
EMP0918,Kenneth,Ochoa,Female,1970-03-20,2025-01-29,Sales,Senior Account Executive,Senior,Full-Time,Bachelor,Divorced,London,9,
EMP0919,Lawrence,Owens,Female,1987-05-02,2013-02-19,Engineering,Backend Developer,Mid Level,Part-Time,Bachelor,Married,Cairo,7,
EMP0920,Timothy,Warren,Male,1969-11-16,2012-09-06,Sales,Senior Sales Representative,Senior,Full-Time,Bachelor,Divorced,Jeddah,9,
EMP0921,Sierra,Campbell,Female,1970-10-24,2024-10-03,Customer Service,Customer Support Specialist,Mid Level,Contract,Bachelor,Single,Jeddah,5,
EMP0922,Justin,Ibarra,Male,1980-06-07,2022-01-08,Finance,Senior Financial Analyst,Senior,Part-Time,Bachelor,Single,Dubai,12,
EMP0923,Beth,Sanchez,Male,1975-05-12,2026-01-20,Finance,Junior Accountant,Entry Level,Full-Time,Bachelor,Single,Cairo,2,
EMP0924,Deborah,Schultz,Male,1995-03-02,2023-03-09,IT,Senior IT Support Specialist,Senior,Full-Time,Bachelor,Divorced,Jeddah,9,
EMP0925,Lisa,Moreno,Female,1995-06-20,2013-09-09,Engineering,Tech Lead,Lead,Full-Time,Master,Single,London,13,
EMP0926,Jordan,Wilson,Male,1967-07-07,2017-01-07,Sales,Senior Sales Representative,Senior,Full-Time,Bachelor,Married,Riyadh,10,
EMP0927,Caleb,West,Female,1991-11-14,2020-10-21,Administration,Office Administrator,Mid Level,Full-Time,Bachelor,Single,Jeddah,5,
EMP0928,Jenna,Lopez,Female,1975-12-19,2019-08-09,Sales,Sales Team Lead,Lead,Full-Time,Bachelor,Divorced,Riyadh,18,
EMP0929,Charles,Hall,Male,1989-03-19,2012-10-20,IT,IT Team Lead,Lead,Full-Time,Master,Single,London,15,
EMP0930,Christina,Gibson,Female,1970-10-25,2020-08-17,Engineering,Tech Lead,Lead,Full-Time,Bachelor,Divorced,London,17,
EMP0931,Alexis,Bell,Male,1998-07-27,2016-03-03,Marketing,Senior SEO Specialist,Senior,Full-Time,Bachelor,Single,London,10,
EMP0932,John,Thomas,Male,1995-07-29,2013-01-25,IT,Senior System Administrator,Senior,Full-Time,Master,Divorced,Cairo,12,
EMP0933,Christine,Norman,Male,1984-12-20,2014-01-24,Administration,Administration Lead,Lead,Full-Time,Master,Divorced,Dubai,18,
EMP0934,Dylan,Willis,Male,1971-05-06,2026-03-26,Customer Service,Customer Service Manager,Manager,Full-Time,Bachelor,Single,Dubai,21,
EMP0935,Amber,Moore,Male,2002-01-28,2018-05-23,Finance,Accountant,Mid Level,Full-Time,Master,Divorced,Cairo,5,
EMP0936,Miranda,Le,Male,1986-04-20,2017-05-19,Customer Service,Junior Customer Support,Entry Level,Full-Time,Bachelor,Single,Cairo,0,
EMP0937,Joseph,Yates,Male,1998-06-30,2016-07-19,Operations,Operations Specialist,Mid Level,Part-Time,Diploma,Divorced,Riyadh,6,
EMP0938,Whitney,Galvan,Female,1966-08-08,2022-12-17,IT,Junior Network Engineer,Entry Level,Full-Time,Master,Married,London,1,
EMP0939,Robert,Martin,Female,1996-05-01,2023-01-19,Finance,Senior Financial Analyst,Senior,Full-Time,Diploma,Single,London,12,
EMP0940,David,Christensen,Female,1999-09-20,2022-01-16,Engineering,Software Engineer,Mid Level,Full-Time,Master,Divorced,Riyadh,6,
EMP0941,Jermaine,Taylor,Male,2000-02-12,2012-11-14,Customer Service,Customer Support Specialist,Mid Level,Full-Time,PhD,Divorced,Riyadh,4,
EMP0942,John,Leon,Female,1983-01-11,2019-09-13,Engineering,Senior Frontend Developer,Senior,Contract,Bachelor,Divorced,Cairo,9,
EMP0943,Robert,Phillips,Male,1991-12-06,2023-03-25,Engineering,Junior Backend Developer,Entry Level,Full-Time,Bachelor,Married,London,1,
EMP0944,Aaron,Williams,Male,1973-11-30,2025-01-11,Customer Service,Senior Customer Success Specialist,Senior,Full-Time,Bachelor,Married,Dubai,8,
EMP0945,Cindy,Bryant,Male,2000-03-03,2013-11-26,IT,System Administrator,Mid Level,Full-Time,Bachelor,Single,Jeddah,6,
EMP0946,Stephen,Robinson,Male,1996-09-07,2024-10-11,Marketing,Junior Marketing Specialist,Entry Level,Full-Time,Bachelor,Married,Jeddah,0,
EMP0947,Dana,Hoffman,Female,1990-10-17,2023-01-01,Marketing,Marketing Lead,Lead,Full-Time,Bachelor,Single,London,18,
EMP0948,Paul,Guerra,Male,2004-01-28,2014-12-11,Engineering,Junior Software Engineer,Entry Level,Full-Time,Bachelor,Divorced,London,1,
EMP0949,Shannon,Campbell,Female,1990-03-27,2015-03-17,Engineering,Senior Data Engineer,Senior,Part-Time,Bachelor,Divorced,Riyadh,9,
EMP0950,Ana,Chandler,Male,1976-03-30,2024-11-18,Marketing,SEO Specialist,Mid Level,Full-Time,Diploma,Single,Jeddah,7,
EMP0951,Crystal,Bailey,Female,2003-08-24,2014-11-11,Customer Service,Junior Customer Support,Entry Level,Full-Time,Diploma,Married,Riyadh,1,
EMP0952,Andrew,Odonnell,Male,1980-05-02,2024-01-01,Marketing,Marketing Manager,Manager,Full-Time,Bachelor,Single,Dubai,22,
EMP0953,Gina,Saunders,Male,2000-09-16,2022-01-28,IT,Network Engineer,Mid Level,Full-Time,Master,Married,London,3,
EMP0954,Christopher,Jefferson,Male,1995-09-04,2025-07-31,Engineering,Senior Data Engineer,Senior,Full-Time,Bachelor,Single,Dubai,11,
EMP0955,Theodore,Ramos,Female,2002-05-29,2011-10-04,Legal,Legal Advisor,Mid Level,Full-Time,Master,Single,Jeddah,3,
EMP0956,Jason,Hudson,Male,2001-05-20,2025-12-01,Engineering,Frontend Developer,Mid Level,Full-Time,Bachelor,Single,Dubai,5,
EMP0957,Katrina,Mills,Female,1984-09-14,2021-03-15,IT,IT Team Lead,Lead,Full-Time,Bachelor,Married,London,17,
EMP0958,Mike,Sharp,Female,1983-10-27,2022-04-01,Legal,Senior Legal Advisor,Senior,Full-Time,Bachelor,Married,Jeddah,10,
EMP0959,Erin,Lloyd,Male,1980-06-03,2017-04-03,Engineering,Engineering Manager,Manager,Full-Time,Bachelor,Divorced,Cairo,23,
EMP0960,Alicia,Taylor,Male,1993-05-19,2014-04-14,Finance,Senior Accountant,Senior,Full-Time,Diploma,Single,Jeddah,11,
EMP0961,Scott,Carlson,Female,2003-09-04,2025-06-12,IT,IT Support Specialist,Mid Level,Full-Time,Master,Single,London,5,
EMP0962,James,Burgess,Male,1981-09-30,2019-10-22,Customer Service,Customer Success Specialist,Mid Level,Contract,Master,Divorced,London,6,
EMP0963,Joshua,Sparks,Male,1980-06-24,2020-01-20,Legal,Junior Legal Advisor,Entry Level,Full-Time,Bachelor,Single,Riyadh,0,
EMP0964,Mark,Knight,Male,1977-07-28,2024-10-17,Engineering,Engineering Manager,Manager,Full-Time,Bachelor,Single,London,22,
EMP0965,Jennifer,Salazar,Male,1976-02-29,2011-08-17,Administration,Administration Manager,Manager,Full-Time,Master,Single,London,20,
EMP0966,Brad,Smith,Female,1979-11-13,2017-05-02,Marketing,Senior SEO Specialist,Senior,Full-Time,Bachelor,Married,Jeddah,9,
EMP0967,Erika,Bell,Female,1986-05-03,2017-04-26,Finance,Finance Manager,Manager,Full-Time,Bachelor,Married,Dubai,21,
EMP0968,Robert,Moore,Female,1967-06-20,2013-12-09,Engineering,Engineering Lead,Lead,Full-Time,Master,Married,Cairo,18,
EMP0969,Amanda,Ramirez,Female,1970-02-15,2018-01-07,Sales,Senior Account Executive,Senior,Full-Time,Bachelor,Divorced,Dubai,10,
EMP0970,Juan,Mason,Female,2002-04-10,2012-04-16,HR,HR Specialist,Mid Level,Full-Time,Bachelor,Divorced,Dubai,5,
EMP0971,Doris,Jones,Male,1990-07-27,2025-08-24,Engineering,Frontend Developer,Mid Level,Full-Time,Bachelor,Married,Dubai,7,
EMP0972,Kayla,Johnson,Male,1980-01-12,2018-05-30,Finance,Senior Financial Analyst,Senior,Full-Time,Bachelor,Divorced,Riyadh,10,
EMP0973,Kimberly,Taylor,Male,1975-04-25,2014-10-06,Administration,Senior Office Administrator,Senior,Full-Time,Master,Single,Riyadh,12,
EMP0974,Timothy,Day,Female,1978-06-26,2015-05-04,IT,Senior IT Support Specialist,Senior,Full-Time,Bachelor,Married,Dubai,10,
EMP0975,Sean,Smith,Female,1990-09-08,2017-05-07,Engineering,Senior Software Engineer,Senior,Full-Time,Bachelor,Divorced,Riyadh,9,
EMP0976,Robert,Hicks,Male,2003-05-13,2013-10-05,HR,Recruiter,Mid Level,Full-Time,Bachelor,Divorced,Cairo,3,
EMP0977,Jeffrey,Washington,Male,1988-04-04,2013-02-03,Operations,Operations Lead,Lead,Full-Time,Bachelor,Married,Cairo,17,
EMP0978,Jason,Ryan,Male,1985-03-03,2026-06-07,Engineering,Engineering Manager,Manager,Full-Time,Bachelor,Single,Dubai,20,
EMP0979,Brian,Martin,Male,1973-10-05,2025-02-19,Engineering,Engineering Manager,Manager,Full-Time,Diploma,Single,Dubai,22,
EMP0980,John,Johnson,Female,1992-04-04,2011-10-18,Engineering,Junior Frontend Developer,Entry Level,Full-Time,Bachelor,Married,Dubai,2,
EMP0981,Raymond,Hughes,Female,1994-07-18,2021-09-20,Finance,Accountant,Mid Level,Full-Time,Bachelor,Married,Jeddah,5,
EMP0982,Paula,Hendricks,Female,1967-07-24,2025-09-04,Marketing,SEO Specialist,Mid Level,Part-Time,Bachelor,Single,Jeddah,7,
EMP0983,Sara,Bernard,Male,2002-09-08,2025-03-09,Engineering,Junior Software Engineer,Entry Level,Contract,Bachelor,Married,London,1,
EMP0984,Nancy,Grimes,Male,1977-12-14,2020-11-15,Engineering,Engineering Manager,Manager,Full-Time,Master,Single,Cairo,25,
EMP0985,Christian,Franklin,Male,1994-07-20,2024-12-04,Engineering,Software Engineer,Mid Level,Full-Time,Master,Married,Dubai,7,
EMP0986,Johnathan,Saunders,Female,1970-06-10,2022-06-26,IT,IT Team Lead,Lead,Full-Time,Bachelor,Divorced,London,16,
EMP0987,Margaret,Burnett,Female,1986-12-28,2025-09-18,Engineering,Engineering Manager,Manager,Full-Time,Bachelor,Single,Cairo,21,
EMP0988,Christopher,Rodriguez,Female,1975-01-25,2024-09-07,Operations,Junior Operations Specialist,Entry Level,Full-Time,Bachelor,Single,Dubai,0,
EMP0989,Evan,Welch,Male,1982-06-03,2023-09-04,Operations,Junior Operations Specialist,Entry Level,Contract,Master,Divorced,London,2,
EMP0990,Patricia,Rodriguez,Male,1967-01-07,2012-10-16,Engineering,Engineering Manager,Manager,Full-Time,Master,Divorced,Cairo,20,
EMP0991,Teresa,Johnston,Male,1988-04-03,2017-10-11,Customer Service,Customer Support Lead,Lead,Full-Time,Master,Single,Dubai,16,
EMP0992,Teresa,Davis,Male,1984-09-05,2012-11-19,Engineering,Junior Software Engineer,Entry Level,Full-Time,Bachelor,Married,Riyadh,2,
EMP0993,Amanda,Mccarty,Female,1991-07-03,2026-04-03,HR,Senior Recruiter,Senior,Full-Time,Master,Divorced,Jeddah,8,
EMP0994,Rachael,Rogers,Male,1972-09-04,2024-03-04,Legal,Junior Legal Advisor,Entry Level,Full-Time,Bachelor,Single,Riyadh,1,
EMP0995,Elijah,Branch,Male,1998-07-25,2016-01-17,Sales,Junior Sales Representative,Entry Level,Full-Time,Master,Single,Jeddah,2,
EMP0996,Lisa,Bowman,Male,1974-06-28,2018-12-18,IT,IT Manager,Manager,Full-Time,Master,Single,Riyadh,23,
EMP0997,David,Goodwin,Male,1979-07-17,2020-07-26,Legal,Legal Advisor,Mid Level,Full-Time,Master,Divorced,Cairo,3,
EMP0998,Eric,Booth,Female,1997-06-08,2015-04-07,Marketing,Junior Marketing Specialist,Entry Level,Full-Time,Bachelor,Single,Dubai,1,
EMP0999,Bryce,Park,Male,2002-12-04,2016-10-01,IT,IT Support Specialist,Mid Level,Full-Time,Bachelor,Single,Jeddah,5,
EMP1000,Claire,Jones,Female,1984-10-19,2024-03-27,Engineering,Junior Backend Developer,Entry Level,Full-Time,Bachelor,Divorced,Jeddah,2,
