salary_id,employee_id,salary_date,base_salary,bonus,increment_percentage,total_salary
SAL00001,EMP0001,2023-02-15,16841.0,263,0,17104.0
SAL00002,EMP0001,2025-02-15 00:00:00,18356.69,436,9,18792.69
SAL00003,EMP0001,2027-02-15 00:00:00,19458.09,2016,6,21474.09
SAL00004,EMP0002,2021-07-05,6188.0,765,0,6953.0
SAL00005,EMP0003,2012-01-27,6802.0,678,0,7480.0
SAL00006,EMP0003,2013-01-27 00:00:00,7414.18,171,9,7585.18
SAL00007,EMP0003,2014-01-27 00:00:00,7636.61,930,3,8566.61
SAL00008,EMP0004,2021-11-21,13566.0,644,0,14210.0
SAL00009,EMP0004,2023-11-21 00:00:00,14515.62,1360,7,15875.62
SAL00010,EMP0005,2017-02-11,3794.0,530,0,4324.0
SAL00011,EMP0005,2018-02-11 00:00:00,3983.7,180,5,4163.7
SAL00012,EMP0006,2018-11-03,9020.0,670,0,9690.0
SAL00013,EMP0006,2019-11-03 00:00:00,9651.4,22,7,9673.4
SAL00014,EMP0006,2020-11-03 00:00:00,10133.97,1325,5,11458.97
SAL00015,EMP0007,2013-11-26,7200.0,125,0,7325.0
SAL00016,EMP0007,2014-11-26 00:00:00,7920.0,737,10,8657.0
SAL00017,EMP0007,2016-11-26 00:00:00,8157.6,272,3,8429.6
SAL00018,EMP0008,2017-04-25,6032.0,794,0,6826.0
SAL00019,EMP0008,2019-04-25 00:00:00,6574.88,982,9,7556.88
SAL00020,EMP0009,2018-06-13,11061.0,622,0,11683.0
SAL00021,EMP0009,2020-06-13 00:00:00,11503.44,870,4,12373.44
SAL00022,EMP0010,2025-11-09,22982.0,1090,0,24072.0
SAL00023,EMP0010,2026-11-09 00:00:00,24360.92,3029,6,27389.92
SAL00024,EMP0010,2028-11-09 00:00:00,26553.4,3215,9,29768.4
SAL00025,EMP0011,2023-06-23,8646.0,865,0,9511.0
SAL00026,EMP0011,2025-06-23 00:00:00,9510.6,1300,10,10810.6
SAL00027,EMP0012,2019-05-19,14874.0,865,0,15739.0
SAL00028,EMP0013,2015-08-05,5587.0,25,0,5612.0
SAL00029,EMP0013,2016-08-05 00:00:00,6033.96,749,8,6782.96
SAL00030,EMP0013,2018-08-05 00:00:00,6335.66,285,5,6620.66
SAL00031,EMP0014,2015-12-20,7968.0,983,0,8951.0
SAL00032,EMP0014,2016-12-20 00:00:00,8286.72,787,4,9073.72
SAL00033,EMP0014,2017-12-20 00:00:00,9032.52,365,9,9397.52
SAL00034,EMP0015,2013-11-26,15979.0,1573,0,17552.0
SAL00035,EMP0015,2015-11-26 00:00:00,16937.74,1337,6,18274.74
SAL00036,EMP0016,2012-09-26,29282.0,1394,0,30676.0
SAL00037,EMP0016,2013-09-26 00:00:00,30746.1,4469,5,35215.1
SAL00038,EMP0016,2015-09-26 00:00:00,33205.79,1817,8,35022.79
SAL00039,EMP0017,2024-04-26,8728.0,348,0,9076.0
SAL00040,EMP0017,2026-04-26 00:00:00,9251.68,630,6,9881.68
SAL00041,EMP0017,2027-04-26 00:00:00,10176.85,540,10,10716.85
SAL00042,EMP0018,2021-02-03,27665.0,215,0,27880.0
SAL00043,EMP0019,2025-02-06,29424.0,2169,0,31593.0
SAL00044,EMP0019,2026-02-06 00:00:00,31777.92,497,8,32274.92
SAL00045,EMP0020,2013-02-09,6242.0,210,0,6452.0
SAL00046,EMP0020,2015-02-09 00:00:00,6491.68,201,4,6692.68
SAL00047,EMP0020,2016-02-09 00:00:00,6751.35,69,4,6820.35
SAL00048,EMP0021,2022-08-27,15494.0,757,0,16251.0
SAL00049,EMP0022,2017-04-23,30443.0,3630,0,34073.0
SAL00050,EMP0022,2018-04-23 00:00:00,33182.87,2410,9,35592.87
SAL00051,EMP0023,2020-06-18,14685.0,1199,0,15884.0
SAL00052,EMP0023,2021-06-18 00:00:00,15712.95,1896,7,17608.95
SAL00053,EMP0023,2022-06-18 00:00:00,16812.86,409,7,17221.86
SAL00054,EMP0024,2024-04-22,24711.0,2608,0,27319.0
SAL00055,EMP0024,2025-04-22 00:00:00,27182.1,3532,10,30714.1
SAL00056,EMP0025,2016-12-18,12924.0,1490,0,14414.0
SAL00057,EMP0025,2017-12-18 00:00:00,13570.2,1950,5,15520.2
SAL00058,EMP0026,2017-03-07,6425.0,114,0,6539.0
SAL00059,EMP0026,2018-03-07 00:00:00,7067.5,501,10,7568.5
SAL00060,EMP0026,2019-03-07 00:00:00,7703.58,437,9,8140.58
SAL00061,EMP0027,2023-11-29,19622.0,2802,0,22424.0
SAL00062,EMP0027,2024-11-29 00:00:00,20799.32,1733,6,22532.32
SAL00063,EMP0027,2026-11-29 00:00:00,22463.27,562,8,23025.27
SAL00064,EMP0028,2023-06-15,3124.0,283,0,3407.0
SAL00065,EMP0028,2024-06-15 00:00:00,3342.68,174,7,3516.68
SAL00066,EMP0028,2026-06-15 00:00:00,3676.95,69,10,3745.95
SAL00067,EMP0029,2018-04-11,10564.0,758,0,11322.0
SAL00068,EMP0029,2019-04-11 00:00:00,11514.76,1028,9,12542.76
SAL00069,EMP0030,2015-12-19,8966.0,606,0,9572.0
SAL00070,EMP0030,2016-12-19 00:00:00,9414.3,279,5,9693.3
SAL00071,EMP0030,2018-12-19 00:00:00,10167.44,1325,8,11492.44
SAL00072,EMP0031,2022-09-30,8199.0,1049,0,9248.0
SAL00073,EMP0031,2024-09-30 00:00:00,8690.94,1146,6,9836.94
SAL00074,EMP0031,2026-09-30 00:00:00,8951.67,1217,3,10168.67
SAL00075,EMP0032,2012-04-23,6336.0,355,0,6691.0
SAL00076,EMP0032,2013-04-23 00:00:00,6969.6,854,10,7823.6
SAL00077,EMP0032,2015-04-23 00:00:00,7666.56,348,10,8014.56
SAL00078,EMP0033,2020-05-05,6192.0,535,0,6727.0
SAL00079,EMP0033,2021-05-05 00:00:00,6563.52,409,6,6972.52
SAL00080,EMP0034,2024-10-28,8870.0,1227,0,10097.0
SAL00081,EMP0034,2025-10-28 00:00:00,9313.5,473,5,9786.5
SAL00082,EMP0035,2022-08-02,6129.0,465,0,6594.0
SAL00083,EMP0035,2024-08-02 00:00:00,6619.32,759,8,7378.32
SAL00084,EMP0036,2022-09-13,9968.0,290,0,10258.0
SAL00085,EMP0036,2024-09-13 00:00:00,10765.44,314,8,11079.44
SAL00086,EMP0036,2026-09-13 00:00:00,11626.68,332,8,11958.68
SAL00087,EMP0037,2015-09-13,18280.0,1224,0,19504.0
SAL00088,EMP0038,2020-07-09,3690.0,353,0,4043.0
SAL00089,EMP0039,2018-02-07,4820.0,674,0,5494.0
SAL00090,EMP0039,2020-02-07 00:00:00,5205.6,476,8,5681.6
SAL00091,EMP0039,2022-02-07 00:00:00,5674.1,445,9,6119.1
SAL00092,EMP0040,2012-09-27,8521.0,1194,0,9715.0
SAL00093,EMP0040,2013-09-27 00:00:00,9032.26,1305,6,10337.26
SAL00094,EMP0041,2025-02-21,28261.0,754,0,29015.0
SAL00095,EMP0041,2027-02-21 00:00:00,29391.44,1262,4,30653.44
SAL00096,EMP0042,2025-10-29,31873.0,1405,0,33278.0
SAL00097,EMP0042,2027-10-29 00:00:00,33147.92,4242,4,37389.92
SAL00098,EMP0042,2029-10-29 00:00:00,35468.27,2420,7,37888.27
SAL00099,EMP0043,2016-12-27,17486.0,2605,0,20091.0
SAL00100,EMP0043,2018-12-27 00:00:00,18884.88,1817,8,20701.88
SAL00101,EMP0044,2020-07-01,18899.0,797,0,19696.0
SAL00102,EMP0044,2022-07-01 00:00:00,19654.96,2559,4,22213.96
SAL00103,EMP0044,2023-07-01 00:00:00,20637.71,2670,5,23307.71
SAL00104,EMP0045,2023-06-11,6780.0,661,0,7441.0
SAL00105,EMP0045,2025-06-11 00:00:00,7458.0,1008,10,8466.0
SAL00106,EMP0046,2022-01-29,5941.0,528,0,6469.0
SAL00107,EMP0046,2023-01-29 00:00:00,6119.23,95,3,6214.23
SAL00108,EMP0046,2024-01-29 00:00:00,6669.96,827,9,7496.96
SAL00109,EMP0047,2022-09-11,5628.0,166,0,5794.0
SAL00110,EMP0047,2024-09-11 00:00:00,6078.24,803,8,6881.24
SAL00111,EMP0048,2022-09-01,6868.0,71,0,6939.0
SAL00112,EMP0048,2023-09-01 00:00:00,7348.76,174,7,7522.76
SAL00113,EMP0049,2015-04-18,14308.0,1316,0,15624.0
SAL00114,EMP0049,2017-04-18 00:00:00,14737.24,660,3,15397.24
SAL00115,EMP0050,2017-05-17,15891.0,1312,0,17203.0
SAL00116,EMP0051,2018-08-29,16958.0,1366,0,18324.0
SAL00117,EMP0052,2012-12-04,19752.0,1684,0,21436.0
SAL00118,EMP0053,2024-05-01,29343.0,3502,0,32845.0
SAL00119,EMP0053,2025-05-01 00:00:00,31103.58,4182,6,35285.58
SAL00120,EMP0054,2023-04-18,8029.0,54,0,8083.0
SAL00121,EMP0055,2025-03-16,5466.0,323,0,5789.0
SAL00122,EMP0055,2027-03-16 00:00:00,5739.3,242,5,5981.3
SAL00123,EMP0055,2029-03-16 00:00:00,6255.84,503,9,6758.84
SAL00124,EMP0056,2017-05-02,5548.0,170,0,5718.0
SAL00125,EMP0056,2018-05-02 00:00:00,5991.84,194,8,6185.84
SAL00126,EMP0056,2019-05-02 00:00:00,6531.11,208,9,6739.11
SAL00127,EMP0057,2017-12-06,21339.0,2587,0,23926.0
SAL00128,EMP0057,2019-12-06 00:00:00,23472.9,3072,10,26544.9
SAL00129,EMP0057,2021-12-06 00:00:00,25585.46,1588,9,27173.46
SAL00130,EMP0058,2024-06-22,14510.0,1733,0,16243.0
SAL00131,EMP0059,2021-10-03,12109.0,1028,0,13137.0
SAL00132,EMP0059,2023-10-03 00:00:00,13198.81,749,9,13947.81
SAL00133,EMP0060,2013-12-28,17164.0,1233,0,18397.0
SAL00134,EMP0060,2014-12-28 00:00:00,17678.92,1487,3,19165.92
SAL00135,EMP0061,2021-03-19,7209.0,742,0,7951.0
SAL00136,EMP0061,2023-03-19 00:00:00,7929.9,712,10,8641.9
SAL00137,EMP0061,2024-03-19 00:00:00,8405.69,592,6,8997.69
SAL00138,EMP0062,2012-04-08,17949.0,1589,0,19538.0
SAL00139,EMP0062,2014-04-08 00:00:00,19205.43,721,7,19926.43
SAL00140,EMP0062,2016-04-08 00:00:00,20741.86,731,8,21472.86
SAL00141,EMP0063,2012-10-07,14268.0,1729,0,15997.0
SAL00142,EMP0064,2025-08-01,20947.0,1278,0,22225.0
SAL00143,EMP0064,2027-08-01 00:00:00,21575.41,3172,3,24747.41
SAL00144,EMP0065,2022-09-01,7123.0,46,0,7169.0
SAL00145,EMP0065,2023-09-01 00:00:00,7479.15,130,5,7609.15
SAL00146,EMP0066,2016-02-22,4364.0,394,0,4758.0
SAL00147,EMP0066,2017-02-22 00:00:00,4669.48,575,7,5244.48
SAL00148,EMP0067,2012-06-13,9818.0,711,0,10529.0
SAL00149,EMP0067,2013-06-13 00:00:00,10603.44,1411,8,12014.44
SAL00150,EMP0068,2019-07-16,21028.0,804,0,21832.0
SAL00151,EMP0069,2022-11-25,4039.0,402,0,4441.0
SAL00152,EMP0069,2023-11-25 00:00:00,4240.95,285,5,4525.95
SAL00153,EMP0070,2014-07-15,9062.0,390,0,9452.0
SAL00154,EMP0070,2016-07-15 00:00:00,9696.34,684,7,10380.34
SAL00155,EMP0070,2017-07-15 00:00:00,10278.12,1353,6,11631.12
SAL00156,EMP0071,2018-11-18,13354.0,1,0,13355.0
SAL00157,EMP0072,2018-01-04,31818.0,4757,0,36575.0
SAL00158,EMP0073,2018-10-23,5347.0,770,0,6117.0
SAL00159,EMP0073,2019-10-23 00:00:00,5667.82,336,6,6003.82
SAL00160,EMP0074,2015-06-03,17183.0,190,0,17373.0
SAL00161,EMP0074,2016-06-03 00:00:00,18901.3,2733,10,21634.3
SAL00162,EMP0075,2013-08-19,4591.0,287,0,4878.0
SAL00163,EMP0076,2018-03-25,4701.0,132,0,4833.0
SAL00164,EMP0077,2026-01-11,9459.0,192,0,9651.0
SAL00165,EMP0077,2028-01-11 00:00:00,10121.13,403,7,10524.13
SAL00166,EMP0077,2030-01-11 00:00:00,10627.19,30,5,10657.19
SAL00167,EMP0078,2011-11-18,5816.0,713,0,6529.0
SAL00168,EMP0078,2012-11-18 00:00:00,6281.28,41,8,6322.28
SAL00169,EMP0079,2013-10-31,20702.0,2337,0,23039.0
SAL00170,EMP0080,2016-08-01,8546.0,1089,0,9635.0
SAL00171,EMP0080,2017-08-01 00:00:00,9058.76,81,6,9139.76
SAL00172,EMP0080,2019-08-01 00:00:00,9964.64,1313,10,11277.64
SAL00173,EMP0081,2024-10-20,19746.0,2374,0,22120.0
SAL00174,EMP0081,2026-10-20 00:00:00,20733.3,348,5,21081.3
SAL00175,EMP0081,2027-10-20 00:00:00,22391.96,3286,8,25677.96
SAL00176,EMP0082,2018-08-18,26572.0,2423,0,28995.0
SAL00177,EMP0083,2026-03-12,15897.0,1,0,15898.0
SAL00178,EMP0084,2025-05-24,5047.0,416,0,5463.0
SAL00179,EMP0084,2026-05-24 00:00:00,5400.29,554,7,5954.29
SAL00180,EMP0084,2028-05-24 00:00:00,5940.32,633,10,6573.32
SAL00181,EMP0085,2014-12-04,15643.0,501,0,16144.0
SAL00182,EMP0085,2016-12-04 00:00:00,17050.87,2053,9,19103.87
SAL00183,EMP0085,2017-12-04 00:00:00,18585.45,1772,9,20357.45
SAL00184,EMP0086,2023-09-29,11890.0,1310,0,13200.0
SAL00185,EMP0086,2025-09-29 00:00:00,12246.7,265,3,12511.7
SAL00186,EMP0086,2027-09-29 00:00:00,13471.37,1994,10,15465.37
SAL00187,EMP0087,2017-05-22,21876.0,1125,0,23001.0
SAL00188,EMP0088,2017-04-27,30346.0,110,0,30456.0
SAL00189,EMP0088,2019-04-27 00:00:00,33077.14,3780,9,36857.14
SAL00190,EMP0088,2021-04-27 00:00:00,36384.85,3254,10,39638.85
SAL00191,EMP0089,2014-06-19,17351.0,774,0,18125.0
SAL00192,EMP0089,2016-06-19 00:00:00,17871.53,336,3,18207.53
SAL00193,EMP0090,2015-03-20,10336.0,40,0,10376.0
SAL00194,EMP0091,2022-07-03,14795.0,394,0,15189.0
SAL00195,EMP0091,2023-07-03 00:00:00,15978.6,1789,8,17767.6
SAL00196,EMP0092,2025-02-02,8269.0,1120,0,9389.0
SAL00197,EMP0092,2026-02-02 00:00:00,8765.14,429,6,9194.14
SAL00198,EMP0093,2025-10-05,3970.0,244,0,4214.0
SAL00199,EMP0093,2026-10-05 00:00:00,4287.6,626,8,4913.6
SAL00200,EMP0094,2020-10-24,3059.0,194,0,3253.0
SAL00201,EMP0094,2022-10-24 00:00:00,3273.13,207,7,3480.13
SAL00202,EMP0094,2023-10-24 00:00:00,3502.25,461,7,3963.25
SAL00203,EMP0095,2018-06-01,8447.0,144,0,8591.0
SAL00204,EMP0095,2020-06-01 00:00:00,9291.7,1042,10,10333.7
SAL00205,EMP0096,2015-07-06,6007.0,458,0,6465.0
SAL00206,EMP0096,2016-07-06 00:00:00,6547.63,307,9,6854.63
SAL00207,EMP0097,2018-11-17,6027.0,670,0,6697.0
SAL00208,EMP0098,2018-04-19,11578.0,1271,0,12849.0
SAL00209,EMP0098,2020-04-19 00:00:00,12735.8,1482,10,14217.8
SAL00210,EMP0099,2022-03-23,9399.0,369,0,9768.0
SAL00211,EMP0100,2023-10-18,9956.0,270,0,10226.0
SAL00212,EMP0100,2025-10-18 00:00:00,10553.36,716,6,11269.36
SAL00213,EMP0101,2015-02-09,30712.0,826,0,31538.0
SAL00214,EMP0101,2016-02-09 00:00:00,32861.84,759,7,33620.84
SAL00215,EMP0101,2018-02-09 00:00:00,34176.31,3179,4,37355.31
SAL00216,EMP0102,2021-12-22,11964.0,806,0,12770.0
SAL00217,EMP0103,2018-01-06,7260.0,207,0,7467.0
SAL00218,EMP0104,2019-02-26,12734.0,212,0,12946.0
SAL00219,EMP0104,2021-02-26 00:00:00,13498.04,469,6,13967.04
SAL00220,EMP0104,2023-02-26 00:00:00,14577.88,459,8,15036.88
SAL00221,EMP0105,2015-12-04,10759.0,760,0,11519.0
SAL00222,EMP0105,2017-12-04 00:00:00,11619.72,1141,8,12760.72
SAL00223,EMP0106,2017-04-23,16402.0,1483,0,17885.0
SAL00224,EMP0106,2019-04-23 00:00:00,17878.18,432,9,18310.18
SAL00225,EMP0106,2020-04-23 00:00:00,18593.31,1217,4,19810.31
SAL00226,EMP0107,2012-10-03,8480.0,536,0,9016.0
SAL00227,EMP0107,2013-10-03 00:00:00,9243.2,715,9,9958.2
SAL00228,EMP0107,2015-10-03 00:00:00,10167.52,366,10,10533.52
SAL00229,EMP0108,2012-09-02,7615.0,599,0,8214.0
SAL00230,EMP0108,2014-09-02 00:00:00,7995.75,328,5,8323.75
SAL00231,EMP0108,2016-09-02 00:00:00,8555.45,565,7,9120.45
SAL00232,EMP0109,2019-08-15,6373.0,385,0,6758.0
SAL00233,EMP0109,2021-08-15 00:00:00,6946.57,771,9,7717.57
SAL00234,EMP0110,2017-03-29,22888.0,1439,0,24327.0
SAL00235,EMP0110,2018-03-29 00:00:00,24261.28,792,6,25053.28
SAL00236,EMP0110,2019-03-29 00:00:00,24989.12,1658,3,26647.12
SAL00237,EMP0111,2015-07-22,17824.0,2625,0,20449.0
SAL00238,EMP0111,2017-07-22 00:00:00,18536.96,344,4,18880.96
SAL00239,EMP0111,2018-07-22 00:00:00,19278.44,2493,4,21771.44
SAL00240,EMP0112,2011-08-17,5256.0,784,0,6040.0
SAL00241,EMP0112,2013-08-17 00:00:00,5571.36,383,6,5954.36
SAL00242,EMP0112,2014-08-17 00:00:00,5905.64,229,6,6134.64
SAL00243,EMP0113,2026-04-05,15552.0,1377,0,16929.0
SAL00244,EMP0114,2019-05-08,6028.0,447,0,6475.0
SAL00245,EMP0115,2023-04-07,20516.0,1187,0,21703.0
SAL00246,EMP0116,2017-11-04,9910.0,1484,0,11394.0
SAL00247,EMP0117,2026-06-25,6549.0,368,0,6917.0
SAL00248,EMP0117,2027-06-25 00:00:00,7072.92,289,8,7361.92
SAL00249,EMP0118,2014-08-28,8945.0,947,0,9892.0
SAL00250,EMP0119,2023-02-01,26559.0,1084,0,27643.0
SAL00251,EMP0119,2025-02-01 00:00:00,29214.9,1420,10,30634.9
SAL00252,EMP0120,2012-03-21,14225.0,1747,0,15972.0
SAL00253,EMP0121,2013-03-17,7296.0,11,0,7307.0
SAL00254,EMP0122,2014-12-20,8169.0,300,0,8469.0
SAL00255,EMP0122,2016-12-20 00:00:00,8414.07,1094,3,9508.07
SAL00256,EMP0122,2018-12-20 00:00:00,9255.48,116,10,9371.48
SAL00257,EMP0123,2019-06-09,20036.0,387,0,20423.0
SAL00258,EMP0123,2020-06-09 00:00:00,21238.16,507,6,21745.16
SAL00259,EMP0123,2022-06-09 00:00:00,23149.59,3195,9,26344.59
SAL00260,EMP0124,2021-08-28,10836.0,1258,0,12094.0
SAL00261,EMP0124,2022-08-28 00:00:00,11594.52,510,7,12104.52
SAL00262,EMP0124,2023-08-28 00:00:00,12638.03,1628,9,14266.03
SAL00263,EMP0125,2025-06-12,9367.0,1235,0,10602.0
SAL00264,EMP0125,2027-06-12 00:00:00,10022.69,395,7,10417.69
SAL00265,EMP0125,2029-06-12 00:00:00,11024.96,760,10,11784.96
SAL00266,EMP0126,2022-09-21,10596.0,580,0,11176.0
SAL00267,EMP0126,2023-09-21 00:00:00,11443.68,698,8,12141.68
SAL00268,EMP0127,2023-10-18,4006.0,515,0,4521.0
SAL00269,EMP0127,2024-10-18 00:00:00,4366.54,402,9,4768.54
SAL00270,EMP0127,2025-10-18 00:00:00,4715.86,36,8,4751.86
SAL00271,EMP0128,2018-11-17,28392.0,1802,0,30194.0
SAL00272,EMP0128,2020-11-17 00:00:00,31231.2,3074,10,34305.2
SAL00273,EMP0128,2022-11-17 00:00:00,33105.07,3391,6,36496.07
SAL00274,EMP0129,2013-06-11,7734.0,623,0,8357.0
SAL00275,EMP0130,2020-10-08,32252.0,2982,0,35234.0
SAL00276,EMP0130,2022-10-08 00:00:00,35477.2,4459,10,39936.2
SAL00277,EMP0131,2021-11-17,8897.0,406,0,9303.0
SAL00278,EMP0132,2012-11-29,11048.0,708,0,11756.0
SAL00279,EMP0133,2025-05-05,5977.0,79,0,6056.0
SAL00280,EMP0133,2026-05-05 00:00:00,6455.16,202,8,6657.16
SAL00281,EMP0134,2021-10-25,11916.0,1259,0,13175.0
SAL00282,EMP0134,2023-10-25 00:00:00,12273.48,850,3,13123.48
SAL00283,EMP0134,2024-10-25 00:00:00,13255.36,342,8,13597.36
SAL00284,EMP0135,2019-05-25,26668.0,2850,0,29518.0
SAL00285,EMP0135,2021-05-25 00:00:00,27468.04,1056,3,28524.04
SAL00286,EMP0136,2016-09-21,5354.0,533,0,5887.0
SAL00287,EMP0136,2018-09-21 00:00:00,5675.24,812,6,6487.24
SAL00288,EMP0137,2022-07-30,10106.0,272,0,10378.0
SAL00289,EMP0138,2014-02-09,12616.0,1338,0,13954.0
SAL00290,EMP0139,2018-06-29,3885.0,190,0,4075.0
SAL00291,EMP0140,2023-08-01,5969.0,822,0,6791.0
SAL00292,EMP0140,2024-08-01 00:00:00,6267.45,570,5,6837.45
SAL00293,EMP0141,2018-10-17,14573.0,1093,0,15666.0
SAL00294,EMP0141,2020-10-17 00:00:00,15447.38,928,6,16375.38
SAL00295,EMP0142,2022-02-17,13614.0,1757,0,15371.0
SAL00296,EMP0143,2022-12-30,11097.0,1592,0,12689.0
SAL00297,EMP0143,2024-12-30 00:00:00,11651.85,939,5,12590.85
SAL00298,EMP0144,2020-09-06,4078.0,216,0,4294.0
SAL00299,EMP0145,2022-10-07,29335.0,1809,0,31144.0
SAL00300,EMP0145,2024-10-07 00:00:00,30801.75,282,5,31083.75
SAL00301,EMP0145,2026-10-07 00:00:00,32341.84,4106,5,36447.84
SAL00302,EMP0146,2020-10-09,6384.0,724,0,7108.0
SAL00303,EMP0146,2022-10-09 00:00:00,6703.2,578,5,7281.2
SAL00304,EMP0147,2026-04-23,19538.0,1907,0,21445.0
SAL00305,EMP0147,2028-04-23 00:00:00,20319.52,2094,4,22413.52
SAL00306,EMP0147,2029-04-23 00:00:00,21538.69,515,6,22053.69
SAL00307,EMP0148,2014-06-26,24369.0,120,0,24489.0
SAL00308,EMP0148,2015-06-26 00:00:00,25343.76,1689,4,27032.76
SAL00309,EMP0149,2021-12-29,4817.0,88,0,4905.0
SAL00310,EMP0150,2024-04-15,15275.0,593,0,15868.0
SAL00311,EMP0151,2017-05-31,32208.0,30,0,32238.0
SAL00312,EMP0152,2017-10-06,10214.0,61,0,10275.0
SAL00313,EMP0152,2018-10-06 00:00:00,10520.42,1566,3,12086.42
SAL00314,EMP0152,2020-10-06 00:00:00,11467.26,632,9,12099.26
SAL00315,EMP0153,2017-08-08,31080.0,4564,0,35644.0
SAL00316,EMP0153,2018-08-08 00:00:00,33877.2,4726,9,38603.2
SAL00317,EMP0153,2019-08-08 00:00:00,36248.6,3026,7,39274.6
SAL00318,EMP0154,2018-03-04,9625.0,1336,0,10961.0
SAL00319,EMP0154,2020-03-04 00:00:00,10491.25,34,9,10525.25
SAL00320,EMP0154,2022-03-04 00:00:00,10805.99,845,3,11650.99
SAL00321,EMP0155,2020-01-21,8849.0,1224,0,10073.0
SAL00322,EMP0155,2022-01-21 00:00:00,9733.9,413,10,10146.9
SAL00323,EMP0156,2015-05-25,11743.0,563,0,12306.0
SAL00324,EMP0157,2023-04-27,4814.0,561,0,5375.0
SAL00325,EMP0158,2015-08-24,4020.0,523,0,4543.0
SAL00326,EMP0158,2016-08-24 00:00:00,4180.8,281,4,4461.8
SAL00327,EMP0158,2017-08-24 00:00:00,4598.88,391,10,4989.88
SAL00328,EMP0159,2026-04-12,21627.0,1499,0,23126.0
SAL00329,EMP0160,2024-04-07,9720.0,702,0,10422.0
SAL00330,EMP0160,2026-04-07 00:00:00,10692.0,262,10,10954.0
SAL00331,EMP0160,2028-04-07 00:00:00,11547.36,411,8,11958.36
SAL00332,EMP0161,2018-08-08,16037.0,501,0,16538.0
SAL00333,EMP0162,2015-01-15,6753.0,836,0,7589.0
SAL00334,EMP0162,2017-01-15 00:00:00,7428.3,1081,10,8509.3
SAL00335,EMP0163,2024-04-18,22240.0,3164,0,25404.0
SAL00336,EMP0163,2025-04-18 00:00:00,23574.4,3489,6,27063.4
SAL00337,EMP0164,2026-06-30,9358.0,295,0,9653.0
SAL00338,EMP0164,2027-06-30 00:00:00,10200.22,883,9,11083.22
SAL00339,EMP0164,2029-06-30 00:00:00,11220.24,1245,10,12465.24
SAL00340,EMP0165,2020-12-06,18381.0,830,0,19211.0
SAL00341,EMP0165,2022-12-06 00:00:00,20219.1,465,10,20684.1
SAL00342,EMP0165,2024-12-06 00:00:00,22038.82,2930,9,24968.82
SAL00343,EMP0166,2011-10-07,4545.0,564,0,5109.0
SAL00344,EMP0166,2012-10-07 00:00:00,4817.7,278,6,5095.7
SAL00345,EMP0166,2014-10-07 00:00:00,5058.59,519,5,5577.59
SAL00346,EMP0167,2012-04-09,17622.0,1474,0,19096.0
SAL00347,EMP0168,2025-02-14,14076.0,405,0,14481.0
SAL00348,EMP0168,2027-02-14 00:00:00,14639.04,1552,4,16191.04
SAL00349,EMP0169,2013-07-31,6491.0,71,0,6562.0
SAL00350,EMP0169,2015-07-31 00:00:00,7075.19,680,9,7755.19
SAL00351,EMP0169,2016-07-31 00:00:00,7499.7,821,6,8320.7
SAL00352,EMP0170,2019-07-27,5433.0,225,0,5658.0
SAL00353,EMP0170,2020-07-27 00:00:00,5813.31,690,7,6503.31
SAL00354,EMP0170,2021-07-27 00:00:00,6162.11,118,6,6280.11
SAL00355,EMP0171,2023-12-16,9682.0,989,0,10671.0
SAL00356,EMP0172,2026-06-24,6968.0,851,0,7819.0
SAL00357,EMP0172,2028-06-24 00:00:00,7525.44,1019,8,8544.44
SAL00358,EMP0173,2023-10-18,7613.0,913,0,8526.0
SAL00359,EMP0173,2025-10-18 00:00:00,8145.91,734,7,8879.91
SAL00360,EMP0174,2011-10-02,6717.0,172,0,6889.0
SAL00361,EMP0174,2012-10-02 00:00:00,7187.19,46,7,7233.19
SAL00362,EMP0174,2014-10-02 00:00:00,7546.55,994,5,8540.55
SAL00363,EMP0175,2021-09-28,7005.0,483,0,7488.0
SAL00364,EMP0175,2022-09-28 00:00:00,7565.4,940,8,8505.4
SAL00365,EMP0176,2017-06-30,7190.0,86,0,7276.0
SAL00366,EMP0177,2015-08-26,20022.0,2901,0,22923.0
SAL00367,EMP0177,2017-08-26 00:00:00,21023.1,1985,5,23008.1
SAL00368,EMP0177,2019-08-26 00:00:00,22074.26,2471,5,24545.26
SAL00369,EMP0178,2013-02-16,5526.0,526,0,6052.0
SAL00370,EMP0178,2014-02-16 00:00:00,5912.82,282,7,6194.82
SAL00371,EMP0178,2016-02-16 00:00:00,6385.85,436,8,6821.85
SAL00372,EMP0179,2026-06-26,32663.0,358,0,33021.0
SAL00373,EMP0179,2028-06-26 00:00:00,33969.52,738,4,34707.52
SAL00374,EMP0180,2017-08-30,17833.0,1560,0,19393.0
SAL00375,EMP0180,2019-08-30 00:00:00,18546.32,91,4,18637.32
SAL00376,EMP0181,2022-10-25,7849.0,345,0,8194.0
SAL00377,EMP0182,2014-10-18,10347.0,46,0,10393.0
SAL00378,EMP0182,2015-10-18 00:00:00,10967.82,1199,6,12166.82
SAL00379,EMP0182,2016-10-18 00:00:00,11845.25,789,8,12634.25
SAL00380,EMP0183,2021-03-24,9847.0,438,0,10285.0
SAL00381,EMP0184,2022-04-10,7342.0,822,0,8164.0
SAL00382,EMP0184,2023-04-10 00:00:00,7782.52,281,6,8063.52
SAL00383,EMP0184,2025-04-10 00:00:00,8560.77,530,10,9090.77
SAL00384,EMP0185,2013-01-12,5300.0,543,0,5843.0
SAL00385,EMP0185,2015-01-12 00:00:00,5830.0,706,10,6536.0
SAL00386,EMP0186,2012-02-02,19623.0,2830,0,22453.0
SAL00387,EMP0187,2015-05-04,9190.0,314,0,9504.0
SAL00388,EMP0187,2017-05-04 00:00:00,9741.4,602,6,10343.4
SAL00389,EMP0188,2026-07-12,3002.0,127,0,3129.0
SAL00390,EMP0189,2018-10-27,16228.0,363,0,16591.0
SAL00391,EMP0190,2012-12-14,14593.0,1083,0,15676.0
SAL00392,EMP0190,2014-12-14 00:00:00,15614.51,2059,7,17673.51
SAL00393,EMP0191,2019-12-05,15352.0,1891,0,17243.0
SAL00394,EMP0191,2020-12-05 00:00:00,15966.08,1636,4,17602.08
SAL00395,EMP0192,2020-09-02,11480.0,249,0,11729.0
SAL00396,EMP0193,2017-11-05,20590.0,213,0,20803.0
SAL00397,EMP0193,2018-11-05 00:00:00,22649.0,1731,10,24380.0
SAL00398,EMP0193,2020-11-05 00:00:00,24460.92,275,8,24735.92
SAL00399,EMP0194,2022-03-06,14777.0,2195,0,16972.0
SAL00400,EMP0195,2013-09-23,27244.0,173,0,27417.0
SAL00401,EMP0196,2014-12-15,31957.0,3796,0,35753.0
SAL00402,EMP0196,2015-12-15 00:00:00,34513.56,630,8,35143.56
SAL00403,EMP0196,2016-12-15 00:00:00,36929.51,3571,7,40500.51
SAL00404,EMP0197,2012-01-29,23728.0,996,0,24724.0
SAL00405,EMP0197,2014-01-29 00:00:00,24439.84,443,3,24882.84
SAL00406,EMP0198,2025-10-31,9040.0,991,0,10031.0
SAL00407,EMP0199,2016-10-09,11893.0,1078,0,12971.0
SAL00408,EMP0200,2014-02-13,7453.0,850,0,8303.0
SAL00409,EMP0200,2015-02-13 00:00:00,7900.18,957,6,8857.18
SAL00410,EMP0200,2017-02-13 00:00:00,8374.19,1226,6,9600.19
SAL00411,EMP0201,2026-07-09,29133.0,3295,0,32428.0
SAL00412,EMP0202,2012-06-20,9839.0,295,0,10134.0
SAL00413,EMP0202,2014-06-20 00:00:00,10429.34,1160,6,11589.34
SAL00414,EMP0203,2021-11-08,4190.0,186,0,4376.0
SAL00415,EMP0204,2026-05-26,7034.0,215,0,7249.0
SAL00416,EMP0204,2027-05-26 00:00:00,7526.38,1116,7,8642.38
SAL00417,EMP0205,2022-06-04,19006.0,683,0,19689.0
SAL00418,EMP0205,2023-06-04 00:00:00,20906.6,1024,10,21930.6
SAL00419,EMP0206,2022-12-15,13502.0,55,0,13557.0
SAL00420,EMP0207,2016-02-13,24217.0,3582,0,27799.0
SAL00421,EMP0207,2018-02-13 00:00:00,25912.19,2103,7,28015.19
SAL00422,EMP0208,2023-09-17,24479.0,2197,0,26676.0
SAL00423,EMP0208,2024-09-17 00:00:00,26192.53,218,7,26410.53
SAL00424,EMP0209,2016-01-12,32145.0,3265,0,35410.0
SAL00425,EMP0209,2017-01-12 00:00:00,34073.7,2645,6,36718.7
SAL00426,EMP0209,2019-01-12 00:00:00,35095.91,4859,3,39954.91
SAL00427,EMP0210,2024-05-17,23559.0,1688,0,25247.0
SAL00428,EMP0210,2025-05-17 00:00:00,24265.77,2644,3,26909.77
SAL00429,EMP0210,2027-05-17 00:00:00,26449.69,532,9,26981.69
SAL00430,EMP0211,2018-10-08,5849.0,469,0,6318.0
SAL00431,EMP0211,2020-10-08 00:00:00,6082.96,470,4,6552.96
SAL00432,EMP0211,2022-10-08 00:00:00,6569.6,781,8,7350.6
SAL00433,EMP0212,2021-04-02,13348.0,1982,0,15330.0
SAL00434,EMP0212,2022-04-02 00:00:00,14282.36,1614,7,15896.36
SAL00435,EMP0213,2026-01-03,6013.0,797,0,6810.0
SAL00436,EMP0213,2027-01-03 00:00:00,6614.3,527,10,7141.3
SAL00437,EMP0213,2028-01-03 00:00:00,7275.73,903,10,8178.73
SAL00438,EMP0214,2011-12-10,32683.0,2507,0,35190.0
SAL00439,EMP0214,2012-12-10 00:00:00,33663.49,4518,3,38181.49
SAL00440,EMP0215,2015-04-12,17574.0,641,0,18215.0
SAL00441,EMP0215,2017-04-12 00:00:00,18804.18,1733,7,20537.18
SAL00442,EMP0215,2019-04-12 00:00:00,20684.6,1982,10,22666.6
SAL00443,EMP0216,2012-10-05,9388.0,1090,0,10478.0
SAL00444,EMP0216,2014-10-05 00:00:00,9857.4,431,5,10288.4
SAL00445,EMP0217,2024-08-27,7167.0,11,0,7178.0
SAL00446,EMP0218,2013-02-01,28212.0,714,0,28926.0
SAL00447,EMP0219,2023-04-03,25335.0,2225,0,27560.0
SAL00448,EMP0219,2025-04-03 00:00:00,27361.8,908,8,28269.8
SAL00449,EMP0220,2019-01-31,16775.0,1838,0,18613.0
SAL00450,EMP0220,2020-01-31 00:00:00,17949.25,267,7,18216.25
SAL00451,EMP0221,2013-08-20,20878.0,2085,0,22963.0
SAL00452,EMP0222,2022-05-04,15288.0,2063,0,17351.0
SAL00453,EMP0222,2023-05-04 00:00:00,16816.8,1612,10,18428.8
SAL00454,EMP0222,2024-05-04 00:00:00,17321.3,1883,3,19204.3
SAL00455,EMP0223,2015-01-20,13437.0,233,0,13670.0
SAL00456,EMP0223,2017-01-20 00:00:00,13974.48,617,4,14591.48
SAL00457,EMP0223,2019-01-20 00:00:00,15092.44,627,8,15719.44
SAL00458,EMP0224,2014-01-30,14645.0,955,0,15600.0
SAL00459,EMP0224,2015-01-30 00:00:00,15963.05,1726,9,17689.05
SAL00460,EMP0224,2016-01-30 00:00:00,16441.94,604,3,17045.94
SAL00461,EMP0225,2024-08-25,8233.0,400,0,8633.0
SAL00462,EMP0226,2011-09-25,15691.0,116,0,15807.0
SAL00463,EMP0227,2020-03-11,9973.0,76,0,10049.0
SAL00464,EMP0227,2021-03-11 00:00:00,10272.19,1167,3,11439.19
SAL00465,EMP0228,2024-03-19,8179.0,1161,0,9340.0
SAL00466,EMP0228,2025-03-19 00:00:00,8915.11,1211,9,10126.11
SAL00467,EMP0229,2020-11-09,23330.0,2285,0,25615.0
SAL00468,EMP0229,2022-11-09 00:00:00,25663.0,805,10,26468.0
SAL00469,EMP0229,2023-11-09 00:00:00,26432.89,399,3,26831.89
SAL00470,EMP0230,2015-02-26,10087.0,363,0,10450.0
SAL00471,EMP0230,2017-02-26 00:00:00,10389.61,1050,3,11439.61
SAL00472,EMP0231,2024-04-13,3846.0,401,0,4247.0
SAL00473,EMP0231,2026-04-13 00:00:00,4038.3,115,5,4153.3
SAL00474,EMP0232,2016-06-09,12899.0,21,0,12920.0
SAL00475,EMP0232,2017-06-09 00:00:00,13543.95,921,5,14464.95
SAL00476,EMP0233,2025-07-23,11830.0,319,0,12149.0
SAL00477,EMP0233,2026-07-23 00:00:00,12894.7,11,9,12905.7
SAL00478,EMP0233,2028-07-23 00:00:00,14184.17,1886,10,16070.17
SAL00479,EMP0234,2017-08-09,16988.0,1636,0,18624.0
SAL00480,EMP0234,2018-08-09 00:00:00,17667.52,1958,4,19625.52
SAL00481,EMP0234,2020-08-09 00:00:00,18197.55,2050,3,20247.55
SAL00482,EMP0235,2022-11-10,7858.0,798,0,8656.0
SAL00483,EMP0235,2024-11-10 00:00:00,8329.48,663,6,8992.48
SAL00484,EMP0235,2025-11-10 00:00:00,9162.43,808,10,9970.43
SAL00485,EMP0236,2014-01-09,21920.0,797,0,22717.0
SAL00486,EMP0236,2015-01-09 00:00:00,23235.2,3121,6,26356.2
SAL00487,EMP0236,2016-01-09 00:00:00,25558.72,1915,10,27473.72
SAL00488,EMP0237,2014-09-29,3969.0,311,0,4280.0
SAL00489,EMP0237,2015-09-29 00:00:00,4127.76,227,4,4354.76
SAL00490,EMP0238,2024-04-26,5787.0,659,0,6446.0
SAL00491,EMP0238,2026-04-26 00:00:00,6192.09,233,7,6425.09
SAL00492,EMP0239,2019-09-18,32154.0,2567,0,34721.0
SAL00493,EMP0239,2021-09-18 00:00:00,33761.7,2267,5,36028.7
SAL00494,EMP0239,2023-09-18 00:00:00,35112.17,345,4,35457.17
SAL00495,EMP0240,2026-03-24,8198.0,877,0,9075.0
SAL00496,EMP0241,2019-12-06,8396.0,176,0,8572.0
SAL00497,EMP0242,2025-11-04,9919.0,75,0,9994.0
SAL00498,EMP0243,2015-06-07,5671.0,491,0,6162.0
SAL00499,EMP0244,2016-02-28,6471.0,529,0,7000.0
SAL00500,EMP0245,2015-08-09,32511.0,2436,0,34947.0
SAL00501,EMP0245,2017-08-09 00:00:00,35762.1,3300,10,39062.1
SAL00502,EMP0246,2017-11-03,3328.0,12,0,3340.0
SAL00503,EMP0246,2019-11-03 00:00:00,3560.96,48,7,3608.96
SAL00504,EMP0246,2021-11-03 00:00:00,3667.79,103,3,3770.79
SAL00505,EMP0247,2024-02-13,13612.0,457,0,14069.0
SAL00506,EMP0247,2026-02-13 00:00:00,14292.6,1144,5,15436.6
SAL00507,EMP0247,2028-02-13 00:00:00,15721.86,919,10,16640.86
SAL00508,EMP0248,2012-10-31,10048.0,933,0,10981.0
SAL00509,EMP0248,2013-10-31 00:00:00,10349.44,649,3,10998.44
SAL00510,EMP0249,2019-01-27,14636.0,2095,0,16731.0
SAL00511,EMP0249,2020-01-27 00:00:00,15075.08,1278,3,16353.08
SAL00512,EMP0250,2013-11-19,16356.0,1685,0,18041.0
SAL00513,EMP0250,2014-11-19 00:00:00,16846.68,628,3,17474.68
SAL00514,EMP0251,2013-12-03,4031.0,455,0,4486.0
SAL00515,EMP0251,2014-12-03 00:00:00,4393.79,87,9,4480.79
SAL00516,EMP0251,2015-12-03 00:00:00,4833.17,341,10,5174.17
SAL00517,EMP0252,2026-02-24,17713.0,2381,0,20094.0
SAL00518,EMP0253,2024-11-22,3589.0,222,0,3811.0
SAL00519,EMP0253,2026-11-22 00:00:00,3876.12,512,8,4388.12
SAL00520,EMP0254,2015-01-09,9281.0,315,0,9596.0
SAL00521,EMP0255,2013-09-03,5688.0,802,0,6490.0
SAL00522,EMP0256,2013-09-22,6812.0,264,0,7076.0
SAL00523,EMP0256,2015-09-22 00:00:00,7493.2,624,10,8117.2
SAL00524,EMP0256,2017-09-22 00:00:00,7867.86,608,5,8475.86
SAL00525,EMP0257,2022-06-05,3419.0,294,0,3713.0
SAL00526,EMP0257,2023-06-05 00:00:00,3589.95,194,5,3783.95
SAL00527,EMP0257,2024-06-05 00:00:00,3805.35,414,6,4219.35
SAL00528,EMP0258,2015-04-27,8860.0,1145,0,10005.0
SAL00529,EMP0258,2016-04-27 00:00:00,9480.2,873,7,10353.2
SAL00530,EMP0258,2018-04-27 00:00:00,10049.01,206,6,10255.01
SAL00531,EMP0259,2012-05-12,17469.0,2199,0,19668.0
SAL00532,EMP0259,2013-05-12 00:00:00,19215.9,478,10,19693.9
SAL00533,EMP0260,2016-06-04,23882.0,533,0,24415.0
SAL00534,EMP0260,2017-06-04 00:00:00,26031.38,1573,9,27604.38
SAL00535,EMP0260,2018-06-04 00:00:00,27593.26,3020,6,30613.26
SAL00536,EMP0261,2017-04-14,9824.0,432,0,10256.0
SAL00537,EMP0261,2018-04-14 00:00:00,10413.44,76,6,10489.44
SAL00538,EMP0262,2014-12-16,16161.0,2383,0,18544.0
SAL00539,EMP0262,2016-12-16 00:00:00,17615.49,1839,9,19454.49
SAL00540,EMP0262,2017-12-16 00:00:00,18496.26,275,5,18771.26
SAL00541,EMP0263,2013-07-03,22097.0,739,0,22836.0
SAL00542,EMP0263,2015-07-03 00:00:00,22759.91,3070,3,25829.91
SAL00543,EMP0264,2019-10-22,15167.0,104,0,15271.0
SAL00544,EMP0264,2021-10-22 00:00:00,16532.03,78,9,16610.03
SAL00545,EMP0264,2023-10-22 00:00:00,17523.95,1876,6,19399.95
SAL00546,EMP0265,2023-02-24,15031.0,1197,0,16228.0
SAL00547,EMP0266,2020-07-05,8362.0,1011,0,9373.0
SAL00548,EMP0267,2013-02-22,9309.0,7,0,9316.0
SAL00549,EMP0267,2015-02-22 00:00:00,9867.54,732,6,10599.54
SAL00550,EMP0267,2017-02-22 00:00:00,10755.62,1235,9,11990.62
SAL00551,EMP0268,2014-01-26,6885.0,235,0,7120.0
SAL00552,EMP0268,2016-01-26 00:00:00,7091.55,970,3,8061.55
SAL00553,EMP0269,2019-11-18,3691.0,146,0,3837.0
SAL00554,EMP0269,2021-11-18 00:00:00,3986.28,414,8,4400.28
SAL00555,EMP0269,2022-11-18 00:00:00,4265.32,417,7,4682.32
SAL00556,EMP0270,2017-10-23,18498.0,1950,0,20448.0
SAL00557,EMP0271,2013-02-06,7817.0,208,0,8025.0
SAL00558,EMP0272,2024-03-06,12267.0,1748,0,14015.0
SAL00559,EMP0272,2025-03-06 00:00:00,13371.03,117,9,13488.03
SAL00560,EMP0273,2025-07-14,4637.0,639,0,5276.0
SAL00561,EMP0273,2026-07-14 00:00:00,4822.48,86,4,4908.48
SAL00562,EMP0274,2026-02-09,8233.0,687,0,8920.0
SAL00563,EMP0274,2027-02-09 00:00:00,8644.65,301,5,8945.65
SAL00564,EMP0275,2011-12-21,11698.0,1611,0,13309.0
SAL00565,EMP0275,2012-12-21 00:00:00,12165.92,1674,4,13839.92
SAL00566,EMP0276,2012-05-29,8247.0,1075,0,9322.0
SAL00567,EMP0276,2013-05-29 00:00:00,8906.76,808,8,9714.76
SAL00568,EMP0276,2015-05-29 00:00:00,9173.96,1330,3,10503.96
SAL00569,EMP0277,2020-05-10,5811.0,425,0,6236.0
SAL00570,EMP0277,2022-05-10 00:00:00,6333.99,233,9,6566.99
SAL00571,EMP0278,2013-02-26,32378.0,2818,0,35196.0
SAL00572,EMP0278,2014-02-26 00:00:00,33349.34,3679,3,37028.34
SAL00573,EMP0278,2015-02-26 00:00:00,36684.27,1561,10,38245.27
SAL00574,EMP0279,2016-08-17,19073.0,2837,0,21910.0
SAL00575,EMP0279,2018-08-17 00:00:00,19645.19,740,3,20385.19
SAL00576,EMP0279,2019-08-17 00:00:00,20234.55,2334,3,22568.55
SAL00577,EMP0280,2020-07-26,24539.0,248,0,24787.0
SAL00578,EMP0281,2014-02-13,4126.0,237,0,4363.0
SAL00579,EMP0281,2015-02-13 00:00:00,4249.78,267,3,4516.78
SAL00580,EMP0282,2019-08-26,19811.0,686,0,20497.0
SAL00581,EMP0282,2021-08-26 00:00:00,21593.99,1613,9,23206.99
SAL00582,EMP0282,2022-08-26 00:00:00,22457.75,1184,4,23641.75
SAL00583,EMP0283,2025-12-10,8500.0,274,0,8774.0
SAL00584,EMP0283,2027-12-10 00:00:00,9265.0,1258,9,10523.0
SAL00585,EMP0284,2020-04-24,5033.0,540,0,5573.0
SAL00586,EMP0285,2019-05-20,11794.0,161,0,11955.0
SAL00587,EMP0285,2021-05-20 00:00:00,12265.76,70,4,12335.76
SAL00588,EMP0286,2018-08-25,13435.0,99,0,13534.0
SAL00589,EMP0287,2018-08-07,9860.0,1022,0,10882.0
SAL00590,EMP0288,2025-02-08,3844.0,73,0,3917.0
SAL00591,EMP0288,2027-02-08 00:00:00,4036.2,171,5,4207.2
SAL00592,EMP0288,2028-02-08 00:00:00,4197.65,66,4,4263.65
SAL00593,EMP0289,2017-12-21,8529.0,824,0,9353.0
SAL00594,EMP0289,2019-12-21 00:00:00,9040.74,493,6,9533.74
SAL00595,EMP0289,2020-12-21 00:00:00,9583.18,1397,6,10980.18
SAL00596,EMP0290,2012-10-25,28212.0,1817,0,30029.0
SAL00597,EMP0290,2013-10-25 00:00:00,29904.72,1076,6,30980.72
SAL00598,EMP0291,2015-02-17,15038.0,1110,0,16148.0
SAL00599,EMP0292,2012-03-14,25203.0,1544,0,26747.0
SAL00600,EMP0293,2013-05-19,8931.0,438,0,9369.0
SAL00601,EMP0293,2014-05-19 00:00:00,9824.1,3,10,9827.1
SAL00602,EMP0293,2015-05-19 00:00:00,10315.31,1119,5,11434.31
SAL00603,EMP0294,2016-06-03,6415.0,178,0,6593.0
SAL00604,EMP0294,2017-06-03 00:00:00,6864.05,847,7,7711.05
SAL00605,EMP0295,2016-08-31,7013.0,408,0,7421.0
SAL00606,EMP0295,2017-08-31 00:00:00,7433.78,110,6,7543.78
SAL00607,EMP0296,2022-03-19,4383.0,75,0,4458.0
SAL00608,EMP0297,2019-03-16,13940.0,339,0,14279.0
SAL00609,EMP0297,2021-03-16 00:00:00,15334.0,1705,10,17039.0
SAL00610,EMP0297,2022-03-16 00:00:00,16254.04,1990,6,18244.04
SAL00611,EMP0298,2024-03-24,20916.0,146,0,21062.0
SAL00612,EMP0298,2026-03-24 00:00:00,21961.8,1252,5,23213.8
SAL00613,EMP0299,2017-07-05,20405.0,2077,0,22482.0
SAL00614,EMP0299,2018-07-05 00:00:00,22037.4,2076,8,24113.4
SAL00615,EMP0299,2020-07-05 00:00:00,22698.52,1080,3,23778.52
SAL00616,EMP0300,2022-09-15,3424.0,436,0,3860.0
SAL00617,EMP0300,2024-09-15 00:00:00,3732.16,374,9,4106.16
SAL00618,EMP0300,2025-09-15 00:00:00,3956.09,527,6,4483.09
SAL00619,EMP0301,2016-03-14,10057.0,135,0,10192.0
SAL00620,EMP0301,2017-03-14 00:00:00,10559.85,61,5,10620.85
SAL00621,EMP0301,2018-03-14 00:00:00,11615.84,1530,10,13145.84
SAL00622,EMP0302,2026-01-18,10371.0,1263,0,11634.0
SAL00623,EMP0303,2016-08-04,9544.0,12,0,9556.0
SAL00624,EMP0304,2017-03-29,8214.0,299,0,8513.0
SAL00625,EMP0305,2020-12-01,13264.0,546,0,13810.0
SAL00626,EMP0305,2022-12-01 00:00:00,14192.48,1464,7,15656.48
SAL00627,EMP0306,2024-12-02,17174.0,1104,0,18278.0
SAL00628,EMP0307,2014-05-03,34889.0,433,0,35322.0
SAL00629,EMP0307,2016-05-03 00:00:00,35935.67,1497,3,37432.67
SAL00630,EMP0308,2020-07-17,3090.0,75,0,3165.0
SAL00631,EMP0308,2022-07-17 00:00:00,3368.1,228,9,3596.1
SAL00632,EMP0309,2025-09-16,8145.0,926,0,9071.0
SAL00633,EMP0310,2020-08-01,6931.0,855,0,7786.0
SAL00634,EMP0310,2021-08-01 00:00:00,7624.1,509,10,8133.1
SAL00635,EMP0311,2022-09-09,15821.0,434,0,16255.0
SAL00636,EMP0311,2024-09-09 00:00:00,16770.26,623,6,17393.26
SAL00637,EMP0311,2025-09-09 00:00:00,17273.37,1883,3,19156.37
SAL00638,EMP0312,2012-12-09,3672.0,16,0,3688.0
SAL00639,EMP0312,2013-12-09 00:00:00,3782.16,222,3,4004.16
SAL00640,EMP0313,2012-10-10,8788.0,613,0,9401.0
SAL00641,EMP0314,2019-09-15,15915.0,1034,0,16949.0
SAL00642,EMP0314,2021-09-15 00:00:00,16551.6,1181,4,17732.6
SAL00643,EMP0314,2022-09-15 00:00:00,18041.24,1050,9,19091.24
SAL00644,EMP0315,2013-09-19,20810.0,2669,0,23479.0
SAL00645,EMP0316,2023-12-07,20513.0,604,0,21117.0
SAL00646,EMP0317,2012-12-31,5605.0,652,0,6257.0
SAL00647,EMP0317,2014-12-31 00:00:00,5997.35,818,7,6815.35
SAL00648,EMP0317,2016-12-31 00:00:00,6357.19,232,6,6589.19
SAL00649,EMP0318,2019-08-22,28371.0,2550,0,30921.0
SAL00650,EMP0319,2021-06-02,32278.0,3992,0,36270.0
SAL00651,EMP0319,2022-06-02 00:00:00,34214.68,545,6,34759.68
SAL00652,EMP0319,2023-06-02 00:00:00,35583.27,2751,4,38334.27
SAL00653,EMP0320,2017-11-03,20417.0,344,0,20761.0
SAL00654,EMP0320,2019-11-03 00:00:00,22458.7,2748,10,25206.7
SAL00655,EMP0320,2020-11-03 00:00:00,23132.46,280,3,23412.46
SAL00656,EMP0321,2020-06-26,8332.0,940,0,9272.0
SAL00657,EMP0322,2012-03-18,16325.0,1354,0,17679.0
SAL00658,EMP0322,2013-03-18 00:00:00,17957.5,1196,10,19153.5
SAL00659,EMP0323,2025-05-21,8191.0,725,0,8916.0
SAL00660,EMP0323,2027-05-21 00:00:00,8682.46,998,6,9680.46
SAL00661,EMP0323,2029-05-21 00:00:00,9550.71,1114,10,10664.71
SAL00662,EMP0324,2013-03-15,4769.0,271,0,5040.0
SAL00663,EMP0324,2015-03-15 00:00:00,5055.14,433,6,5488.14
SAL00664,EMP0325,2014-07-24,9658.0,546,0,10204.0
SAL00665,EMP0325,2015-07-24 00:00:00,10527.22,1487,9,12014.22
SAL00666,EMP0325,2017-07-24 00:00:00,11579.94,1169,10,12748.94
SAL00667,EMP0326,2025-04-27,9277.0,1046,0,10323.0
SAL00668,EMP0326,2027-04-27 00:00:00,10019.16,337,8,10356.16
SAL00669,EMP0327,2024-12-16,14247.0,1149,0,15396.0
SAL00670,EMP0327,2025-12-16 00:00:00,14674.41,1303,3,15977.41
SAL00671,EMP0327,2026-12-16 00:00:00,15701.62,1462,7,17163.62
SAL00672,EMP0328,2024-10-05,4191.0,208,0,4399.0
SAL00673,EMP0328,2025-10-05 00:00:00,4568.19,398,9,4966.19
SAL00674,EMP0329,2020-01-09,7270.0,721,0,7991.0
SAL00675,EMP0329,2021-01-09 00:00:00,7778.9,763,7,8541.9
SAL00676,EMP0330,2013-01-23,8018.0,502,0,8520.0
SAL00677,EMP0331,2024-04-02,5759.0,143,0,5902.0
SAL00678,EMP0331,2026-04-02 00:00:00,5931.77,174,3,6105.77
SAL00679,EMP0332,2021-03-13,8501.0,49,0,8550.0
SAL00680,EMP0332,2022-03-13 00:00:00,8926.05,666,5,9592.05
SAL00681,EMP0332,2023-03-13 00:00:00,9640.13,632,8,10272.13
SAL00682,EMP0333,2022-06-09,7825.0,1075,0,8900.0
SAL00683,EMP0334,2021-05-18,3411.0,221,0,3632.0
SAL00684,EMP0334,2022-05-18 00:00:00,3547.44,244,4,3791.44
SAL00685,EMP0334,2024-05-18 00:00:00,3653.86,87,3,3740.86
SAL00686,EMP0335,2021-07-31,8665.0,287,0,8952.0
SAL00687,EMP0335,2023-07-31 00:00:00,9444.85,803,9,10247.85
SAL00688,EMP0335,2024-07-31 00:00:00,10389.34,1344,10,11733.34
SAL00689,EMP0336,2025-07-20,3411.0,200,0,3611.0
SAL00690,EMP0336,2027-07-20 00:00:00,3581.55,238,5,3819.55
SAL00691,EMP0337,2025-10-22,5643.0,60,0,5703.0
SAL00692,EMP0338,2022-11-19,9298.0,474,0,9772.0
SAL00693,EMP0339,2011-11-12,18242.0,158,0,18400.0
SAL00694,EMP0339,2012-11-12 00:00:00,19336.52,574,6,19910.52
SAL00695,EMP0339,2014-11-12 00:00:00,20303.35,90,5,20393.35
SAL00696,EMP0340,2017-04-17,22362.0,1754,0,24116.0
SAL00697,EMP0340,2018-04-17 00:00:00,24150.96,3492,8,27642.96
SAL00698,EMP0340,2019-04-17 00:00:00,25358.51,2830,5,28188.51
SAL00699,EMP0341,2025-09-03,8885.0,1291,0,10176.0
SAL00700,EMP0341,2027-09-03 00:00:00,9418.1,109,6,9527.1
SAL00701,EMP0341,2028-09-03 00:00:00,9889.01,981,5,10870.01
SAL00702,EMP0342,2020-10-16,3304.0,385,0,3689.0
SAL00703,EMP0342,2021-10-16 00:00:00,3469.2,234,5,3703.2
SAL00704,EMP0342,2022-10-16 00:00:00,3816.12,323,10,4139.12
SAL00705,EMP0343,2014-04-22,9049.0,360,0,9409.0
SAL00706,EMP0343,2015-04-22 00:00:00,9772.92,383,8,10155.92
SAL00707,EMP0343,2016-04-22 00:00:00,10652.48,1190,9,11842.48
SAL00708,EMP0344,2023-05-28,34812.0,31,0,34843.0
SAL00709,EMP0344,2024-05-28 00:00:00,36552.6,3416,5,39968.6
SAL00710,EMP0345,2024-09-03,4432.0,361,0,4793.0
SAL00711,EMP0346,2021-10-22,4130.0,482,0,4612.0
SAL00712,EMP0347,2017-09-16,5543.0,396,0,5939.0
SAL00713,EMP0347,2019-09-16 00:00:00,5875.58,158,6,6033.58
SAL00714,EMP0348,2011-08-03,12515.0,921,0,13436.0
SAL00715,EMP0349,2025-01-15,18267.0,1404,0,19671.0
SAL00716,EMP0349,2027-01-15 00:00:00,19545.69,1023,7,20568.69
SAL00717,EMP0350,2023-08-04,7969.0,936,0,8905.0
SAL00718,EMP0351,2017-03-31,12501.0,15,0,12516.0
SAL00719,EMP0352,2024-05-02,3300.0,306,0,3606.0
SAL00720,EMP0353,2012-01-04,21008.0,1517,0,22525.0
SAL00721,EMP0353,2013-01-04 00:00:00,22268.48,1491,6,23759.48
SAL00722,EMP0354,2018-05-23,19411.0,1828,0,21239.0
SAL00723,EMP0355,2018-11-16,11060.0,1308,0,12368.0
SAL00724,EMP0355,2019-11-16 00:00:00,11391.8,806,3,12197.8
SAL00725,EMP0356,2026-05-23,19600.0,2817,0,22417.0
SAL00726,EMP0356,2028-05-23 00:00:00,21364.0,2019,9,23383.0
SAL00727,EMP0356,2030-05-23 00:00:00,22218.56,737,4,22955.56
SAL00728,EMP0357,2011-12-18,4166.0,578,0,4744.0
SAL00729,EMP0358,2015-04-17,6683.0,328,0,7011.0
SAL00730,EMP0358,2016-04-17 00:00:00,7351.3,967,10,8318.3
SAL00731,EMP0358,2017-04-17 00:00:00,7939.4,438,8,8377.4
SAL00732,EMP0359,2021-02-03,8170.0,1074,0,9244.0
SAL00733,EMP0360,2013-01-25,15427.0,2141,0,17568.0
SAL00734,EMP0360,2015-01-25 00:00:00,16661.16,2291,8,18952.16
SAL00735,EMP0361,2025-05-22,29003.0,4293,0,33296.0
SAL00736,EMP0361,2026-05-22 00:00:00,29873.09,1130,3,31003.09
SAL00737,EMP0362,2014-04-12,14074.0,1960,0,16034.0
SAL00738,EMP0363,2022-03-01,18274.0,1379,0,19653.0
SAL00739,EMP0364,2023-03-22,23280.0,1720,0,25000.0
SAL00740,EMP0364,2025-03-22 00:00:00,24676.8,374,6,25050.8
SAL00741,EMP0365,2023-04-05,3442.0,173,0,3615.0
SAL00742,EMP0366,2015-04-07,15425.0,1239,0,16664.0
SAL00743,EMP0366,2017-04-07 00:00:00,16967.5,2231,10,19198.5
SAL00744,EMP0367,2015-10-07,14799.0,554,0,15353.0
SAL00745,EMP0367,2017-10-07 00:00:00,15834.93,2185,7,18019.93
SAL00746,EMP0367,2019-10-07 00:00:00,16468.33,1297,4,17765.33
SAL00747,EMP0368,2023-01-24,3979.0,191,0,4170.0
SAL00748,EMP0369,2024-04-26,14287.0,1438,0,15725.0
SAL00749,EMP0370,2018-06-20,7720.0,1051,0,8771.0
SAL00750,EMP0370,2020-06-20 00:00:00,8106.0,235,5,8341.0
SAL00751,EMP0371,2017-07-28,4621.0,578,0,5199.0
SAL00752,EMP0371,2018-07-28 00:00:00,4898.26,251,6,5149.26
SAL00753,EMP0371,2019-07-28 00:00:00,5143.17,348,5,5491.17
SAL00754,EMP0372,2017-07-17,3880.0,242,0,4122.0
SAL00755,EMP0372,2018-07-17 00:00:00,4229.2,216,9,4445.2
SAL00756,EMP0372,2019-07-17 00:00:00,4609.83,436,9,5045.83
SAL00757,EMP0373,2013-03-27,4283.0,109,0,4392.0
SAL00758,EMP0373,2014-03-27 00:00:00,4539.98,646,6,5185.98
SAL00759,EMP0374,2017-01-19,11685.0,54,0,11739.0
SAL00760,EMP0374,2018-01-19 00:00:00,12269.25,942,5,13211.25
SAL00761,EMP0375,2012-02-24,8988.0,1287,0,10275.0
SAL00762,EMP0376,2018-02-15,3075.0,316,0,3391.0
SAL00763,EMP0377,2019-07-24,25753.0,1921,0,27674.0
SAL00764,EMP0377,2021-07-24 00:00:00,27813.24,3071,8,30884.24
SAL00765,EMP0378,2025-02-02,3229.0,484,0,3713.0
SAL00766,EMP0378,2027-02-02 00:00:00,3519.61,13,9,3532.61
SAL00767,EMP0379,2022-10-21,11240.0,1544,0,12784.0
SAL00768,EMP0379,2023-10-21 00:00:00,12251.6,1797,9,14048.6
SAL00769,EMP0379,2025-10-21 00:00:00,12864.18,1582,5,14446.18
SAL00770,EMP0380,2012-04-09,11345.0,488,0,11833.0
SAL00771,EMP0381,2019-06-25,8094.0,861,0,8955.0
SAL00772,EMP0381,2020-06-25 00:00:00,8660.58,689,7,9349.58
SAL00773,EMP0382,2019-04-23,18681.0,140,0,18821.0
SAL00774,EMP0383,2025-09-19,5726.0,405,0,6131.0
SAL00775,EMP0383,2027-09-19 00:00:00,6241.34,634,9,6875.34
SAL00776,EMP0384,2023-06-08,11657.0,425,0,12082.0
SAL00777,EMP0385,2024-05-25,15558.0,1789,0,17347.0
SAL00778,EMP0385,2026-05-25 00:00:00,16958.22,1911,9,18869.22
SAL00779,EMP0385,2027-05-25 00:00:00,17975.71,1651,6,19626.71
SAL00780,EMP0386,2016-04-02,5736.0,393,0,6129.0
SAL00781,EMP0386,2018-04-02 00:00:00,6022.8,168,5,6190.8
SAL00782,EMP0387,2024-08-13,9461.0,860,0,10321.0
SAL00783,EMP0387,2026-08-13 00:00:00,9934.05,1070,5,11004.05
SAL00784,EMP0387,2027-08-13 00:00:00,10927.46,786,10,11713.46
SAL00785,EMP0388,2019-11-27,9625.0,1147,0,10772.0
SAL00786,EMP0389,2014-07-02,6117.0,280,0,6397.0
SAL00787,EMP0390,2018-06-16,12431.0,1857,0,14288.0
SAL00788,EMP0390,2020-06-16 00:00:00,13052.55,1333,5,14385.55
SAL00789,EMP0391,2025-06-20,27856.0,2526,0,30382.0
SAL00790,EMP0392,2014-04-01,8725.0,662,0,9387.0
SAL00791,EMP0392,2015-04-01 00:00:00,9423.0,1262,8,10685.0
SAL00792,EMP0393,2022-07-03,13358.0,317,0,13675.0
SAL00793,EMP0393,2023-07-03 00:00:00,14426.64,2067,8,16493.64
SAL00794,EMP0394,2018-03-18,20131.0,1407,0,21538.0
SAL00795,EMP0394,2020-03-18 00:00:00,21137.55,2370,5,23507.55
SAL00796,EMP0395,2026-05-03,6108.0,620,0,6728.0
SAL00797,EMP0396,2019-09-22,33140.0,4674,0,37814.0
SAL00798,EMP0397,2013-09-01,3135.0,212,0,3347.0
SAL00799,EMP0398,2022-03-04,17403.0,875,0,18278.0
SAL00800,EMP0398,2024-03-04 00:00:00,17925.09,1929,3,19854.09
SAL00801,EMP0398,2026-03-04 00:00:00,19000.6,2602,6,21602.6
SAL00802,EMP0399,2014-02-07,5469.0,686,0,6155.0
SAL00803,EMP0399,2015-02-07 00:00:00,5633.07,66,3,5699.07
SAL00804,EMP0400,2020-09-30,4780.0,395,0,5175.0
SAL00805,EMP0400,2022-09-30 00:00:00,5210.2,48,9,5258.2
SAL00806,EMP0401,2021-06-29,8974.0,747,0,9721.0
SAL00807,EMP0401,2022-06-29 00:00:00,9602.18,136,7,9738.18
SAL00808,EMP0402,2021-06-06,3722.0,71,0,3793.0
SAL00809,EMP0402,2022-06-06 00:00:00,3870.88,571,4,4441.88
SAL00810,EMP0403,2020-08-25,19770.0,2282,0,22052.0
SAL00811,EMP0404,2019-07-28,5405.0,626,0,6031.0
SAL00812,EMP0405,2011-07-30,6870.0,687,0,7557.0
SAL00813,EMP0406,2013-06-25,8917.0,10,0,8927.0
SAL00814,EMP0407,2024-06-26,26257.0,604,0,26861.0
SAL00815,EMP0407,2025-06-26 00:00:00,28357.56,2003,8,30360.56
SAL00816,EMP0407,2026-06-26 00:00:00,29208.29,1874,3,31082.29
SAL00817,EMP0408,2014-07-11,16209.0,810,0,17019.0
SAL00818,EMP0408,2016-07-11 00:00:00,17667.81,1878,9,19545.81
SAL00819,EMP0409,2012-05-31,9551.0,1158,0,10709.0
SAL00820,EMP0409,2014-05-31 00:00:00,10124.06,908,6,11032.06
SAL00821,EMP0410,2013-10-25,9157.0,177,0,9334.0
SAL00822,EMP0410,2014-10-25 00:00:00,9431.71,1132,3,10563.71
SAL00823,EMP0411,2016-11-16,10196.0,478,0,10674.0
SAL00824,EMP0411,2018-11-16 00:00:00,11011.68,950,8,11961.68
SAL00825,EMP0412,2023-12-05,7880.0,731,0,8611.0
SAL00826,EMP0413,2012-09-25,7033.0,733,0,7766.0
SAL00827,EMP0413,2013-09-25 00:00:00,7454.98,427,6,7881.98
SAL00828,EMP0413,2014-09-25 00:00:00,7678.63,278,3,7956.63
SAL00829,EMP0414,2022-02-01,34100.0,3862,0,37962.0
SAL00830,EMP0414,2023-02-01 00:00:00,35464.0,1573,4,37037.0
SAL00831,EMP0415,2012-01-20,10555.0,368,0,10923.0
SAL00832,EMP0415,2013-01-20 00:00:00,11188.3,114,6,11302.3
SAL00833,EMP0416,2021-03-02,34101.0,3415,0,37516.0
SAL00834,EMP0416,2022-03-02 00:00:00,35465.04,1361,4,36826.04
SAL00835,EMP0417,2017-12-21,32430.0,4371,0,36801.0
SAL00836,EMP0417,2019-12-21 00:00:00,34375.8,2047,6,36422.8
SAL00837,EMP0418,2023-12-22,7535.0,1104,0,8639.0
SAL00838,EMP0419,2020-01-10,15749.0,2354,0,18103.0
SAL00839,EMP0419,2022-01-10 00:00:00,16693.94,1292,6,17985.94
SAL00840,EMP0419,2023-01-10 00:00:00,17862.52,387,7,18249.52
SAL00841,EMP0420,2025-12-20,8491.0,52,0,8543.0
SAL00842,EMP0420,2027-12-20 00:00:00,9000.46,982,6,9982.46
SAL00843,EMP0421,2024-01-24,7492.0,1107,0,8599.0
SAL00844,EMP0422,2015-05-27,10185.0,954,0,11139.0
SAL00845,EMP0422,2016-05-27 00:00:00,11101.65,146,9,11247.65
SAL00846,EMP0423,2011-08-21,4084.0,47,0,4131.0
SAL00847,EMP0423,2013-08-21 00:00:00,4492.4,492,10,4984.4
SAL00848,EMP0423,2014-08-21 00:00:00,4851.79,490,8,5341.79
SAL00849,EMP0424,2020-04-03,23973.0,1854,0,25827.0
SAL00850,EMP0424,2021-04-03 00:00:00,25890.84,3247,8,29137.84
SAL00851,EMP0425,2011-12-06,9836.0,372,0,10208.0
SAL00852,EMP0425,2012-12-06 00:00:00,10131.08,758,3,10889.08
SAL00853,EMP0425,2014-12-06 00:00:00,11042.88,1540,9,12582.88
SAL00854,EMP0426,2013-06-28,27229.0,748,0,27977.0
SAL00855,EMP0427,2024-07-22,20990.0,1581,0,22571.0
SAL00856,EMP0428,2024-09-06,8657.0,148,0,8805.0
SAL00857,EMP0428,2025-09-06 00:00:00,9089.85,736,5,9825.85
SAL00858,EMP0428,2026-09-06 00:00:00,9635.24,226,6,9861.24
SAL00859,EMP0429,2017-04-17,6687.0,147,0,6834.0
SAL00860,EMP0429,2018-04-17 00:00:00,7088.22,285,6,7373.22
SAL00861,EMP0429,2019-04-17 00:00:00,7371.75,1004,4,8375.75
SAL00862,EMP0430,2018-01-09,20771.0,2880,0,23651.0
SAL00863,EMP0430,2020-01-09 00:00:00,21601.84,2395,4,23996.84
SAL00864,EMP0431,2026-07-01,18553.0,2497,0,21050.0
SAL00865,EMP0432,2023-11-10,19331.0,510,0,19841.0
SAL00866,EMP0432,2024-11-10 00:00:00,20490.86,2654,6,23144.86
SAL00867,EMP0433,2022-08-12,13222.0,1061,0,14283.0
SAL00868,EMP0434,2020-09-04,9301.0,1028,0,10329.0
SAL00869,EMP0434,2021-09-04 00:00:00,9859.06,342,6,10201.06
SAL00870,EMP0435,2016-01-04,7969.0,288,0,8257.0
SAL00871,EMP0436,2016-12-28,5198.0,367,0,5565.0
SAL00872,EMP0437,2022-10-03,4580.0,384,0,4964.0
SAL00873,EMP0438,2020-09-20,3245.0,267,0,3512.0
SAL00874,EMP0439,2022-09-14,6451.0,569,0,7020.0
SAL00875,EMP0439,2024-09-14 00:00:00,6773.55,676,5,7449.55
SAL00876,EMP0439,2026-09-14 00:00:00,7112.23,564,5,7676.23
SAL00877,EMP0440,2021-01-05,21688.0,509,0,22197.0
SAL00878,EMP0441,2014-07-15,6312.0,608,0,6920.0
SAL00879,EMP0441,2016-07-15 00:00:00,6564.48,326,4,6890.48
SAL00880,EMP0442,2025-04-05,13899.0,1705,0,15604.0
SAL00881,EMP0443,2018-11-26,34886.0,1856,0,36742.0
SAL00882,EMP0443,2019-11-26 00:00:00,36281.44,1857,4,38138.44
SAL00883,EMP0443,2020-11-26 00:00:00,38821.14,4397,7,43218.14
SAL00884,EMP0444,2024-02-07,13807.0,1417,0,15224.0
SAL00885,EMP0444,2026-02-07 00:00:00,14635.42,1411,6,16046.42
SAL00886,EMP0444,2027-02-07 00:00:00,16098.96,318,10,16416.96
SAL00887,EMP0445,2013-11-13,10081.0,1041,0,11122.0
SAL00888,EMP0445,2014-11-13 00:00:00,11089.1,321,10,11410.1
SAL00889,EMP0445,2015-11-13 00:00:00,11532.66,374,4,11906.66
SAL00890,EMP0446,2025-08-10,17177.0,1965,0,19142.0
SAL00891,EMP0446,2026-08-10 00:00:00,18035.85,449,5,18484.85
SAL00892,EMP0447,2013-09-18,19219.0,69,0,19288.0
SAL00893,EMP0447,2015-09-18 00:00:00,20179.95,1335,5,21514.95
SAL00894,EMP0447,2016-09-18 00:00:00,22197.95,279,10,22476.95
SAL00895,EMP0448,2024-05-19,6755.0,503,0,7258.0
SAL00896,EMP0448,2026-05-19 00:00:00,7160.3,22,6,7182.3
SAL00897,EMP0449,2025-01-07,28430.0,345,0,28775.0
SAL00898,EMP0449,2026-01-07 00:00:00,30420.1,62,7,30482.1
SAL00899,EMP0449,2028-01-07 00:00:00,32853.71,1183,8,34036.71
SAL00900,EMP0450,2018-02-01,13450.0,1564,0,15014.0
SAL00901,EMP0451,2016-10-23,23466.0,3463,0,26929.0
SAL00902,EMP0451,2017-10-23 00:00:00,25108.62,1913,7,27021.62
SAL00903,EMP0451,2019-10-23 00:00:00,27368.4,2350,9,29718.4
SAL00904,EMP0452,2014-01-21,20101.0,983,0,21084.0
SAL00905,EMP0452,2016-01-21 00:00:00,21307.06,684,6,21991.06
SAL00906,EMP0453,2026-05-13,14256.0,1405,0,15661.0
SAL00907,EMP0453,2027-05-13 00:00:00,15111.36,739,6,15850.36
SAL00908,EMP0454,2017-01-29,16648.0,2215,0,18863.0
SAL00909,EMP0454,2019-01-29 00:00:00,18312.8,2183,10,20495.8
SAL00910,EMP0455,2017-10-06,8592.0,1185,0,9777.0
SAL00911,EMP0455,2019-10-06 00:00:00,9279.36,1069,8,10348.36
SAL00912,EMP0455,2020-10-06 00:00:00,9557.74,661,3,10218.74
SAL00913,EMP0456,2019-02-02,20465.0,2302,0,22767.0
SAL00914,EMP0456,2021-02-02 00:00:00,22511.5,2605,10,25116.5
SAL00915,EMP0456,2022-02-02 00:00:00,24312.42,1513,8,25825.42
SAL00916,EMP0457,2026-01-27,7855.0,476,0,8331.0
SAL00917,EMP0458,2021-07-22,10930.0,929,0,11859.0
SAL00918,EMP0459,2024-10-11,9200.0,1181,0,10381.0
SAL00919,EMP0459,2026-10-11 00:00:00,9844.0,418,7,10262.0
SAL00920,EMP0460,2026-07-07,16501.0,690,0,17191.0
SAL00921,EMP0461,2015-09-17,6843.0,469,0,7312.0
SAL00922,EMP0462,2013-12-21,10802.0,445,0,11247.0
SAL00923,EMP0463,2013-09-10,3208.0,284,0,3492.0
SAL00924,EMP0463,2014-09-10 00:00:00,3432.56,14,7,3446.56
SAL00925,EMP0464,2014-01-08,8681.0,814,0,9495.0
SAL00926,EMP0464,2016-01-08 00:00:00,9462.29,1359,9,10821.29
SAL00927,EMP0464,2018-01-08 00:00:00,9746.16,231,3,9977.16
SAL00928,EMP0465,2016-11-06,10904.0,3,0,10907.0
SAL00929,EMP0465,2017-11-06 00:00:00,11231.12,719,3,11950.12
SAL00930,EMP0465,2019-11-06 00:00:00,11568.05,1630,3,13198.05
SAL00931,EMP0466,2014-06-29,8119.0,356,0,8475.0
SAL00932,EMP0467,2013-02-04,21993.0,2316,0,24309.0
SAL00933,EMP0467,2014-02-04 00:00:00,23752.44,1624,8,25376.44
SAL00934,EMP0467,2016-02-04 00:00:00,26127.68,901,10,27028.68
SAL00935,EMP0468,2022-02-13,13565.0,1033,0,14598.0
SAL00936,EMP0469,2022-12-04,23147.0,793,0,23940.0
SAL00937,EMP0470,2018-05-14,12572.0,722,0,13294.0
SAL00938,EMP0470,2020-05-14 00:00:00,13452.04,1673,7,15125.04
SAL00939,EMP0470,2021-05-14 00:00:00,13855.6,503,3,14358.6
SAL00940,EMP0471,2024-01-24,12538.0,1363,0,13901.0
SAL00941,EMP0471,2026-01-24 00:00:00,13541.04,401,8,13942.04
SAL00942,EMP0472,2016-09-15,14733.0,1804,0,16537.0
SAL00943,EMP0473,2012-11-06,18810.0,2492,0,21302.0
SAL00944,EMP0474,2013-10-09,9194.0,680,0,9874.0
SAL00945,EMP0475,2020-09-25,7413.0,544,0,7957.0
SAL00946,EMP0475,2021-09-25 00:00:00,8154.3,1051,10,9205.3
SAL00947,EMP0476,2025-11-06,9935.0,397,0,10332.0
SAL00948,EMP0477,2021-07-23,26011.0,3284,0,29295.0
SAL00949,EMP0478,2024-10-28,29117.0,41,0,29158.0
SAL00950,EMP0478,2025-10-28 00:00:00,32028.7,3864,10,35892.7
SAL00951,EMP0478,2026-10-28 00:00:00,33309.85,711,4,34020.85
SAL00952,EMP0479,2014-11-02,10592.0,27,0,10619.0
SAL00953,EMP0480,2015-09-20,19788.0,1459,0,21247.0
SAL00954,EMP0480,2016-09-20 00:00:00,21568.92,2337,9,23905.92
SAL00955,EMP0481,2019-03-23,4978.0,667,0,5645.0
SAL00956,EMP0481,2020-03-23 00:00:00,5475.8,251,10,5726.8
SAL00957,EMP0481,2022-03-23 00:00:00,5640.07,359,3,5999.07
SAL00958,EMP0482,2021-12-01,21292.0,423,0,21715.0
SAL00959,EMP0482,2023-12-01 00:00:00,22995.36,707,8,23702.36
SAL00960,EMP0482,2024-12-01 00:00:00,24605.04,2840,7,27445.04
SAL00961,EMP0483,2017-04-24,21486.0,1280,0,22766.0
SAL00962,EMP0483,2019-04-24 00:00:00,23634.6,1322,10,24956.6
SAL00963,EMP0484,2012-05-27,17526.0,2414,0,19940.0
SAL00964,EMP0484,2014-05-27 00:00:00,18577.56,502,6,19079.56
SAL00965,EMP0484,2015-05-27 00:00:00,20249.54,2316,9,22565.54
SAL00966,EMP0485,2013-11-03,20959.0,1036,0,21995.0
SAL00967,EMP0486,2022-02-27,5835.0,128,0,5963.0
SAL00968,EMP0487,2016-08-26,18481.0,2225,0,20706.0
SAL00969,EMP0487,2018-08-26 00:00:00,19959.48,2759,8,22718.48
SAL00970,EMP0488,2023-01-15,11287.0,1682,0,12969.0
SAL00971,EMP0488,2024-01-15 00:00:00,11625.61,1420,3,13045.61
SAL00972,EMP0489,2014-06-23,18740.0,2539,0,21279.0
SAL00973,EMP0490,2019-05-29,27248.0,3371,0,30619.0
SAL00974,EMP0491,2024-05-18,4574.0,202,0,4776.0
SAL00975,EMP0491,2025-05-18 00:00:00,4985.66,550,9,5535.66
SAL00976,EMP0491,2026-05-18 00:00:00,5334.66,158,7,5492.66
SAL00977,EMP0492,2020-07-08,9635.0,1023,0,10658.0
SAL00978,EMP0492,2022-07-08 00:00:00,10405.8,633,8,11038.8
SAL00979,EMP0492,2024-07-08 00:00:00,10926.09,883,5,11809.09
SAL00980,EMP0493,2025-04-22,17422.0,397,0,17819.0
SAL00981,EMP0493,2027-04-22 00:00:00,18118.88,2468,4,20586.88
SAL00982,EMP0493,2029-04-22 00:00:00,19024.82,2243,5,21267.82
SAL00983,EMP0494,2021-02-19,19455.0,1657,0,21112.0
SAL00984,EMP0495,2021-05-21,25956.0,1451,0,27407.0
SAL00985,EMP0495,2022-05-21 00:00:00,28292.04,1532,9,29824.04
SAL00986,EMP0495,2024-05-21 00:00:00,31121.24,3051,10,34172.24
SAL00987,EMP0496,2022-06-27,23099.0,993,0,24092.0
SAL00988,EMP0496,2024-06-27 00:00:00,24946.92,616,8,25562.92
SAL00989,EMP0497,2012-09-07,15343.0,2073,0,17416.0
SAL00990,EMP0497,2014-09-07 00:00:00,16417.01,2288,7,18705.01
SAL00991,EMP0498,2013-01-10,5753.0,409,0,6162.0
SAL00992,EMP0498,2014-01-10 00:00:00,5983.12,565,4,6548.12
SAL00993,EMP0499,2024-07-21,10822.0,981,0,11803.0
SAL00994,EMP0500,2016-04-04,5828.0,504,0,6332.0
SAL00995,EMP0501,2013-04-08,7678.0,1022,0,8700.0
SAL00996,EMP0501,2015-04-08 00:00:00,8215.46,1207,7,9422.46
SAL00997,EMP0502,2012-10-31,5581.0,538,0,6119.0
SAL00998,EMP0502,2014-10-31 00:00:00,6083.29,198,9,6281.29
SAL00999,EMP0502,2016-10-31 00:00:00,6569.95,434,8,7003.95
SAL01000,EMP0503,2014-04-17,9880.0,1313,0,11193.0
SAL01001,EMP0503,2016-04-17 00:00:00,10670.4,619,8,11289.4
SAL01002,EMP0503,2018-04-17 00:00:00,11737.44,214,10,11951.44
SAL01003,EMP0504,2023-07-14,9697.0,839,0,10536.0
SAL01004,EMP0505,2018-04-28,8358.0,782,0,9140.0
SAL01005,EMP0505,2019-04-28 00:00:00,8775.9,47,5,8822.9
SAL01006,EMP0506,2023-10-13,9521.0,951,0,10472.0
SAL01007,EMP0506,2024-10-13 00:00:00,9806.63,146,3,9952.63
SAL01008,EMP0506,2025-10-13 00:00:00,10591.16,937,8,11528.16
SAL01009,EMP0507,2017-08-11,22659.0,470,0,23129.0
SAL01010,EMP0507,2019-08-11 00:00:00,24698.31,1239,9,25937.31
SAL01011,EMP0507,2021-08-11 00:00:00,26674.17,2512,8,29186.17
SAL01012,EMP0508,2025-06-28,13678.0,388,0,14066.0
SAL01013,EMP0508,2026-06-28 00:00:00,14498.68,636,6,15134.68
SAL01014,EMP0509,2023-12-12,14838.0,2067,0,16905.0
SAL01015,EMP0509,2024-12-12 00:00:00,16025.04,924,8,16949.04
SAL01016,EMP0509,2025-12-12 00:00:00,16826.29,998,5,17824.29
SAL01017,EMP0510,2024-08-06,19501.0,1622,0,21123.0
SAL01018,EMP0510,2026-08-06 00:00:00,20086.03,705,3,20791.03
SAL01019,EMP0511,2019-03-20,17794.0,1292,0,19086.0
SAL01020,EMP0511,2021-03-20 00:00:00,19395.46,328,9,19723.46
SAL01021,EMP0511,2023-03-20 00:00:00,21141.05,3011,9,24152.05
SAL01022,EMP0512,2023-03-03,9560.0,146,0,9706.0
SAL01023,EMP0513,2012-07-13,4094.0,304,0,4398.0
SAL01024,EMP0514,2017-06-28,4581.0,346,0,4927.0
SAL01025,EMP0514,2018-06-28 00:00:00,5039.1,148,10,5187.1
SAL01026,EMP0515,2014-02-20,7289.0,872,0,8161.0
SAL01027,EMP0516,2019-06-15,22788.0,2937,0,25725.0
SAL01028,EMP0517,2017-02-18,13656.0,1817,0,15473.0
SAL01029,EMP0517,2018-02-18 00:00:00,14202.24,1831,4,16033.24
SAL01030,EMP0517,2020-02-18 00:00:00,15480.44,359,9,15839.44
SAL01031,EMP0518,2015-01-04,10984.0,12,0,10996.0
SAL01032,EMP0518,2016-01-04 00:00:00,12082.4,117,10,12199.4
SAL01033,EMP0518,2018-01-04 00:00:00,12444.87,629,3,13073.87
SAL01034,EMP0519,2012-10-30,11726.0,1415,0,13141.0
SAL01035,EMP0519,2013-10-30 00:00:00,12195.04,985,4,13180.04
SAL01036,EMP0520,2015-10-11,6239.0,222,0,6461.0
SAL01037,EMP0521,2024-07-06,19961.0,553,0,20514.0
SAL01038,EMP0521,2025-07-06 00:00:00,21358.27,3156,7,24514.27
SAL01039,EMP0522,2020-04-27,18817.0,1158,0,19975.0
SAL01040,EMP0522,2022-04-27 00:00:00,19381.51,1988,3,21369.51
SAL01041,EMP0523,2023-12-29,12685.0,666,0,13351.0
SAL01042,EMP0523,2025-12-29 00:00:00,13826.65,999,9,14825.65
SAL01043,EMP0524,2016-04-27,5292.0,481,0,5773.0
SAL01044,EMP0524,2017-04-27 00:00:00,5556.6,357,5,5913.6
SAL01045,EMP0525,2021-05-06,7054.0,421,0,7475.0
SAL01046,EMP0525,2022-05-06 00:00:00,7265.62,497,3,7762.62
SAL01047,EMP0526,2022-06-24,7528.0,779,0,8307.0
SAL01048,EMP0526,2023-06-24 00:00:00,7753.84,998,3,8751.84
SAL01049,EMP0527,2020-04-06,9197.0,323,0,9520.0
SAL01050,EMP0527,2021-04-06 00:00:00,9472.91,995,3,10467.91
SAL01051,EMP0528,2023-06-03,33678.0,5011,0,38689.0
SAL01052,EMP0528,2025-06-03 00:00:00,34688.34,3341,3,38029.34
SAL01053,EMP0528,2026-06-03 00:00:00,37116.52,632,7,37748.52
SAL01054,EMP0529,2022-05-07,17474.0,255,0,17729.0
SAL01055,EMP0529,2024-05-07 00:00:00,19221.4,2007,10,21228.4
SAL01056,EMP0529,2025-05-07 00:00:00,20951.33,806,9,21757.33
SAL01057,EMP0530,2025-06-12,9790.0,1216,0,11006.0
SAL01058,EMP0531,2019-01-14,34771.0,1089,0,35860.0
SAL01059,EMP0531,2020-01-14 00:00:00,37552.68,2840,8,40392.68
SAL01060,EMP0531,2022-01-14 00:00:00,39805.84,3805,6,43610.84
SAL01061,EMP0532,2021-10-01,13342.0,469,0,13811.0
SAL01062,EMP0533,2017-07-29,12035.0,1542,0,13577.0
SAL01063,EMP0533,2018-07-29 00:00:00,12636.75,1748,5,14384.75
SAL01064,EMP0534,2023-10-31,21589.0,3066,0,24655.0
SAL01065,EMP0535,2015-05-15,15179.0,1437,0,16616.0
SAL01066,EMP0535,2017-05-15 00:00:00,15937.95,81,5,16018.95
SAL01067,EMP0536,2014-02-25,14564.0,2128,0,16692.0
SAL01068,EMP0537,2022-12-16,9475.0,752,0,10227.0
SAL01069,EMP0537,2023-12-16 00:00:00,10138.25,1369,7,11507.25
SAL01070,EMP0538,2017-03-18,12185.0,1369,0,13554.0
SAL01071,EMP0538,2019-03-18 00:00:00,12672.4,1851,4,14523.4
SAL01072,EMP0539,2024-06-14,10751.0,466,0,11217.0
SAL01073,EMP0540,2015-07-03,3508.0,86,0,3594.0
SAL01074,EMP0541,2025-06-26,6325.0,239,0,6564.0
SAL01075,EMP0541,2026-06-26 00:00:00,6514.75,914,3,7428.75
SAL01076,EMP0542,2017-06-24,6455.0,391,0,6846.0
SAL01077,EMP0543,2026-01-12,6767.0,65,0,6832.0
SAL01078,EMP0543,2028-01-12 00:00:00,7037.68,674,4,7711.68
SAL01079,EMP0543,2029-01-12 00:00:00,7530.32,305,7,7835.32
SAL01080,EMP0544,2017-06-15,15305.0,294,0,15599.0
SAL01081,EMP0545,2013-02-12,3468.0,433,0,3901.0
SAL01082,EMP0546,2013-09-03,8245.0,346,0,8591.0
SAL01083,EMP0546,2015-09-03 00:00:00,8822.15,154,7,8976.15
SAL01084,EMP0546,2016-09-03 00:00:00,9439.7,96,7,9535.7
SAL01085,EMP0547,2016-11-28,14401.0,621,0,15022.0
SAL01086,EMP0547,2017-11-28 00:00:00,15841.1,1608,10,17449.1
SAL01087,EMP0547,2019-11-28 00:00:00,17266.8,2328,9,19594.8
SAL01088,EMP0548,2015-02-20,14977.0,1490,0,16467.0
SAL01089,EMP0549,2014-07-24,19377.0,2325,0,21702.0
SAL01090,EMP0549,2015-07-24 00:00:00,21120.93,1732,9,22852.93
SAL01091,EMP0549,2016-07-24 00:00:00,22810.6,2910,8,25720.6
SAL01092,EMP0550,2018-04-16,6753.0,570,0,7323.0
SAL01093,EMP0550,2020-04-16 00:00:00,7360.77,266,9,7626.77
SAL01094,EMP0551,2020-05-15,20175.0,1360,0,21535.0
SAL01095,EMP0552,2023-08-31,24397.0,2772,0,27169.0
SAL01096,EMP0552,2025-08-31 00:00:00,25372.88,2773,4,28145.88
SAL01097,EMP0552,2027-08-31 00:00:00,27148.98,3869,7,31017.98
SAL01098,EMP0553,2020-09-04,16634.0,1228,0,17862.0
SAL01099,EMP0553,2022-09-04 00:00:00,17133.02,535,3,17668.02
SAL01100,EMP0553,2024-09-04 00:00:00,18332.33,2495,7,20827.33
SAL01101,EMP0554,2014-08-09,13154.0,1583,0,14737.0
SAL01102,EMP0554,2015-08-09 00:00:00,13943.24,1136,6,15079.24
SAL01103,EMP0555,2023-07-17,9364.0,1174,0,10538.0
SAL01104,EMP0555,2024-07-17 00:00:00,9738.56,348,4,10086.56
SAL01105,EMP0555,2025-07-17 00:00:00,10030.72,815,3,10845.72
SAL01106,EMP0556,2021-03-03,5996.0,373,0,6369.0
SAL01107,EMP0557,2013-10-01,4336.0,353,0,4689.0
SAL01108,EMP0557,2015-10-01 00:00:00,4509.44,418,4,4927.44
SAL01109,EMP0557,2017-10-01 00:00:00,4825.1,388,7,5213.1
SAL01110,EMP0558,2017-05-19,12684.0,767,0,13451.0
SAL01111,EMP0559,2018-07-09,7081.0,811,0,7892.0
SAL01112,EMP0560,2025-09-26,13150.0,277,0,13427.0
SAL01113,EMP0560,2026-09-26 00:00:00,14465.0,763,10,15228.0
SAL01114,EMP0561,2013-10-02,3803.0,111,0,3914.0
SAL01115,EMP0561,2014-10-02 00:00:00,3917.09,367,3,4284.09
SAL01116,EMP0562,2019-08-04,8820.0,145,0,8965.0
SAL01117,EMP0563,2017-04-12,13223.0,1254,0,14477.0
SAL01118,EMP0563,2019-04-12 00:00:00,14148.61,1280,7,15428.61
SAL01119,EMP0563,2020-04-12 00:00:00,15280.5,1777,8,17057.5
SAL01120,EMP0564,2018-05-20,9173.0,88,0,9261.0
SAL01121,EMP0564,2020-05-20 00:00:00,9998.57,386,9,10384.57
SAL01122,EMP0564,2021-05-20 00:00:00,10798.46,620,8,11418.46
SAL01123,EMP0565,2012-10-18,18171.0,1486,0,19657.0
SAL01124,EMP0565,2013-10-18 00:00:00,19442.97,1435,7,20877.97
SAL01125,EMP0565,2015-10-18 00:00:00,20609.55,26,6,20635.55
SAL01126,EMP0566,2018-10-29,5804.0,282,0,6086.0
SAL01127,EMP0567,2019-10-26,34483.0,402,0,34885.0
SAL01128,EMP0567,2020-10-26 00:00:00,36207.15,460,5,36667.15
SAL01129,EMP0567,2021-10-26 00:00:00,39827.87,3260,10,43087.87
SAL01130,EMP0568,2017-09-17,29031.0,785,0,29816.0
SAL01131,EMP0568,2019-09-17 00:00:00,30482.55,2008,5,32490.55
SAL01132,EMP0568,2020-09-17 00:00:00,31701.85,1746,4,33447.85
SAL01133,EMP0569,2014-12-01,9174.0,164,0,9338.0
SAL01134,EMP0569,2015-12-01 00:00:00,9632.7,13,5,9645.7
SAL01135,EMP0569,2017-12-01 00:00:00,10114.34,583,5,10697.34
SAL01136,EMP0570,2012-08-18,14848.0,50,0,14898.0
SAL01137,EMP0571,2012-12-21,10658.0,844,0,11502.0
SAL01138,EMP0571,2014-12-21 00:00:00,10977.74,1451,3,12428.74
SAL01139,EMP0571,2015-12-21 00:00:00,11855.96,1318,8,13173.96
SAL01140,EMP0572,2019-04-28,6624.0,574,0,7198.0
SAL01141,EMP0572,2021-04-28 00:00:00,6888.96,615,4,7503.96
SAL01142,EMP0572,2022-04-28 00:00:00,7095.63,941,3,8036.63
SAL01143,EMP0573,2014-01-13,6768.0,877,0,7645.0
SAL01144,EMP0573,2015-01-13 00:00:00,7038.72,491,4,7529.72
SAL01145,EMP0574,2015-01-20,5078.0,296,0,5374.0
SAL01146,EMP0574,2016-01-20 00:00:00,5230.34,220,3,5450.34
SAL01147,EMP0574,2017-01-20 00:00:00,5596.46,827,7,6423.46
SAL01148,EMP0575,2018-08-08,8066.0,865,0,8931.0
SAL01149,EMP0575,2019-08-08 00:00:00,8872.6,72,10,8944.6
SAL01150,EMP0576,2014-11-12,25603.0,336,0,25939.0
SAL01151,EMP0576,2015-11-12 00:00:00,28163.3,1602,10,29765.3
SAL01152,EMP0576,2017-11-12 00:00:00,29571.47,1936,5,31507.47
SAL01153,EMP0577,2023-10-25,17913.0,935,0,18848.0
SAL01154,EMP0578,2017-06-24,4535.0,257,0,4792.0
SAL01155,EMP0578,2019-06-24 00:00:00,4988.5,580,10,5568.5
SAL01156,EMP0579,2022-08-08,20962.0,1183,0,22145.0
SAL01157,EMP0579,2023-08-08 00:00:00,22638.96,1735,8,24373.96
SAL01158,EMP0580,2015-04-21,16209.0,2306,0,18515.0
SAL01159,EMP0580,2017-04-21 00:00:00,17019.45,289,5,17308.45
SAL01160,EMP0581,2025-03-17,13689.0,320,0,14009.0
SAL01161,EMP0582,2020-06-24,26698.0,358,0,27056.0
SAL01162,EMP0582,2022-06-24 00:00:00,29100.82,131,9,29231.82
SAL01163,EMP0583,2017-12-25,3178.0,302,0,3480.0
SAL01164,EMP0583,2018-12-25 00:00:00,3305.12,456,4,3761.12
SAL01165,EMP0583,2019-12-25 00:00:00,3602.58,198,9,3800.58
SAL01166,EMP0584,2025-05-16,22194.0,611,0,22805.0
SAL01167,EMP0584,2026-05-16 00:00:00,23747.58,1293,7,25040.58
SAL01168,EMP0585,2020-09-22,3395.0,141,0,3536.0
SAL01169,EMP0585,2022-09-22 00:00:00,3666.6,95,8,3761.6
SAL01170,EMP0585,2023-09-22 00:00:00,3776.6,227,3,4003.6
SAL01171,EMP0586,2012-08-09,25578.0,114,0,25692.0
SAL01172,EMP0586,2013-08-09 00:00:00,27368.46,2239,7,29607.46
SAL01173,EMP0587,2021-07-09,4258.0,501,0,4759.0
SAL01174,EMP0587,2022-07-09 00:00:00,4598.64,250,8,4848.64
SAL01175,EMP0588,2018-12-07,17220.0,1869,0,19089.0
SAL01176,EMP0589,2020-09-29,4339.0,23,0,4362.0
SAL01177,EMP0590,2015-12-21,28438.0,904,0,29342.0
SAL01178,EMP0590,2017-12-21 00:00:00,31281.8,1961,10,33242.8
SAL01179,EMP0591,2012-01-19,30947.0,2550,0,33497.0
SAL01180,EMP0591,2013-01-19 00:00:00,33732.23,39,9,33771.23
SAL01181,EMP0591,2015-01-19 00:00:00,36768.13,2612,9,39380.13
SAL01182,EMP0592,2019-11-27,13240.0,1950,0,15190.0
SAL01183,EMP0592,2021-11-27 00:00:00,14564.0,1235,10,15799.0
SAL01184,EMP0593,2024-10-15,19235.0,619,0,19854.0
SAL01185,EMP0594,2015-08-17,7540.0,417,0,7957.0
SAL01186,EMP0594,2017-08-17 00:00:00,7841.6,1049,4,8890.6
SAL01187,EMP0595,2024-04-03,11042.0,1417,0,12459.0
SAL01188,EMP0595,2026-04-03 00:00:00,11483.68,343,4,11826.68
SAL01189,EMP0596,2024-02-11,20534.0,89,0,20623.0
SAL01190,EMP0597,2024-04-14,5657.0,285,0,5942.0
SAL01191,EMP0598,2024-12-17,19400.0,2487,0,21887.0
SAL01192,EMP0598,2026-12-17 00:00:00,20176.0,1619,4,21795.0
SAL01193,EMP0599,2025-04-16,19998.0,611,0,20609.0
SAL01194,EMP0599,2027-04-16 00:00:00,20797.92,1253,4,22050.92
SAL01195,EMP0599,2028-04-16 00:00:00,22461.75,2112,8,24573.75
SAL01196,EMP0600,2020-02-15,10294.0,1058,0,11352.0
SAL01197,EMP0600,2021-02-15 00:00:00,10602.82,292,3,10894.82
SAL01198,EMP0600,2023-02-15 00:00:00,11663.1,729,10,12392.1
SAL01199,EMP0601,2016-06-05,11953.0,701,0,12654.0
SAL01200,EMP0602,2017-02-24,7146.0,196,0,7342.0
SAL01201,EMP0603,2025-06-08,9172.0,545,0,9717.0
SAL01202,EMP0603,2026-06-08 00:00:00,9997.48,485,9,10482.48
SAL01203,EMP0603,2028-06-08 00:00:00,10697.3,497,7,11194.3
SAL01204,EMP0604,2019-11-29,8091.0,4,0,8095.0
SAL01205,EMP0605,2025-06-16,11735.0,501,0,12236.0
SAL01206,EMP0605,2026-06-16 00:00:00,12556.45,1194,7,13750.45
SAL01207,EMP0606,2012-12-18,7393.0,690,0,8083.0
SAL01208,EMP0607,2015-03-19,26864.0,890,0,27754.0
SAL01209,EMP0607,2016-03-19 00:00:00,29013.12,928,8,29941.12
SAL01210,EMP0608,2020-08-31,8385.0,407,0,8792.0
SAL01211,EMP0609,2017-01-08,6000.0,123,0,6123.0
SAL01212,EMP0609,2019-01-08 00:00:00,6600.0,347,10,6947.0
SAL01213,EMP0609,2021-01-08 00:00:00,6996.0,856,6,7852.0
SAL01214,EMP0610,2024-07-08,11664.0,783,0,12447.0
SAL01215,EMP0610,2026-07-08 00:00:00,12713.76,560,9,13273.76
SAL01216,EMP0611,2017-08-30,29983.0,1902,0,31885.0
SAL01217,EMP0611,2019-08-30 00:00:00,31781.98,612,6,32393.98
SAL01218,EMP0612,2026-05-22,10861.0,1437,0,12298.0
SAL01219,EMP0612,2028-05-22 00:00:00,11404.05,980,5,12384.05
SAL01220,EMP0612,2029-05-22 00:00:00,11746.17,58,3,11804.17
SAL01221,EMP0613,2017-01-18,9172.0,456,0,9628.0
SAL01222,EMP0613,2019-01-18 00:00:00,9630.6,1250,5,10880.6
SAL01223,EMP0613,2021-01-18 00:00:00,10593.66,650,10,11243.66
SAL01224,EMP0614,2022-08-11,21413.0,895,0,22308.0
SAL01225,EMP0614,2023-08-11 00:00:00,22269.52,3045,4,25314.52
SAL01226,EMP0614,2025-08-11 00:00:00,23383.0,2766,5,26149.0
SAL01227,EMP0615,2019-02-15,21248.0,2625,0,23873.0
SAL01228,EMP0616,2017-11-16,6354.0,123,0,6477.0
SAL01229,EMP0617,2022-08-20,15287.0,401,0,15688.0
SAL01230,EMP0617,2023-08-20 00:00:00,16357.09,1938,7,18295.09
SAL01231,EMP0618,2024-12-04,9843.0,461,0,10304.0
SAL01232,EMP0619,2017-02-23,16910.0,758,0,17668.0
SAL01233,EMP0620,2024-04-08,3217.0,427,0,3644.0
SAL01234,EMP0620,2026-04-08 00:00:00,3313.51,216,3,3529.51
SAL01235,EMP0621,2026-05-08,6944.0,32,0,6976.0
SAL01236,EMP0622,2020-06-05,3334.0,236,0,3570.0
SAL01237,EMP0622,2021-06-05 00:00:00,3600.72,105,8,3705.72
SAL01238,EMP0622,2023-06-05 00:00:00,3924.78,285,9,4209.78
SAL01239,EMP0623,2014-09-25,3579.0,510,0,4089.0
SAL01240,EMP0623,2015-09-25 00:00:00,3686.37,367,3,4053.37
SAL01241,EMP0623,2017-09-25 00:00:00,4055.01,366,10,4421.01
SAL01242,EMP0624,2013-10-19,14581.0,523,0,15104.0
SAL01243,EMP0624,2015-10-19 00:00:00,15601.67,113,7,15714.67
SAL01244,EMP0624,2017-10-19 00:00:00,16069.72,588,3,16657.72
SAL01245,EMP0625,2024-02-07,15089.0,288,0,15377.0
SAL01246,EMP0626,2022-01-12,8860.0,526,0,9386.0
SAL01247,EMP0626,2023-01-12 00:00:00,9303.0,1074,5,10377.0
SAL01248,EMP0627,2015-04-22,26503.0,1007,0,27510.0
SAL01249,EMP0628,2018-10-02,6174.0,825,0,6999.0
SAL01250,EMP0628,2020-10-02 00:00:00,6359.22,614,3,6973.22
SAL01251,EMP0629,2012-07-03,5440.0,690,0,6130.0
SAL01252,EMP0629,2014-07-03 00:00:00,5603.2,668,3,6271.2
SAL01253,EMP0630,2024-01-05,29643.0,235,0,29878.0
SAL01254,EMP0631,2015-01-17,12535.0,728,0,13263.0
SAL01255,EMP0631,2017-01-17 00:00:00,13036.4,1852,4,14888.4
SAL01256,EMP0632,2022-09-19,7678.0,474,0,8152.0
SAL01257,EMP0632,2024-09-19 00:00:00,7908.34,583,3,8491.34
SAL01258,EMP0633,2021-06-01,11709.0,36,0,11745.0
SAL01259,EMP0633,2023-06-01 00:00:00,12060.27,433,3,12493.27
SAL01260,EMP0633,2024-06-01 00:00:00,12904.49,1207,7,14111.49
SAL01261,EMP0634,2021-09-29,3336.0,353,0,3689.0
SAL01262,EMP0634,2022-09-29 00:00:00,3602.88,336,8,3938.88
SAL01263,EMP0635,2017-01-15,21810.0,2406,0,24216.0
SAL01264,EMP0636,2025-09-19,8020.0,535,0,8555.0
SAL01265,EMP0636,2026-09-19 00:00:00,8581.4,869,7,9450.4
SAL01266,EMP0636,2028-09-19 00:00:00,9353.73,1301,9,10654.73
SAL01267,EMP0637,2025-09-06,7017.0,990,0,8007.0
SAL01268,EMP0638,2016-09-02,7536.0,454,0,7990.0
SAL01269,EMP0638,2017-09-02 00:00:00,8289.6,615,10,8904.6
SAL01270,EMP0639,2024-10-08,7668.0,925,0,8593.0
SAL01271,EMP0640,2024-11-22,8452.0,944,0,9396.0
SAL01272,EMP0640,2026-11-22 00:00:00,9043.64,299,7,9342.64
SAL01273,EMP0640,2028-11-22 00:00:00,9857.57,718,9,10575.57
SAL01274,EMP0641,2020-01-24,20755.0,32,0,20787.0
SAL01275,EMP0641,2022-01-24 00:00:00,22622.95,2412,9,25034.95
SAL01276,EMP0642,2021-04-10,3951.0,51,0,4002.0
SAL01277,EMP0643,2015-05-17,4490.0,237,0,4727.0
SAL01278,EMP0644,2015-04-20,3633.0,509,0,4142.0
SAL01279,EMP0644,2017-04-20 00:00:00,3887.31,484,7,4371.31
SAL01280,EMP0645,2019-03-09,13833.0,52,0,13885.0
SAL01281,EMP0646,2013-11-13,9843.0,988,0,10831.0
SAL01282,EMP0646,2014-11-13 00:00:00,10532.01,457,7,10989.01
SAL01283,EMP0646,2016-11-13 00:00:00,11585.21,439,10,12024.21
SAL01284,EMP0647,2025-10-12,32552.0,1822,0,34374.0
SAL01285,EMP0647,2027-10-12 00:00:00,34505.12,2621,6,37126.12
SAL01286,EMP0647,2028-10-12 00:00:00,37610.58,236,9,37846.58
SAL01287,EMP0648,2023-11-16,16156.0,1993,0,18149.0
SAL01288,EMP0649,2024-04-12,9581.0,1030,0,10611.0
SAL01289,EMP0649,2026-04-12 00:00:00,10155.86,619,6,10774.86
SAL01290,EMP0649,2028-04-12 00:00:00,10460.54,772,3,11232.54
SAL01291,EMP0650,2023-04-06,16550.0,1426,0,17976.0
SAL01292,EMP0651,2011-08-22,3144.0,384,0,3528.0
SAL01293,EMP0651,2013-08-22 00:00:00,3332.64,322,6,3654.64
SAL01294,EMP0652,2017-12-23,17458.0,2405,0,19863.0
SAL01295,EMP0652,2018-12-23 00:00:00,18854.64,898,8,19752.64
SAL01296,EMP0652,2019-12-23 00:00:00,19608.83,2243,4,21851.83
SAL01297,EMP0653,2016-07-29,7874.0,546,0,8420.0
SAL01298,EMP0653,2018-07-29 00:00:00,8661.4,183,10,8844.4
SAL01299,EMP0654,2015-08-27,17771.0,78,0,17849.0
SAL01300,EMP0654,2017-08-27 00:00:00,18481.84,1803,4,20284.84
SAL01301,EMP0654,2018-08-27 00:00:00,19775.57,19,7,19794.57
SAL01302,EMP0655,2022-12-19,18502.0,626,0,19128.0
SAL01303,EMP0655,2023-12-19 00:00:00,20167.18,783,9,20950.18
SAL01304,EMP0655,2024-12-19 00:00:00,20772.2,1079,3,21851.2
SAL01305,EMP0656,2014-11-26,21092.0,1775,0,22867.0
SAL01306,EMP0656,2015-11-26 00:00:00,21724.76,360,3,22084.76
SAL01307,EMP0656,2016-11-26 00:00:00,23462.74,1820,8,25282.74
SAL01308,EMP0657,2012-02-24,33512.0,4828,0,38340.0
SAL01309,EMP0658,2014-10-18,4445.0,107,0,4552.0
SAL01310,EMP0659,2025-03-28,4324.0,382,0,4706.0
SAL01311,EMP0660,2016-07-30,6909.0,719,0,7628.0
SAL01312,EMP0660,2017-07-30 00:00:00,7116.27,1045,3,8161.27
SAL01313,EMP0660,2018-07-30 00:00:00,7756.73,519,9,8275.73
SAL01314,EMP0661,2012-11-27,17457.0,1667,0,19124.0
SAL01315,EMP0662,2018-12-18,13254.0,274,0,13528.0
SAL01316,EMP0662,2020-12-18 00:00:00,14446.86,1446,9,15892.86
SAL01317,EMP0662,2021-12-18 00:00:00,15024.73,1659,4,16683.73
SAL01318,EMP0663,2014-11-25,7697.0,494,0,8191.0
SAL01319,EMP0664,2015-06-01,23422.0,264,0,23686.0
SAL01320,EMP0664,2016-06-01 00:00:00,24358.88,1473,4,25831.88
SAL01321,EMP0665,2013-12-23,3390.0,434,0,3824.0
SAL01322,EMP0665,2014-12-23 00:00:00,3525.6,273,4,3798.6
SAL01323,EMP0666,2019-07-18,20068.0,1149,0,21217.0
SAL01324,EMP0666,2021-07-18 00:00:00,21874.12,715,9,22589.12
SAL01325,EMP0666,2022-07-18 00:00:00,22967.83,880,5,23847.83
SAL01326,EMP0667,2021-08-03,3858.0,97,0,3955.0
SAL01327,EMP0667,2022-08-03 00:00:00,4166.64,49,8,4215.64
SAL01328,EMP0667,2024-08-03 00:00:00,4499.97,424,8,4923.97
SAL01329,EMP0668,2017-03-30,4549.0,139,0,4688.0
SAL01330,EMP0669,2021-03-25,19287.0,1035,0,20322.0
SAL01331,EMP0669,2022-03-25 00:00:00,21215.7,809,10,22024.7
SAL01332,EMP0669,2024-03-25 00:00:00,22912.96,2032,8,24944.96
SAL01333,EMP0670,2026-04-17,14428.0,1000,0,15428.0
SAL01334,EMP0670,2028-04-17 00:00:00,15437.96,2217,7,17654.96
SAL01335,EMP0671,2022-06-14,13765.0,1350,0,15115.0
SAL01336,EMP0671,2024-06-14 00:00:00,14453.25,530,5,14983.25
SAL01337,EMP0672,2017-11-05,24164.0,2084,0,26248.0
SAL01338,EMP0673,2022-01-08,7916.0,1173,0,9089.0
SAL01339,EMP0673,2024-01-08 00:00:00,8628.44,663,9,9291.44
SAL01340,EMP0673,2026-01-08 00:00:00,9146.15,552,6,9698.15
SAL01341,EMP0674,2015-11-21,21308.0,540,0,21848.0
SAL01342,EMP0674,2016-11-21 00:00:00,23438.8,1242,10,24680.8
SAL01343,EMP0675,2015-05-17,4421.0,637,0,5058.0
SAL01344,EMP0675,2016-05-17 00:00:00,4818.89,268,9,5086.89
SAL01345,EMP0675,2018-05-17 00:00:00,5156.21,578,7,5734.21
SAL01346,EMP0676,2022-11-29,8872.0,879,0,9751.0
SAL01347,EMP0676,2024-11-29 00:00:00,9759.2,1183,10,10942.2
SAL01348,EMP0676,2025-11-29 00:00:00,10637.53,311,9,10948.53
SAL01349,EMP0677,2022-10-05,6658.0,271,0,6929.0
SAL01350,EMP0677,2023-10-05 00:00:00,7190.64,895,8,8085.64
SAL01351,EMP0677,2024-10-05 00:00:00,7622.08,936,6,8558.08
SAL01352,EMP0678,2015-08-01,30966.0,1329,0,32295.0
SAL01353,EMP0678,2016-08-01 00:00:00,33752.94,2150,9,35902.94
SAL01354,EMP0678,2018-08-01 00:00:00,35440.59,786,5,36226.59
SAL01355,EMP0679,2018-08-25,9800.0,477,0,10277.0
SAL01356,EMP0679,2020-08-25 00:00:00,10388.0,1339,6,11727.0
SAL01357,EMP0679,2022-08-25 00:00:00,11322.92,1433,9,12755.92
SAL01358,EMP0680,2018-11-26,7298.0,1022,0,8320.0
SAL01359,EMP0680,2019-11-26 00:00:00,7662.9,305,5,7967.9
SAL01360,EMP0680,2020-11-26 00:00:00,8429.19,1195,10,9624.19
SAL01361,EMP0681,2013-08-04,20606.0,1211,0,21817.0
SAL01362,EMP0681,2015-08-04 00:00:00,21430.24,3022,4,24452.24
SAL01363,EMP0681,2017-08-04 00:00:00,23144.66,825,8,23969.66
SAL01364,EMP0682,2025-02-07,25963.0,529,0,26492.0
SAL01365,EMP0682,2027-02-07 00:00:00,28559.3,1951,10,30510.3
SAL01366,EMP0682,2029-02-07 00:00:00,30844.04,835,8,31679.04
SAL01367,EMP0683,2018-07-08,29449.0,12,0,29461.0
SAL01368,EMP0684,2020-10-19,17045.0,2308,0,19353.0
SAL01369,EMP0685,2024-11-04,14652.0,2035,0,16687.0
SAL01370,EMP0685,2025-11-04 00:00:00,15091.56,2096,3,17187.56
SAL01371,EMP0685,2027-11-04 00:00:00,16449.8,683,9,17132.8
SAL01372,EMP0686,2024-12-26,6577.0,291,0,6868.0
SAL01373,EMP0686,2026-12-26 00:00:00,6905.85,50,5,6955.85
SAL01374,EMP0687,2022-05-12,7267.0,929,0,8196.0
SAL01375,EMP0688,2023-06-23,8369.0,731,0,9100.0
SAL01376,EMP0689,2023-01-03,8797.0,121,0,8918.0
SAL01377,EMP0689,2024-01-03 00:00:00,9324.82,555,6,9879.82
SAL01378,EMP0689,2025-01-03 00:00:00,9791.06,1048,5,10839.06
SAL01379,EMP0690,2018-02-10,19707.0,625,0,20332.0
SAL01380,EMP0690,2020-02-10 00:00:00,21283.56,106,8,21389.56
SAL01381,EMP0690,2022-02-10 00:00:00,22560.57,2871,6,25431.57
SAL01382,EMP0691,2019-03-02,10978.0,218,0,11196.0
SAL01383,EMP0691,2021-03-02 00:00:00,11636.68,684,6,12320.68
SAL01384,EMP0691,2023-03-02 00:00:00,12800.35,1826,10,14626.35
SAL01385,EMP0692,2016-07-25,8635.0,234,0,8869.0
SAL01386,EMP0693,2013-02-03,3015.0,441,0,3456.0
SAL01387,EMP0693,2015-02-03 00:00:00,3286.35,364,9,3650.35
SAL01388,EMP0693,2017-02-03 00:00:00,3582.12,479,9,4061.12
SAL01389,EMP0694,2012-07-16,17725.0,1940,0,19665.0
SAL01390,EMP0694,2013-07-16 00:00:00,18611.25,2383,5,20994.25
SAL01391,EMP0695,2021-12-16,14826.0,975,0,15801.0
SAL01392,EMP0695,2022-12-16 00:00:00,15419.04,986,4,16405.04
SAL01393,EMP0695,2023-12-16 00:00:00,16189.99,1408,5,17597.99
SAL01394,EMP0696,2012-12-04,9859.0,721,0,10580.0
SAL01395,EMP0697,2026-02-04,32023.0,4794,0,36817.0
SAL01396,EMP0698,2014-03-04,8427.0,268,0,8695.0
SAL01397,EMP0698,2016-03-04 00:00:00,9016.89,1128,7,10144.89
SAL01398,EMP0698,2017-03-04 00:00:00,9467.73,965,5,10432.73
SAL01399,EMP0699,2025-08-11,6023.0,145,0,6168.0
SAL01400,EMP0699,2027-08-11 00:00:00,6203.69,641,3,6844.69
SAL01401,EMP0699,2028-08-11 00:00:00,6513.87,316,5,6829.87
SAL01402,EMP0700,2019-12-08,9204.0,847,0,10051.0
SAL01403,EMP0701,2016-07-22,20564.0,1763,0,22327.0
SAL01404,EMP0701,2018-07-22 00:00:00,22620.4,992,10,23612.4
SAL01405,EMP0701,2019-07-22 00:00:00,23751.42,1277,5,25028.42
SAL01406,EMP0702,2019-04-21,12888.0,1471,0,14359.0
SAL01407,EMP0703,2017-01-06,9466.0,899,0,10365.0
SAL01408,EMP0703,2018-01-06 00:00:00,10033.96,522,6,10555.96
SAL01409,EMP0703,2020-01-06 00:00:00,10937.02,252,9,11189.02
SAL01410,EMP0704,2015-02-06,5047.0,544,0,5591.0
SAL01411,EMP0705,2023-11-03,3094.0,63,0,3157.0
SAL01412,EMP0705,2025-11-03 00:00:00,3186.82,471,3,3657.82
SAL01413,EMP0706,2022-10-02,5802.0,151,0,5953.0
SAL01414,EMP0707,2012-12-10,8282.0,248,0,8530.0
SAL01415,EMP0708,2012-03-19,3542.0,200,0,3742.0
SAL01416,EMP0708,2013-03-19 00:00:00,3719.1,46,5,3765.1
SAL01417,EMP0708,2014-03-19 00:00:00,3867.86,17,4,3884.86
SAL01418,EMP0709,2015-02-22,16200.0,2316,0,18516.0
SAL01419,EMP0710,2021-06-11,15327.0,1605,0,16932.0
SAL01420,EMP0710,2022-06-11 00:00:00,16859.7,174,10,17033.7
SAL01421,EMP0711,2024-10-20,11981.0,1370,0,13351.0
SAL01422,EMP0712,2013-01-03,23728.0,2710,0,26438.0
SAL01423,EMP0713,2021-07-24,8504.0,1009,0,9513.0
SAL01424,EMP0713,2022-07-24 00:00:00,8844.16,455,4,9299.16
SAL01425,EMP0713,2023-07-24 00:00:00,9286.37,1315,5,10601.37
SAL01426,EMP0714,2019-02-14,6949.0,211,0,7160.0
SAL01427,EMP0714,2020-02-14 00:00:00,7157.47,217,3,7374.47
SAL01428,EMP0715,2014-06-02,12115.0,1753,0,13868.0
SAL01429,EMP0716,2019-11-29,8804.0,987,0,9791.0
SAL01430,EMP0716,2020-11-29 00:00:00,9244.2,547,5,9791.2
SAL01431,EMP0716,2021-11-29 00:00:00,9706.41,77,5,9783.41
SAL01432,EMP0717,2013-02-23,20373.0,2133,0,22506.0
SAL01433,EMP0717,2015-02-23 00:00:00,21391.65,1030,5,22421.65
SAL01434,EMP0717,2016-02-23 00:00:00,23316.9,3198,9,26514.9
SAL01435,EMP0718,2020-02-29,17338.0,817,0,18155.0
SAL01436,EMP0718,2021-02-28 00:00:00,18378.28,906,6,19284.28
SAL01437,EMP0718,2022-02-28 00:00:00,20216.11,2331,10,22547.11
SAL01438,EMP0719,2021-02-06,15807.0,1888,0,17695.0
SAL01439,EMP0719,2022-02-06 00:00:00,16597.35,1247,5,17844.35
SAL01440,EMP0720,2012-06-13,33453.0,3353,0,36806.0
SAL01441,EMP0720,2013-06-13 00:00:00,35794.71,2469,7,38263.71
SAL01442,EMP0720,2014-06-13 00:00:00,36868.55,4936,3,41804.55
SAL01443,EMP0721,2024-07-01,20352.0,3041,0,23393.0
SAL01444,EMP0721,2025-07-01 00:00:00,21573.12,574,6,22147.12
SAL01445,EMP0721,2027-07-01 00:00:00,22651.78,1329,5,23980.78
SAL01446,EMP0722,2021-04-16,8195.0,1201,0,9396.0
SAL01447,EMP0723,2019-01-08,7215.0,783,0,7998.0
SAL01448,EMP0723,2020-01-08 00:00:00,7647.9,157,6,7804.9
SAL01449,EMP0723,2022-01-08 00:00:00,8183.25,811,7,8994.25
SAL01450,EMP0724,2018-08-05,5203.0,392,0,5595.0
SAL01451,EMP0724,2020-08-05 00:00:00,5567.21,546,7,6113.21
SAL01452,EMP0725,2025-09-30,17240.0,2440,0,19680.0
SAL01453,EMP0726,2018-01-24,3494.0,82,0,3576.0
SAL01454,EMP0726,2020-01-24 00:00:00,3668.7,541,5,4209.7
SAL01455,EMP0726,2022-01-24 00:00:00,3925.51,186,7,4111.51
SAL01456,EMP0727,2022-09-26,5932.0,712,0,6644.0
SAL01457,EMP0728,2013-03-29,5067.0,693,0,5760.0
SAL01458,EMP0728,2015-03-29 00:00:00,5371.02,474,6,5845.02
SAL01459,EMP0728,2017-03-29 00:00:00,5854.41,352,9,6206.41
SAL01460,EMP0729,2016-01-07,27818.0,2072,0,29890.0
SAL01461,EMP0730,2013-08-28,17343.0,368,0,17711.0
SAL01462,EMP0731,2026-03-12,4370.0,590,0,4960.0
SAL01463,EMP0731,2027-03-12 00:00:00,4719.6,312,8,5031.6
SAL01464,EMP0732,2015-10-06,10032.0,752,0,10784.0
SAL01465,EMP0732,2017-10-06 00:00:00,10834.56,400,8,11234.56
SAL01466,EMP0732,2019-10-06 00:00:00,11159.6,605,3,11764.6
SAL01467,EMP0733,2021-06-01,15293.0,661,0,15954.0
SAL01468,EMP0733,2022-06-01 00:00:00,16822.3,1455,10,18277.3
SAL01469,EMP0733,2024-06-01 00:00:00,17495.19,376,4,17871.19
SAL01470,EMP0734,2024-03-14,7317.0,807,0,8124.0
SAL01471,EMP0734,2025-03-14 00:00:00,7536.51,411,3,7947.51
SAL01472,EMP0734,2027-03-14 00:00:00,7913.34,624,5,8537.34
SAL01473,EMP0735,2017-04-06,6254.0,647,0,6901.0
SAL01474,EMP0735,2018-04-06 00:00:00,6879.4,204,10,7083.4
SAL01475,EMP0735,2019-04-06 00:00:00,7498.55,562,9,8060.55
SAL01476,EMP0736,2012-10-19,13797.0,1566,0,15363.0
SAL01477,EMP0736,2013-10-19 00:00:00,15038.73,936,9,15974.73
SAL01478,EMP0737,2014-09-28,5177.0,378,0,5555.0
SAL01479,EMP0738,2021-11-25,6512.0,840,0,7352.0
SAL01480,EMP0738,2022-11-25 00:00:00,6707.36,346,3,7053.36
SAL01481,EMP0739,2019-07-01,6977.0,1,0,6978.0
SAL01482,EMP0739,2021-07-01 00:00:00,7535.16,177,8,7712.16
SAL01483,EMP0739,2023-07-01 00:00:00,7987.27,825,6,8812.27
SAL01484,EMP0740,2024-02-13,12037.0,681,0,12718.0
SAL01485,EMP0740,2025-02-13 00:00:00,12398.11,882,3,13280.11
SAL01486,EMP0741,2024-11-24,8489.0,1259,0,9748.0
SAL01487,EMP0741,2026-11-24 00:00:00,8913.45,940,5,9853.45
SAL01488,EMP0742,2016-06-06,29810.0,208,0,30018.0
SAL01489,EMP0742,2017-06-06 00:00:00,32492.9,3546,9,36038.9
SAL01490,EMP0743,2013-07-24,11294.0,208,0,11502.0
SAL01491,EMP0743,2015-07-24 00:00:00,12310.46,1625,9,13935.46
SAL01492,EMP0744,2020-12-15,4373.0,401,0,4774.0
SAL01493,EMP0744,2022-12-15 00:00:00,4722.84,114,8,4836.84
SAL01494,EMP0744,2024-12-15 00:00:00,5053.44,68,7,5121.44
SAL01495,EMP0745,2011-12-19,20215.0,530,0,20745.0
SAL01496,EMP0745,2012-12-19 00:00:00,21630.05,446,7,22076.05
SAL01497,EMP0745,2013-12-19 00:00:00,22711.55,2128,5,24839.55
SAL01498,EMP0746,2024-12-25,31986.0,1616,0,33602.0
SAL01499,EMP0746,2025-12-25 00:00:00,33265.44,659,4,33924.44
SAL01500,EMP0746,2026-12-25 00:00:00,36259.33,3264,9,39523.33
SAL01501,EMP0747,2013-08-03,19074.0,1230,0,20304.0
SAL01502,EMP0747,2015-08-03 00:00:00,19836.96,730,4,20566.96
SAL01503,EMP0747,2016-08-03 00:00:00,21622.29,1893,9,23515.29
SAL01504,EMP0748,2023-01-02,6684.0,745,0,7429.0
SAL01505,EMP0748,2025-01-02 00:00:00,7151.88,220,7,7371.88
SAL01506,EMP0748,2027-01-02 00:00:00,7509.47,299,5,7808.47
SAL01507,EMP0749,2012-09-25,33872.0,4077,0,37949.0
SAL01508,EMP0749,2013-09-25 00:00:00,37259.2,1096,10,38355.2
SAL01509,EMP0749,2015-09-25 00:00:00,39494.75,3247,6,42741.75
SAL01510,EMP0750,2022-11-07,17686.0,153,0,17839.0
SAL01511,EMP0751,2014-01-31,30940.0,1170,0,32110.0
SAL01512,EMP0752,2017-09-19,18731.0,2069,0,20800.0
SAL01513,EMP0752,2018-09-19 00:00:00,20416.79,1130,9,21546.79
SAL01514,EMP0752,2019-09-19 00:00:00,21233.46,2665,4,23898.46
SAL01515,EMP0753,2020-09-24,3799.0,470,0,4269.0
SAL01516,EMP0753,2021-09-24 00:00:00,4178.9,499,10,4677.9
SAL01517,EMP0753,2022-09-24 00:00:00,4429.63,321,6,4750.63
SAL01518,EMP0754,2017-06-19,22386.0,1683,0,24069.0
SAL01519,EMP0754,2019-06-19 00:00:00,24176.88,2101,8,26277.88
SAL01520,EMP0754,2020-06-19 00:00:00,25627.49,174,6,25801.49
SAL01521,EMP0755,2020-02-28,7574.0,824,0,8398.0
SAL01522,EMP0755,2021-02-28 00:00:00,8028.44,18,6,8046.44
SAL01523,EMP0755,2023-02-28 00:00:00,8831.28,226,10,9057.28
SAL01524,EMP0756,2019-01-02,17707.0,1730,0,19437.0
SAL01525,EMP0756,2021-01-02 00:00:00,18769.42,716,6,19485.42
SAL01526,EMP0757,2024-09-13,7264.0,494,0,7758.0
SAL01527,EMP0757,2026-09-13 00:00:00,7772.48,506,7,8278.48
SAL01528,EMP0757,2028-09-13 00:00:00,8394.28,111,8,8505.28
SAL01529,EMP0758,2012-04-19,11661.0,645,0,12306.0
SAL01530,EMP0759,2014-08-09,19734.0,300,0,20034.0
SAL01531,EMP0760,2015-11-21,10273.0,288,0,10561.0
SAL01532,EMP0760,2016-11-21 00:00:00,10683.92,642,4,11325.92
SAL01533,EMP0761,2013-12-22,4557.0,240,0,4797.0
SAL01534,EMP0761,2014-12-22 00:00:00,5012.7,514,10,5526.7
SAL01535,EMP0761,2015-12-22 00:00:00,5363.59,188,7,5551.59
SAL01536,EMP0762,2018-11-24,3272.0,95,0,3367.0
SAL01537,EMP0762,2019-11-24 00:00:00,3370.16,157,3,3527.16
SAL01538,EMP0763,2023-07-25,5676.0,336,0,6012.0
SAL01539,EMP0764,2026-07-06,3953.0,553,0,4506.0
SAL01540,EMP0765,2012-06-08,30790.0,4233,0,35023.0
SAL01541,EMP0766,2011-10-03,4192.0,54,0,4246.0
SAL01542,EMP0766,2012-10-03 00:00:00,4443.52,414,6,4857.52
SAL01543,EMP0766,2014-10-03 00:00:00,4710.13,309,6,5019.13
SAL01544,EMP0767,2019-02-19,34148.0,1652,0,35800.0
SAL01545,EMP0767,2020-02-19 00:00:00,36538.36,536,7,37074.36
SAL01546,EMP0767,2021-02-19 00:00:00,38730.66,4235,6,42965.66
SAL01547,EMP0768,2014-07-12,8887.0,363,0,9250.0
SAL01548,EMP0768,2015-07-12 00:00:00,9420.22,696,6,10116.22
SAL01549,EMP0769,2024-06-07,15330.0,1633,0,16963.0
SAL01550,EMP0770,2011-12-07,5740.0,529,0,6269.0
SAL01551,EMP0770,2012-12-07 00:00:00,6256.6,269,9,6525.6
SAL01552,EMP0770,2013-12-07 00:00:00,6882.26,509,10,7391.26
SAL01553,EMP0771,2023-04-14,18768.0,138,0,18906.0
SAL01554,EMP0771,2025-04-14 00:00:00,20081.76,1544,7,21625.76
SAL01555,EMP0772,2020-09-13,4659.0,24,0,4683.0
SAL01556,EMP0772,2022-09-13 00:00:00,4798.77,302,3,5100.77
SAL01557,EMP0773,2019-05-28,12558.0,1773,0,14331.0
SAL01558,EMP0773,2021-05-28 00:00:00,13688.22,1030,9,14718.22
SAL01559,EMP0773,2023-05-28 00:00:00,14920.16,1325,9,16245.16
SAL01560,EMP0774,2023-12-04,12264.0,1315,0,13579.0
SAL01561,EMP0775,2016-11-03,9605.0,882,0,10487.0
SAL01562,EMP0776,2021-01-09,18962.0,830,0,19792.0
SAL01563,EMP0777,2011-10-27,15927.0,1059,0,16986.0
SAL01564,EMP0777,2012-10-27 00:00:00,17519.7,416,10,17935.7
SAL01565,EMP0777,2013-10-27 00:00:00,18395.69,2023,5,20418.69
SAL01566,EMP0778,2021-04-10,8395.0,1248,0,9643.0
SAL01567,EMP0779,2015-08-24,8912.0,290,0,9202.0
SAL01568,EMP0779,2017-08-24 00:00:00,9714.08,4,9,9718.08
SAL01569,EMP0779,2018-08-24 00:00:00,10491.21,789,8,11280.21
SAL01570,EMP0780,2026-06-06,15007.0,1626,0,16633.0
SAL01571,EMP0781,2019-03-21,31288.0,3173,0,34461.0
SAL01572,EMP0781,2020-03-21 00:00:00,34416.8,4777,10,39193.8
SAL01573,EMP0781,2022-03-21 00:00:00,37858.48,4641,10,42499.48
SAL01574,EMP0782,2014-10-05,4334.0,327,0,4661.0
SAL01575,EMP0783,2017-07-22,9922.0,616,0,10538.0
SAL01576,EMP0783,2018-07-22 00:00:00,10814.98,94,9,10908.98
SAL01577,EMP0783,2019-07-22 00:00:00,11355.73,651,5,12006.73
SAL01578,EMP0784,2018-12-07,33866.0,131,0,33997.0
SAL01579,EMP0784,2019-12-07 00:00:00,37252.6,52,10,37304.6
SAL01580,EMP0784,2021-12-07 00:00:00,39115.23,3287,5,42402.23
SAL01581,EMP0785,2014-08-08,3157.0,240,0,3397.0
SAL01582,EMP0785,2016-08-08 00:00:00,3283.28,151,4,3434.28
SAL01583,EMP0786,2019-08-31,8026.0,501,0,8527.0
SAL01584,EMP0786,2021-08-31 00:00:00,8427.3,647,5,9074.3
SAL01585,EMP0786,2023-08-31 00:00:00,9017.21,1023,7,10040.21
SAL01586,EMP0787,2026-06-13,4064.0,593,0,4657.0
SAL01587,EMP0787,2027-06-13 00:00:00,4267.2,421,5,4688.2
SAL01588,EMP0788,2014-10-11,3473.0,17,0,3490.0
SAL01589,EMP0788,2016-10-11 00:00:00,3611.92,124,4,3735.92
SAL01590,EMP0789,2018-08-18,5678.0,818,0,6496.0
SAL01591,EMP0789,2020-08-18 00:00:00,5848.34,738,3,6586.34
SAL01592,EMP0789,2022-08-18 00:00:00,6082.27,245,4,6327.27
SAL01593,EMP0790,2017-10-19,12862.0,502,0,13364.0
SAL01594,EMP0791,2019-01-31,23268.0,2094,0,25362.0
SAL01595,EMP0791,2020-01-31 00:00:00,24896.76,3081,7,27977.76
SAL01596,EMP0792,2022-11-21,14436.0,1959,0,16395.0
SAL01597,EMP0792,2024-11-21 00:00:00,15157.8,1072,5,16229.8
SAL01598,EMP0792,2025-11-21 00:00:00,15915.69,1902,5,17817.69
SAL01599,EMP0793,2019-03-25,17836.0,1163,0,18999.0
SAL01600,EMP0793,2020-03-25 00:00:00,19441.24,478,9,19919.24
SAL01601,EMP0794,2014-04-19,19507.0,1719,0,21226.0
SAL01602,EMP0794,2015-04-19 00:00:00,21067.56,916,8,21983.56
SAL01603,EMP0795,2014-12-31,8966.0,1007,0,9973.0
SAL01604,EMP0795,2015-12-31 00:00:00,9593.62,1419,7,11012.62
SAL01605,EMP0795,2017-12-31 00:00:00,10265.17,56,7,10321.17
SAL01606,EMP0796,2016-05-22,5222.0,648,0,5870.0
SAL01607,EMP0796,2017-05-22 00:00:00,5744.2,334,10,6078.2
SAL01608,EMP0797,2015-04-23,6571.0,789,0,7360.0
SAL01609,EMP0797,2016-04-23 00:00:00,6899.55,332,5,7231.55
SAL01610,EMP0797,2017-04-23 00:00:00,7589.51,787,10,8376.51
SAL01611,EMP0798,2016-02-07,7504.0,931,0,8435.0
SAL01612,EMP0798,2018-02-07 00:00:00,8179.36,904,9,9083.36
SAL01613,EMP0798,2020-02-07 00:00:00,8751.92,466,7,9217.92
SAL01614,EMP0799,2025-12-12,12425.0,1198,0,13623.0
SAL01615,EMP0799,2027-12-12 00:00:00,13046.25,192,5,13238.25
SAL01616,EMP0799,2029-12-12 00:00:00,13959.49,1751,7,15710.49
SAL01617,EMP0800,2019-05-26,6408.0,180,0,6588.0
SAL01618,EMP0800,2021-05-26 00:00:00,6856.56,138,7,6994.56
SAL01619,EMP0800,2022-05-26 00:00:00,7405.08,527,8,7932.08
SAL01620,EMP0801,2016-04-23,9419.0,1391,0,10810.0
SAL01621,EMP0801,2018-04-23 00:00:00,10172.52,862,8,11034.52
SAL01622,EMP0802,2024-07-05,18776.0,1498,0,20274.0
SAL01623,EMP0803,2014-02-19,14993.0,17,0,15010.0
SAL01624,EMP0803,2016-02-19 00:00:00,16192.44,707,8,16899.44
SAL01625,EMP0804,2024-09-24,16815.0,2371,0,19186.0
SAL01626,EMP0804,2025-09-24 00:00:00,17655.75,1984,5,19639.75
SAL01627,EMP0805,2020-07-31,8065.0,246,0,8311.0
SAL01628,EMP0805,2022-07-31 00:00:00,8871.5,483,10,9354.5
SAL01629,EMP0805,2023-07-31 00:00:00,9137.65,1346,3,10483.65
SAL01630,EMP0806,2017-12-12,9961.0,1472,0,11433.0
SAL01631,EMP0806,2019-12-12 00:00:00,10259.83,1404,3,11663.83
SAL01632,EMP0806,2020-12-12 00:00:00,10772.82,1415,5,12187.82
SAL01633,EMP0807,2017-09-30,8722.0,894,0,9616.0
SAL01634,EMP0807,2018-09-30 00:00:00,9419.76,243,8,9662.76
SAL01635,EMP0808,2022-08-25,18249.0,2245,0,20494.0
SAL01636,EMP0809,2018-03-13,4950.0,169,0,5119.0
SAL01637,EMP0809,2019-03-13 00:00:00,5098.5,135,3,5233.5
SAL01638,EMP0809,2021-03-13 00:00:00,5557.37,130,9,5687.37
SAL01639,EMP0810,2012-03-22,4331.0,60,0,4391.0
SAL01640,EMP0810,2013-03-22 00:00:00,4547.55,305,5,4852.55
SAL01641,EMP0810,2014-03-22 00:00:00,4911.35,362,8,5273.35
SAL01642,EMP0811,2022-12-30,23487.0,2341,0,25828.0
SAL01643,EMP0811,2023-12-30 00:00:00,25835.7,2471,10,28306.7
SAL01644,EMP0811,2025-12-30 00:00:00,28160.91,630,9,28790.91
SAL01645,EMP0812,2014-03-10,31179.0,1026,0,32205.0
SAL01646,EMP0812,2015-03-10 00:00:00,33361.53,2141,7,35502.53
SAL01647,EMP0813,2022-04-14,13904.0,702,0,14606.0
SAL01648,EMP0813,2023-04-14 00:00:00,15155.36,261,9,15416.36
SAL01649,EMP0814,2024-01-24,8700.0,383,0,9083.0
SAL01650,EMP0815,2026-01-20,24417.0,2092,0,26509.0
SAL01651,EMP0815,2027-01-20 00:00:00,26126.19,2536,7,28662.19
SAL01652,EMP0815,2029-01-20 00:00:00,27171.24,261,4,27432.24
SAL01653,EMP0816,2017-06-22,3627.0,390,0,4017.0
SAL01654,EMP0817,2013-08-01,8710.0,714,0,9424.0
SAL01655,EMP0817,2015-08-01 00:00:00,9145.5,472,5,9617.5
SAL01656,EMP0818,2017-09-02,14074.0,1279,0,15353.0
SAL01657,EMP0818,2019-09-02 00:00:00,15059.18,394,7,15453.18
SAL01658,EMP0819,2012-08-13,6509.0,949,0,7458.0
SAL01659,EMP0820,2012-03-15,29724.0,3989,0,33713.0
SAL01660,EMP0820,2013-03-15 00:00:00,30615.72,2814,3,33429.72
SAL01661,EMP0821,2013-11-13,18389.0,1279,0,19668.0
SAL01662,EMP0821,2015-11-13 00:00:00,19308.45,538,5,19846.45
SAL01663,EMP0822,2021-05-23,16127.0,1273,0,17400.0
SAL01664,EMP0822,2022-05-23 00:00:00,17417.16,2607,8,20024.16
SAL01665,EMP0823,2012-12-01,32679.0,3255,0,35934.0
SAL01666,EMP0823,2014-12-01 00:00:00,33659.37,1984,3,35643.37
SAL01667,EMP0824,2016-10-05,11946.0,79,0,12025.0
SAL01668,EMP0825,2020-08-03,17742.0,1224,0,18966.0
SAL01669,EMP0826,2022-10-02,34615.0,4901,0,39516.0
SAL01670,EMP0826,2023-10-02 00:00:00,35653.45,3954,3,39607.45
SAL01671,EMP0827,2026-01-02,5923.0,431,0,6354.0
SAL01672,EMP0827,2027-01-02 00:00:00,6337.61,496,7,6833.61
SAL01673,EMP0827,2028-01-02 00:00:00,6654.49,89,5,6743.49
SAL01674,EMP0828,2018-12-31,4418.0,476,0,4894.0
SAL01675,EMP0828,2020-12-31 00:00:00,4727.26,206,7,4933.26
SAL01676,EMP0829,2019-04-11,15807.0,175,0,15982.0
SAL01677,EMP0830,2017-01-28,8540.0,611,0,9151.0
SAL01678,EMP0830,2019-01-28 00:00:00,9308.6,18,9,9326.6
SAL01679,EMP0831,2022-01-25,9683.0,1021,0,10704.0
SAL01680,EMP0832,2021-08-26,19041.0,2562,0,21603.0
SAL01681,EMP0832,2022-08-26 00:00:00,19993.05,1942,5,21935.05
SAL01682,EMP0832,2024-08-26 00:00:00,21392.56,3152,7,24544.56
SAL01683,EMP0833,2016-02-20,10737.0,45,0,10782.0
SAL01684,EMP0833,2018-02-20 00:00:00,11810.7,1181,10,12991.7
SAL01685,EMP0834,2012-07-17,9832.0,627,0,10459.0
SAL01686,EMP0835,2022-03-01,16718.0,1149,0,17867.0
SAL01687,EMP0835,2023-03-01 00:00:00,18222.62,2308,9,20530.62
SAL01688,EMP0836,2018-07-25,5897.0,392,0,6289.0
SAL01689,EMP0836,2019-07-25 00:00:00,6250.82,926,6,7176.82
SAL01690,EMP0837,2019-09-01,6259.0,126,0,6385.0
SAL01691,EMP0838,2019-04-03,8289.0,948,0,9237.0
SAL01692,EMP0838,2020-04-03 00:00:00,8869.23,688,7,9557.23
SAL01693,EMP0838,2022-04-03 00:00:00,9578.77,1377,8,10955.77
SAL01694,EMP0839,2014-10-29,4592.0,179,0,4771.0
SAL01695,EMP0839,2016-10-29 00:00:00,4821.6,297,5,5118.6
SAL01696,EMP0840,2013-08-15,5763.0,394,0,6157.0
SAL01697,EMP0840,2014-08-15 00:00:00,5935.89,524,3,6459.89
SAL01698,EMP0840,2015-08-15 00:00:00,6410.76,932,8,7342.76
SAL01699,EMP0841,2013-06-13,20554.0,1083,0,21637.0
SAL01700,EMP0842,2019-06-25,14315.0,1165,0,15480.0
SAL01701,EMP0842,2021-06-25 00:00:00,15317.05,1297,7,16614.05
SAL01702,EMP0843,2026-06-26,12238.0,1645,0,13883.0
SAL01703,EMP0843,2028-06-26 00:00:00,12727.52,1141,4,13868.52
SAL01704,EMP0843,2030-06-26 00:00:00,13873.0,173,9,14046.0
SAL01705,EMP0844,2011-12-21,10458.0,163,0,10621.0
SAL01706,EMP0845,2023-11-26,6007.0,887,0,6894.0
SAL01707,EMP0846,2025-08-16,25254.0,1042,0,26296.0
SAL01708,EMP0846,2027-08-16 00:00:00,27274.32,550,8,27824.32
SAL01709,EMP0846,2028-08-16 00:00:00,30001.75,3099,10,33100.75
SAL01710,EMP0847,2023-02-11,12099.0,1453,0,13552.0
SAL01711,EMP0848,2013-08-22,12749.0,999,0,13748.0
SAL01712,EMP0848,2015-08-22 00:00:00,13258.96,826,4,14084.96
SAL01713,EMP0849,2016-10-06,3688.0,6,0,3694.0
SAL01714,EMP0849,2018-10-06 00:00:00,3798.64,208,3,4006.64
SAL01715,EMP0850,2012-01-15,5821.0,824,0,6645.0
SAL01716,EMP0851,2023-07-27,8671.0,927,0,9598.0
SAL01717,EMP0852,2020-06-10,3394.0,39,0,3433.0
SAL01718,EMP0852,2022-06-10 00:00:00,3699.46,72,9,3771.46
SAL01719,EMP0852,2024-06-10 00:00:00,3995.42,408,8,4403.42
SAL01720,EMP0853,2022-05-07,9219.0,36,0,9255.0
SAL01721,EMP0853,2024-05-07 00:00:00,9864.33,171,7,10035.33
SAL01722,EMP0854,2024-09-24,15473.0,503,0,15976.0
SAL01723,EMP0854,2026-09-24 00:00:00,16865.57,60,9,16925.57
SAL01724,EMP0854,2027-09-24 00:00:00,17540.19,666,4,18206.19
SAL01725,EMP0855,2014-11-03,15167.0,7,0,15174.0
SAL01726,EMP0855,2015-11-03 00:00:00,16077.02,825,6,16902.02
SAL01727,EMP0855,2017-11-03 00:00:00,16720.1,134,4,16854.1
SAL01728,EMP0856,2023-05-08,21467.0,1674,0,23141.0
SAL01729,EMP0856,2024-05-08 00:00:00,22325.68,3343,4,25668.68
SAL01730,EMP0857,2013-08-23,6258.0,359,0,6617.0
SAL01731,EMP0857,2014-08-23 00:00:00,6696.06,122,7,6818.06
SAL01732,EMP0857,2016-08-23 00:00:00,7231.74,1026,8,8257.74
SAL01733,EMP0858,2021-12-03,20049.0,633,0,20682.0
SAL01734,EMP0858,2022-12-03 00:00:00,22053.9,2949,10,25002.9
SAL01735,EMP0859,2020-02-25,8517.0,1108,0,9625.0
SAL01736,EMP0859,2022-02-25 00:00:00,9028.02,772,6,9800.02
SAL01737,EMP0860,2015-10-06,5423.0,440,0,5863.0
SAL01738,EMP0861,2019-07-02,13086.0,1046,0,14132.0
SAL01739,EMP0861,2020-07-02 00:00:00,14263.74,1648,9,15911.74
SAL01740,EMP0861,2021-07-02 00:00:00,15547.48,799,9,16346.48
SAL01741,EMP0862,2022-04-04,11527.0,1684,0,13211.0
SAL01742,EMP0862,2024-04-04 00:00:00,12564.43,621,9,13185.43
SAL01743,EMP0862,2025-04-04 00:00:00,13318.3,799,6,14117.3
SAL01744,EMP0863,2015-04-25,6219.0,155,0,6374.0
SAL01745,EMP0863,2017-04-25 00:00:00,6778.71,114,9,6892.71
SAL01746,EMP0863,2018-04-25 00:00:00,6982.07,343,3,7325.07
SAL01747,EMP0864,2021-08-22,20657.0,1762,0,22419.0
SAL01748,EMP0864,2023-08-22 00:00:00,21689.85,3044,5,24733.85
SAL01749,EMP0864,2025-08-22 00:00:00,22340.55,2782,3,25122.55
SAL01750,EMP0865,2024-08-17,21197.0,515,0,21712.0
SAL01751,EMP0865,2025-08-17 00:00:00,22892.76,2296,8,25188.76
SAL01752,EMP0866,2023-02-06,4225.0,311,0,4536.0
SAL01753,EMP0866,2025-02-06 00:00:00,4605.25,558,9,5163.25
SAL01754,EMP0866,2026-02-06 00:00:00,4927.62,4,7,4931.62
SAL01755,EMP0867,2014-11-21,7383.0,223,0,7606.0
SAL01756,EMP0867,2015-11-21 00:00:00,7973.64,493,8,8466.64
SAL01757,EMP0868,2021-09-26,34888.0,2419,0,37307.0
SAL01758,EMP0868,2023-09-26 00:00:00,37330.16,5400,7,42730.16
SAL01759,EMP0868,2024-09-26 00:00:00,39943.27,1434,7,41377.27
SAL01760,EMP0869,2014-12-01,30217.0,3251,0,33468.0
SAL01761,EMP0869,2016-12-01 00:00:00,32936.53,4226,9,37162.53
SAL01762,EMP0870,2023-04-18,8095.0,468,0,8563.0
SAL01763,EMP0870,2024-04-18 00:00:00,8823.55,765,9,9588.55
SAL01764,EMP0871,2016-11-10,20029.0,1992,0,22021.0
SAL01765,EMP0871,2018-11-10 00:00:00,21230.74,2392,6,23622.74
SAL01766,EMP0871,2019-11-10 00:00:00,22292.28,162,5,22454.28
SAL01767,EMP0872,2015-05-30,14739.0,853,0,15592.0
SAL01768,EMP0872,2017-05-30 00:00:00,15918.12,349,8,16267.12
SAL01769,EMP0872,2018-05-30 00:00:00,17032.39,1536,7,18568.39
SAL01770,EMP0873,2014-09-21,10381.0,177,0,10558.0
SAL01771,EMP0873,2016-09-21 00:00:00,11211.48,911,8,12122.48
SAL01772,EMP0874,2022-05-13,21157.0,339,0,21496.0
SAL01773,EMP0874,2024-05-13 00:00:00,22426.42,987,6,23413.42
SAL01774,EMP0875,2025-03-08,5727.0,290,0,6017.0
SAL01775,EMP0875,2026-03-08 00:00:00,5898.81,213,3,6111.81
SAL01776,EMP0876,2026-05-16,7813.0,598,0,8411.0
SAL01777,EMP0876,2028-05-16 00:00:00,8281.78,780,6,9061.78
SAL01778,EMP0876,2029-05-16 00:00:00,8530.23,125,3,8655.23
SAL01779,EMP0877,2021-10-17,32942.0,1454,0,34396.0
SAL01780,EMP0878,2018-10-22,12905.0,1327,0,14232.0
SAL01781,EMP0879,2022-05-24,12543.0,1552,0,14095.0
SAL01782,EMP0879,2023-05-24 00:00:00,13797.3,1996,10,15793.3
SAL01783,EMP0880,2013-11-26,5129.0,734,0,5863.0
SAL01784,EMP0880,2014-11-26 00:00:00,5334.16,684,4,6018.16
SAL01785,EMP0880,2016-11-26 00:00:00,5600.87,138,5,5738.87
SAL01786,EMP0881,2025-11-28,13029.0,1800,0,14829.0
SAL01787,EMP0882,2022-10-02,8000.0,1033,0,9033.0
SAL01788,EMP0882,2024-10-02 00:00:00,8640.0,142,8,8782.0
SAL01789,EMP0882,2025-10-02 00:00:00,9417.6,58,9,9475.6
SAL01790,EMP0883,2022-10-26,6919.0,943,0,7862.0
SAL01791,EMP0883,2024-10-26 00:00:00,7334.14,668,6,8002.14
SAL01792,EMP0883,2026-10-26 00:00:00,7700.85,657,5,8357.85
SAL01793,EMP0884,2018-11-05,6952.0,493,0,7445.0
SAL01794,EMP0884,2019-11-05 00:00:00,7438.64,393,7,7831.64
SAL01795,EMP0884,2021-11-05 00:00:00,7661.8,830,3,8491.8
SAL01796,EMP0885,2023-01-09,8424.0,266,0,8690.0
SAL01797,EMP0885,2025-01-09 00:00:00,9097.92,2,8,9099.92
SAL01798,EMP0886,2019-10-27,5459.0,797,0,6256.0
SAL01799,EMP0887,2011-12-26,34321.0,991,0,35312.0
SAL01800,EMP0888,2022-04-17,18516.0,219,0,18735.0
SAL01801,EMP0888,2023-04-17 00:00:00,19812.12,378,7,20190.12
SAL01802,EMP0888,2025-04-17 00:00:00,21397.09,2926,8,24323.09
SAL01803,EMP0889,2016-03-07,14465.0,62,0,14527.0
SAL01804,EMP0889,2018-03-07 00:00:00,15188.25,524,5,15712.25
SAL01805,EMP0889,2019-03-07 00:00:00,16099.55,1485,6,17584.54
SAL01806,EMP0890,2020-09-29,8860.0,387,0,9247.0
SAL01807,EMP0890,2021-09-29 00:00:00,9303.0,710,5,10013.0
SAL01808,EMP0891,2024-03-08,7590.0,668,0,8258.0
SAL01809,EMP0892,2026-05-31,13281.0,1453,0,14734.0
SAL01810,EMP0892,2027-05-31 00:00:00,13679.43,1383,3,15062.43
SAL01811,EMP0892,2029-05-31 00:00:00,15047.37,1938,10,16985.37
SAL01812,EMP0893,2012-05-08,6224.0,539,0,6763.0
SAL01813,EMP0893,2014-05-08 00:00:00,6535.2,290,5,6825.2
SAL01814,EMP0894,2025-03-22,3197.0,457,0,3654.0
SAL01815,EMP0894,2026-03-22 00:00:00,3388.82,502,6,3890.82
SAL01816,EMP0894,2028-03-22 00:00:00,3524.37,411,4,3935.37
SAL01817,EMP0895,2020-02-08,22542.0,506,0,23048.0
SAL01818,EMP0896,2015-03-15,15134.0,805,0,15939.0
SAL01819,EMP0896,2017-03-15 00:00:00,16344.72,972,8,17316.72
SAL01820,EMP0897,2014-08-04,17747.0,855,0,18602.0
SAL01821,EMP0897,2015-08-04 00:00:00,18456.88,1217,4,19673.88
SAL01822,EMP0898,2014-04-25,13323.0,1127,0,14450.0
SAL01823,EMP0898,2015-04-25 00:00:00,13722.69,916,3,14638.69
SAL01824,EMP0898,2017-04-25 00:00:00,14546.05,686,6,15232.05
SAL01825,EMP0899,2016-11-19,5710.0,55,0,5765.0
SAL01826,EMP0900,2012-12-12,14200.0,579,0,14779.0
SAL01827,EMP0900,2013-12-12 00:00:00,14626.0,838,3,15464.0
SAL01828,EMP0901,2025-05-07,11222.0,570,0,11792.0
SAL01829,EMP0902,2024-02-11,20201.0,1705,0,21906.0
SAL01830,EMP0902,2026-02-11 00:00:00,22019.09,752,9,22771.09
SAL01831,EMP0902,2028-02-11 00:00:00,23780.62,1823,8,25603.62
SAL01832,EMP0903,2021-11-28,6112.0,709,0,6821.0
SAL01833,EMP0903,2023-11-28 00:00:00,6417.6,342,5,6759.6
SAL01834,EMP0903,2025-11-28 00:00:00,6931.01,366,8,7297.01
SAL01835,EMP0904,2019-04-16,6720.0,257,0,6977.0
SAL01836,EMP0904,2021-04-16 00:00:00,7324.8,608,9,7932.8
SAL01837,EMP0904,2023-04-16 00:00:00,7837.54,208,7,8045.54
SAL01838,EMP0905,2021-06-01,28412.0,408,0,28820.0
SAL01839,EMP0905,2022-06-01 00:00:00,29832.6,3834,5,33666.6
SAL01840,EMP0905,2023-06-01 00:00:00,32219.21,4144,8,36363.21
SAL01841,EMP0906,2019-06-01,4124.0,121,0,4245.0
SAL01842,EMP0906,2020-06-01 00:00:00,4371.44,137,6,4508.44
SAL01843,EMP0907,2025-12-18,20363.0,2035,0,22398.0
SAL01844,EMP0907,2026-12-18 00:00:00,21381.15,2580,5,23961.15
SAL01845,EMP0908,2022-05-28,33101.0,1586,0,34687.0
SAL01846,EMP0909,2013-01-09,5733.0,13,0,5746.0
SAL01847,EMP0910,2019-09-23,13219.0,1866,0,15085.0
SAL01848,EMP0910,2020-09-23 00:00:00,14540.9,319,10,14859.9
SAL01849,EMP0911,2012-06-06,12704.0,1216,0,13920.0
SAL01850,EMP0911,2013-06-06 00:00:00,13720.32,320,8,14040.32
SAL01851,EMP0912,2016-09-02,11407.0,332,0,11739.0
SAL01852,EMP0912,2018-09-02 00:00:00,12319.56,1243,8,13562.56
SAL01853,EMP0913,2015-03-18,17803.0,103,0,17906.0
SAL01854,EMP0913,2017-03-18 00:00:00,19227.24,1901,8,21128.24
SAL01855,EMP0914,2012-08-11,13120.0,142,0,13262.0
SAL01856,EMP0914,2013-08-11 00:00:00,13907.2,1164,6,15071.2
SAL01857,EMP0915,2017-09-27,16971.0,768,0,17739.0
SAL01858,EMP0915,2019-09-27 00:00:00,17819.55,1564,5,19383.55
SAL01859,EMP0916,2014-02-18,21570.0,104,0,21674.0
SAL01860,EMP0916,2015-02-18 00:00:00,22648.5,1851,5,24499.5
SAL01861,EMP0917,2013-12-07,8983.0,1156,0,10139.0
SAL01862,EMP0918,2025-01-29,11279.0,571,0,11850.0
SAL01863,EMP0919,2013-02-19,7983.0,951,0,8934.0
SAL01864,EMP0920,2012-09-06,15302.0,2236,0,17538.0
SAL01865,EMP0920,2013-09-06 00:00:00,16526.16,1211,8,17737.16
SAL01866,EMP0921,2024-10-03,8704.0,446,0,9150.0
SAL01867,EMP0921,2025-10-03 00:00:00,9226.24,746,6,9972.24
SAL01868,EMP0922,2022-01-08,13471.0,407,0,13878.0
SAL01869,EMP0922,2023-01-08 00:00:00,14009.84,176,4,14185.84
SAL01870,EMP0922,2024-01-08 00:00:00,14990.53,327,7,15317.53
SAL01871,EMP0923,2026-01-20,3989.0,540,0,4529.0
SAL01872,EMP0923,2027-01-20 00:00:00,4148.56,230,4,4378.56
SAL01873,EMP0923,2029-01-20 00:00:00,4355.99,330,5,4685.99
SAL01874,EMP0924,2023-03-09,12778.0,297,0,13075.0
SAL01875,EMP0925,2013-09-09,20683.0,1976,0,22659.0
SAL01876,EMP0925,2015-09-09 00:00:00,22544.47,3305,9,25849.47
SAL01877,EMP0926,2017-01-07,14601.0,995,0,15596.0
SAL01878,EMP0926,2019-01-07 00:00:00,16061.1,1011,10,17072.1
SAL01879,EMP0926,2021-01-07 00:00:00,16864.16,201,5,17065.16
SAL01880,EMP0927,2020-10-21,9463.0,177,0,9640.0
SAL01881,EMP0928,2019-08-09,20166.0,1926,0,22092.0
SAL01882,EMP0928,2021-08-09 00:00:00,21779.28,368,8,22147.28
SAL01883,EMP0928,2022-08-09 00:00:00,23739.42,3417,9,27156.42
SAL01884,EMP0929,2012-10-20,18105.0,924,0,19029.0
SAL01885,EMP0929,2013-10-20 00:00:00,19372.35,302,7,19674.35
SAL01886,EMP0930,2020-08-17,18130.0,302,0,18432.0
SAL01887,EMP0931,2016-03-03,14280.0,133,0,14413.0
SAL01888,EMP0931,2018-03-03 00:00:00,15565.2,157,9,15722.2
SAL01889,EMP0931,2019-03-03 00:00:00,17121.72,443,10,17564.72
SAL01890,EMP0932,2013-01-25,15108.0,908,0,16016.0
SAL01891,EMP0932,2015-01-25 00:00:00,16618.8,1084,10,17702.8
SAL01892,EMP0933,2014-01-24,21082.0,328,0,21410.0
SAL01893,EMP0934,2026-03-26,29077.0,3232,0,32309.0
SAL01894,EMP0934,2028-03-26 00:00:00,31693.93,271,9,31964.93
SAL01895,EMP0935,2018-05-23,9961.0,1099,0,11060.0
SAL01896,EMP0935,2020-05-23 00:00:00,10857.49,226,9,11083.49
SAL01897,EMP0936,2017-05-19,5664.0,413,0,6077.0
SAL01898,EMP0937,2016-07-19,6985.0,437,0,7422.0
SAL01899,EMP0937,2017-07-19 00:00:00,7404.1,910,6,8314.1
SAL01900,EMP0938,2022-12-17,5212.0,384,0,5596.0
SAL01901,EMP0938,2023-12-17 00:00:00,5628.96,48,8,5676.96
SAL01902,EMP0939,2023-01-19,12270.0,931,0,13201.0
SAL01903,EMP0940,2022-01-16,8221.0,597,0,8818.0
SAL01904,EMP0940,2024-01-16 00:00:00,8796.47,284,7,9080.47
SAL01905,EMP0940,2026-01-16 00:00:00,9500.19,428,8,9928.19
SAL01906,EMP0941,2012-11-14,6173.0,377,0,6550.0
SAL01907,EMP0941,2014-11-14 00:00:00,6481.65,598,5,7079.65
SAL01908,EMP0942,2019-09-13,13993.0,151,0,14144.0
SAL01909,EMP0942,2020-09-13 00:00:00,14552.72,282,4,14834.72
SAL01910,EMP0942,2022-09-13 00:00:00,14989.3,1008,3,15997.3
SAL01911,EMP0943,2023-03-25,3279.0,254,0,3533.0
SAL01912,EMP0943,2025-03-25 00:00:00,3410.16,294,4,3704.16
SAL01913,EMP0944,2025-01-11,11375.0,615,0,11990.0
SAL01914,EMP0945,2013-11-26,6554.0,313,0,6867.0
SAL01915,EMP0946,2024-10-11,4298.0,156,0,4454.0
SAL01916,EMP0946,2026-10-11 00:00:00,4684.82,347,9,5031.82
SAL01917,EMP0947,2023-01-01,19645.0,80,0,19725.0
SAL01918,EMP0947,2025-01-01 00:00:00,20823.7,1229,6,22052.7
SAL01919,EMP0948,2014-12-11,3686.0,340,0,4026.0
SAL01920,EMP0948,2016-12-11 00:00:00,4017.74,5,9,4022.74
SAL01921,EMP0948,2017-12-11 00:00:00,4258.8,162,6,4420.8
SAL01922,EMP0949,2015-03-17,15643.0,977,0,16620.0
SAL01923,EMP0949,2017-03-17 00:00:00,17050.87,2302,9,19352.87
SAL01924,EMP0950,2024-11-18,6042.0,608,0,6650.0
SAL01925,EMP0950,2025-11-18 00:00:00,6464.94,406,7,6870.94
SAL01926,EMP0950,2027-11-18 00:00:00,6658.89,624,3,7282.89
SAL01927,EMP0951,2014-11-11,5894.0,868,0,6762.0
SAL01928,EMP0951,2016-11-11 00:00:00,6129.76,145,4,6274.76
SAL01929,EMP0951,2017-11-11 00:00:00,6497.55,644,6,7141.55
SAL01930,EMP0952,2024-01-01,28642.0,3908,0,32550.0
SAL01931,EMP0952,2026-01-01 00:00:00,29787.68,750,4,30537.68
SAL01932,EMP0952,2027-01-01 00:00:00,32766.45,1522,10,34288.45
SAL01933,EMP0953,2022-01-28,6519.0,464,0,6983.0
SAL01934,EMP0953,2023-01-28 00:00:00,6975.33,222,7,7197.33
SAL01935,EMP0954,2025-07-31,15100.0,265,0,15365.0
SAL01936,EMP0954,2026-07-31 00:00:00,15553.0,408,3,15961.0
SAL01937,EMP0955,2011-10-04,7334.0,468,0,7802.0
SAL01938,EMP0955,2013-10-04 00:00:00,7847.38,1085,7,8932.38
SAL01939,EMP0955,2015-10-04 00:00:00,8396.7,418,7,8814.7
SAL01940,EMP0956,2025-12-01,9541.0,177,0,9718.0
SAL01941,EMP0956,2027-12-01 00:00:00,10208.87,1131,7,11339.87
SAL01942,EMP0956,2029-12-01 00:00:00,11229.76,297,10,11526.76
SAL01943,EMP0957,2021-03-15,19248.0,1590,0,20838.0
SAL01944,EMP0958,2022-04-01,14349.0,1372,0,15721.0
SAL01945,EMP0958,2024-04-01 00:00:00,15783.9,1326,10,17109.9
SAL01946,EMP0958,2025-04-01 00:00:00,16888.77,476,7,17364.77
SAL01947,EMP0959,2017-04-03,30665.0,3640,0,34305.0
SAL01948,EMP0959,2019-04-03 00:00:00,32198.25,236,5,32434.25
SAL01949,EMP0960,2014-04-14,14970.0,1187,0,16157.0
SAL01950,EMP0961,2025-06-12,9624.0,775,0,10399.0
SAL01951,EMP0961,2026-06-12 00:00:00,10297.68,1103,7,11400.68
SAL01952,EMP0962,2019-10-22,7630.0,748,0,8378.0
SAL01953,EMP0962,2020-10-22 00:00:00,8316.7,570,9,8886.7
SAL01954,EMP0963,2020-01-20,4869.0,98,0,4967.0
SAL01955,EMP0963,2021-01-20 00:00:00,5258.52,284,8,5542.52
SAL01956,EMP0963,2022-01-20 00:00:00,5574.03,312,6,5886.03
SAL01957,EMP0964,2024-10-17,32812.0,4799,0,37611.0
SAL01958,EMP0965,2011-08-17,29656.0,1057,0,30713.0
SAL01959,EMP0966,2017-05-02,13775.0,1628,0,15403.0
SAL01960,EMP0967,2017-04-26,23119.0,1309,0,24428.0
SAL01961,EMP0967,2018-04-26 00:00:00,24043.76,2678,4,26721.76
SAL01962,EMP0968,2013-12-09,16408.0,2170,0,18578.0
SAL01963,EMP0969,2018-01-07,10691.0,373,0,11064.0
SAL01964,EMP0969,2020-01-07 00:00:00,11225.55,1128,5,12353.55
SAL01965,EMP0970,2012-04-16,7438.0,23,0,7461.0
SAL01966,EMP0970,2014-04-16 00:00:00,7735.52,1084,4,8819.52
SAL01967,EMP0971,2025-08-24,8467.0,753,0,9220.0
SAL01968,EMP0971,2026-08-24 00:00:00,8805.68,360,4,9165.68
SAL01969,EMP0971,2027-08-24 00:00:00,9598.19,1041,9,10639.19
SAL01970,EMP0972,2018-05-30,10198.0,1229,0,11427.0
SAL01971,EMP0972,2019-05-30 00:00:00,11115.82,1607,9,12722.82
SAL01972,EMP0973,2014-10-06,13325.0,1382,0,14707.0
SAL01973,EMP0973,2015-10-06 00:00:00,14391.0,1172,8,15563.0
SAL01974,EMP0973,2016-10-06 00:00:00,15110.55,2102,5,17212.55
SAL01975,EMP0974,2015-05-04,12121.0,1202,0,13323.0
SAL01976,EMP0974,2016-05-04 00:00:00,12969.47,875,7,13844.47
SAL01977,EMP0974,2017-05-04 00:00:00,13747.64,1670,6,15417.64
SAL01978,EMP0975,2017-05-07,10207.0,514,0,10721.0
SAL01979,EMP0975,2019-05-07 00:00:00,11125.63,828,9,11953.63
SAL01980,EMP0976,2013-10-05,9040.0,215,0,9255.0
SAL01981,EMP0976,2014-10-05 00:00:00,9763.2,665,8,10428.2
SAL01982,EMP0976,2016-10-05 00:00:00,10348.99,39,6,10387.99
SAL01983,EMP0977,2013-02-03,21899.0,1828,0,23727.0
SAL01984,EMP0977,2014-02-03 00:00:00,23212.94,554,6,23766.94
SAL01985,EMP0977,2015-02-03 00:00:00,24141.46,2054,4,26195.46
SAL01986,EMP0978,2026-06-07,29238.0,662,0,29900.0
SAL01987,EMP0979,2025-02-19,30948.0,276,0,31224.0
SAL01988,EMP0979,2027-02-19 00:00:00,32495.4,2338,5,34833.4
SAL01989,EMP0980,2011-10-18,5850.0,545,0,6395.0
SAL01990,EMP0981,2021-09-20,6541.0,739,0,7280.0
SAL01991,EMP0981,2022-09-20 00:00:00,6933.46,979,6,7912.46
SAL01992,EMP0981,2023-09-20 00:00:00,7280.13,97,5,7377.13
SAL01993,EMP0982,2025-09-04,9097.0,718,0,9815.0
SAL01994,EMP0982,2026-09-04 00:00:00,9551.85,666,5,10217.85
SAL01995,EMP0983,2025-03-09,4358.0,566,0,4924.0
SAL01996,EMP0984,2020-11-15,34362.0,1381,0,35743.0
SAL01997,EMP0984,2022-11-15 00:00:00,37798.2,4311,10,42109.2
SAL01998,EMP0984,2023-11-15 00:00:00,39688.11,1205,5,40893.11
SAL01999,EMP0985,2024-12-04,9512.0,451,0,9963.0
SAL02000,EMP0985,2025-12-04 00:00:00,10082.72,856,6,10938.72
SAL02001,EMP0985,2026-12-04 00:00:00,10990.16,25,9,11015.16
SAL02002,EMP0986,2022-06-26,16840.0,2435,0,19275.0
SAL02003,EMP0986,2024-06-26 00:00:00,17345.2,1950,3,19295.2
SAL02004,EMP0987,2025-09-18,26536.0,3161,0,29697.0
SAL02005,EMP0987,2026-09-18 00:00:00,27332.08,1645,3,28977.08
SAL02006,EMP0988,2024-09-07,3836.0,223,0,4059.0
SAL02007,EMP0988,2025-09-07 00:00:00,4066.16,419,6,4485.16
SAL02008,EMP0989,2023-09-04,4396.0,531,0,4927.0
SAL02009,EMP0989,2025-09-04 00:00:00,4571.84,416,4,4987.84
SAL02010,EMP0989,2027-09-04 00:00:00,4709.0,75,3,4784.0
SAL02011,EMP0990,2012-10-16,34156.0,2129,0,36285.0
SAL02012,EMP0990,2013-10-16 00:00:00,36205.36,4479,6,40684.36
SAL02013,EMP0990,2014-10-16 00:00:00,38377.68,999,6,39376.68
SAL02014,EMP0991,2017-10-11,18578.0,2480,0,21058.0
SAL02015,EMP0992,2012-11-19,4546.0,342,0,4888.0
SAL02016,EMP0993,2026-04-03,11413.0,1293,0,12706.0
SAL02017,EMP0993,2028-04-03 00:00:00,11869.52,1327,4,13196.52
SAL02018,EMP0994,2024-03-04,3539.0,388,0,3927.0
SAL02019,EMP0995,2016-01-17,5483.0,644,0,6127.0
SAL02020,EMP0995,2018-01-17 00:00:00,5811.98,506,6,6317.98
SAL02021,EMP0995,2020-01-17 00:00:00,6393.18,329,10,6722.18
SAL02022,EMP0996,2018-12-18,28403.0,1898,0,30301.0
SAL02023,EMP0996,2019-12-18 00:00:00,29539.12,1690,4,31229.12
SAL02024,EMP0996,2020-12-18 00:00:00,32493.03,1658,10,34151.03
SAL02025,EMP0997,2020-07-26,6018.0,445,0,6463.0
SAL02026,EMP0997,2021-07-26 00:00:00,6258.72,177,4,6435.72
SAL02027,EMP0997,2022-07-26 00:00:00,6696.83,912,7,7608.83
SAL02028,EMP0998,2015-04-07,4341.0,640,0,4981.0
SAL02029,EMP0998,2017-04-07 00:00:00,4775.1,209,10,4984.1
SAL02030,EMP0999,2016-10-01,6333.0,535,0,6868.0
SAL02031,EMP0999,2017-10-01 00:00:00,6966.3,861,10,7827.3
SAL02032,EMP1000,2024-03-27,5165.0,597,0,5762.0
SAL02033,EMP1000,2026-03-27 00:00:00,5526.55,394,7,5920.55
